Mean_Acc,Std_Acc,Mean_Abs_Jerk,Dominant_Freq,Activity_Label
0.00226869044134375,0.002941028955878465,0.07174583050551181,0.390625,5
0.00017373955275000003,0.0019809172471986166,0.06614151539527557,7.03125,5
0.000428091215703125,0.002908354835315758,0.0913298703937008,0.78125,5
0.00032935231273437495,0.0026779500705856186,0.07350100980314958,0.390625,5
-0.00019515715203125,0.0020154352801774497,0.06073012901968505,7.03125,5
-7.7691765703125e-05,0.0022755251968116634,0.06746480767716534,2.734375,5
0.00038704339601562497,0.0024094828200060397,0.06484013874015748,3.515625,5
-2.9529718359375004e-05,0.0025265660600622287,0.07001590531496063,0.390625,5
-5.8185086242187456e-05,0.002277624965426367,0.06239907740944881,0.390625,5
0.0006202866657109375,0.0030948046512915294,0.08678650063779526,4.6875,5
-0.0001433272791015625,0.003091026236575073,0.08821640543307085,3.125,5
-0.0002777131511328125,0.0019807024869717476,0.05078756810236219,0.390625,5
0.000181605713125,0.001693014333339601,0.044318597401574816,0.78125,5
-8.259614593749998e-05,0.0016757158984108728,0.05637557536220472,5.859375,5
0.0041978554525,0.005089229427737445,0.09217965397637796,0.390625,5
0.00033543391312500004,0.002436021501012157,0.06781648996062989,0.78125,5
0.0003014134542734375,0.002402971923654172,0.07392583072440945,2.34375,5
0.0005273885559921876,0.0021590301452530784,0.07074026253543306,3.515625,5
3.2003923281249995e-05,0.0022251121586074184,0.06479523070078741,3.125,5
-0.000413725171328125,0.0021213384946970415,0.05834693391338583,3.90625,5
-2.8958115234374915e-06,0.0020912884124219774,0.06341862692913385,4.6875,5
-8.72514912109375e-05,0.00213692685696509,0.06881491435433071,1.5625,5
-0.00039144398414843755,0.002104923578691578,0.06696640312598426,1.953125,5
0.0003347643424140625,0.0019343112462554726,0.058811574314960625,3.125,5
0.0008531180974218751,0.0018875172438124871,0.057168209275590555,0.390625,5
0.00029199637578125007,0.0020409822012798927,0.06580967043307086,5.078125,5
-0.00037946079296875,0.001654153863013403,0.0606915646062992,8.203125,5
-0.027423536419375,0.0323846401659806,0.12873350976377954,0.390625,4
0.001994011503804687,0.006942259779886849,0.08334502803149607,0.390625,4
0.0004990939870546875,0.003737227171066631,0.06804490165039369,0.390625,4
-0.011484648267375,0.06137920493300782,0.48072618275275575,1.171875,4
-0.065796853784375,0.07960462858803899,0.8220691029527557,0.390625,4
-0.054337738488281245,0.06334380036536458,0.4059753287401575,0.390625,4
0.005381491798437499,0.015489910718391486,0.10330791964566927,0.390625,4
0.0027169522732812504,0.008735355362029225,0.07740943470866142,0.390625,4
-0.001374050682734375,0.0034014138638945313,0.05192929209842521,0.390625,4
0.00040755258203124995,0.0026829839201007533,0.05821697281102362,0.390625,4
-0.00025082533100000007,0.0028443492123047726,0.06501064808661418,0.390625,4
-0.008330132995703125,0.007900681809482338,0.11984974026771653,0.390625,4
-0.000920636948203125,0.004395963888342484,0.08548123529921259,0.390625,4
0.0008098211644531252,0.0028797184456594523,0.07242451869291339,4.296875,4
0.00017650587773437496,0.0032285126542616876,0.07941933426771654,0.78125,4
-0.000864749218359375,0.00286749798527443,0.07123368198425198,2.734375,4
0.00030507930367187506,0.0030251182146375974,0.06319967236220471,0.390625,4
0.00021088929281250004,0.003113754473134411,0.07478838291732284,0.390625,4
-0.00088498266171875,0.0027475625310188615,0.0868684168425197,4.6875,4
0.00019832224375000002,0.0024984895294714467,0.08569339381889762,11.328125,4
-2.3607622890625025e-05,0.0025689060562250387,0.08032494850393701,0.390625,4
-0.0007491433842968751,0.002744925715934563,0.07841968393700788,0.78125,4
0.00035600353703125,0.0027565775965170173,0.07499033885039372,0.390625,4
0.00031147680328125004,0.0027949956100041754,0.07786815802362206,0.390625,4
0.02594527010703125,0.028982798442480563,0.24895002503937008,0.390625,6
0.00016433907390624993,0.006305499551982457,0.08322146322834645,0.390625,6
-0.00021030541984375,0.0032918436610354764,0.07070088019685039,0.390625,6
0.000411954247890625,0.002663758217202885,0.07467292720472442,3.90625,6
-0.00021613294820312497,0.0024566042082849802,0.06796998581889765,4.296875,6
0.00011284470234375002,0.0030544551669752533,0.07859901361417322,3.90625,6
8.877444531250001e-05,0.003217149528251575,0.08072389196850392,3.90625,6
0.000542123979375,0.0025538599160078827,0.06734877653543307,3.515625,6
0.000876250824453125,0.0026146424701392226,0.07100375244094487,3.515625,6
-0.00017441823031250005,0.0030997646679985905,0.0793431277952756,4.296875,6
-0.0003487243788281249,0.0028659358691009874,0.08323797381889762,3.90625,6
5.243606835937507e-05,0.0026612334566261087,0.08253071433070865,3.90625,6
0.0003699950624218751,0.0029545452771974623,0.08897991000000001,3.90625,6
-0.05328415757242187,0.11102895906646554,0.43518364824409445,0.390625,6
0.012907400220546875,0.014812501821879025,0.13397876162992123,0.390625,6
-0.09150014925390626,0.12014184533790168,0.550753440551181,0.390625,6
-0.10647745084765625,0.11878585186686824,0.654434061023622,0.390625,6
0.01430050457421875,0.06487600599842079,0.25378744881889764,0.390625,6
0.005411150796874997,0.08038093554787767,0.8178433858267716,0.390625,6
-0.13164047967187498,0.13106230205851233,1.8790508267716535,0.390625,6
-0.11430105605234375,0.13202715943468477,1.516808357480315,0.390625,6
-0.00414207125390625,0.027411596061232602,0.41937031968503935,0.390625,6
-0.00015169876757812505,0.008728667699147537,0.16833193499999996,0.390625,6
-0.0018392330276562501,0.006043184556531097,0.15339785870078737,0.390625,6
0.00158425133,0.0028711289069701675,0.08238114527559055,7.421875,6
0.0012161961604374998,0.0031670860261068037,0.08969154702204726,2.34375,6
-0.0009373875487031251,0.003637903989408782,0.11035786988818896,2.734375,6
0.0009161932421875019,0.21880245354852407,4.3772301700787395,1.5625,1
-0.0044791686873437535,0.2508656573222688,5.397349223700789,1.953125,1
-0.00467979327328125,0.2359944990564622,4.931349222913385,1.953125,1
0.013559022351562502,0.25063373076005857,5.048378788976379,1.953125,1
-0.000275332171875,0.2517167994727415,4.585689395275592,1.953125,1
-0.004555941093749998,0.25237698507416406,4.357676157480315,1.953125,1
0.0089777156953125,0.249328805207259,5.052932534645669,2.734375,1
-0.008842896539062499,0.24507921225294227,5.3776431960629925,2.734375,1
0.0072248367093750016,0.21077044523833188,4.04840779527559,1.5625,1
-0.0001360892335937505,0.23994798214081206,4.735233283464567,1.953125,1
-0.014893122632031247,0.24067192060497006,4.793004614173228,1.953125,1
0.006062941320312503,0.24768664181915925,5.166878118110238,1.953125,1
0.0008114374921875025,0.2600026501221344,5.0059969291338575,1.953125,1
0.005421913046874997,0.27046172482534286,4.906903976377953,1.953125,1
0.015789317359375,0.25759145764214414,5.252128877952756,1.953125,1
-0.011391714828124998,0.25366912267946773,5.567410232283464,1.953125,1
-0.013002562359375,0.25853271014202855,5.615870685039369,1.953125,1
0.010250625476562497,0.24457477709580658,5.355424102362206,1.953125,1
0.014731338000000002,0.2269433010315291,5.372190029921259,1.5625,1
-0.0026572125757812477,0.20748917718977186,4.876619295275591,1.5625,1
0.001389337375000002,0.2656758129498847,5.29134322598425,1.953125,1
-0.011509409421875,0.28888892100893804,5.80846841574803,1.953125,1
0.0027605971015625024,0.2799395689613335,5.580173605511812,1.953125,1
-0.003399304445312495,0.26962590591617763,5.509612292913386,1.953125,1
-0.0051830808789062495,0.24827065551760719,4.7790478503937015,1.953125,1
0.01673599684765625,0.243663346218037,4.966015429133858,1.953125,1
-0.004253665031249998,0.25059488658259993,4.875178586614172,1.953125,1
0.004323237851562498,0.26093044298496715,4.829060999999999,1.953125,1
0.006279279468749998,0.26073869635953745,5.454585070866142,1.953125,1
-0.0152528772421875,0.24511877220507566,5.282426011023622,1.953125,1
0.0006151886098437504,0.23637422724220458,4.951726100000001,1.953125,1
0.01125068197703125,0.22990717375522296,5.157029990551182,1.953125,1
0.0019483710078125002,0.2239944719507759,5.114720011023622,2.734375,1
0.004949722148437497,0.26729094076296944,5.418613385826772,1.953125,1
-0.0064887757421874985,0.2532650672898071,5.373032023622048,1.953125,1
0.003121839545703123,0.24331536179268637,5.009840151968505,1.953125,1
0.011125118522265626,0.2454577660804041,4.814349490551181,1.953125,1
-0.015572538398437497,0.2535961895389808,4.797544142519684,1.953125,1
0.005370283031249999,0.25536335945953614,5.175258642519685,2.734375,1
0.016819867666406252,0.23999456583903597,5.20407743543307,2.734375,1
-0.010952823669531249,0.19787509347199608,4.1261852960629914,1.953125,1
-0.0077522440468750006,0.2050468629175141,4.491449351181103,1.953125,1
0.0025042341718749988,0.2056890207174202,4.672599700787401,1.953125,1
0.006332780710937504,0.1829700451996065,4.079049881889764,2.34375,1
0.010281299133593748,0.20620021260140708,4.834204728425198,5.078125,1
-0.008071096296093754,0.22150267445286487,4.882383417401574,2.734375,1
-0.020068441409375002,0.2031829750174565,4.3238068847244095,1.5625,1
0.016667720390625,0.2693835079416706,3.9798411913385827,1.5625,3
0.004974657196874996,0.31205265687264666,4.9606039685039365,1.5625,3
0.0008193714859375013,0.294407484151497,4.98151161023622,1.5625,3
-0.0007460159453124993,0.2818774400981481,4.75567976456693,1.5625,3
0.004612375603125,0.34746154911696325,5.588768619842519,1.5625,3
-0.002514590029687503,0.36399708913028833,5.688338288346458,1.5625,3
1.1816437500002802e-05,0.3180017876291472,4.752344860629921,1.5625,3
-0.0022041602914062456,0.30887346750604155,4.180348868503937,1.5625,3
-0.01378171267421875,0.3042620672165659,4.337994895275592,1.5625,3
0.0015739015624999988,0.36484712694923066,6.504300952755905,1.953125,3
0.03964376218750001,0.3624114737338758,6.285580909448818,1.5625,3
-0.008715430625,0.35711260785504284,6.356962417322834,1.953125,3
-0.022805336328125002,0.3421674782790248,5.862957417322834,1.953125,3
0.034630883125000005,0.3633003721969795,5.594719811023623,1.5625,3
-0.009433665937499999,0.34565588662277297,5.286969393700788,1.953125,3
0.0007776907812500032,0.3725015578780528,6.022405015748031,1.953125,3
0.017497640937499996,0.40580600447791615,6.267815507874016,1.953125,3
0.032449703035156256,0.3504334149623529,5.861496952755906,1.953125,3
0.015172298304687503,0.3496966312685973,5.575719724409448,1.953125,3
-0.030317480273437503,0.2902548095540717,5.699980946456692,1.953125,3
0.007254149343750002,0.33355072212956477,6.143480325984251,1.953125,3
0.0305783176796875,0.3571611700678676,5.304796484251968,1.5625,3
-0.0020767023515625,0.31169490571745856,5.455489474803148,1.5625,3
-0.025385354062500004,0.3173907283411262,5.65830842125984,1.5625,3
-0.0148840284921875,0.33129173775767284,5.15383701496063,1.5625,3
-0.019365826148437498,0.2061045763896545,3.402835485039369,1.5625,2
0.0003311659124999979,0.2088502489670992,3.223664588976378,1.5625,2
0.004860752998437504,0.20767417508478886,2.7520900811023616,1.5625,2
0.0032633286093750047,0.20589696703601143,2.7254882661417326,1.5625,2
-0.00974058582578125,0.21654536049350534,3.3015271102362203,1.5625,2
-0.02453581934140625,0.19364286169595335,3.015534980314961,1.5625,2
-0.012845104656249998,0.19340924072156607,3.126098791338583,1.5625,2
-0.001256753062500002,0.21445984273394383,3.4336727716535433,1.5625,2
-0.0281747392734375,0.24915309704782954,4.047310372440944,1.5625,2
-0.009503681187499996,0.2225207125927179,3.2992338110236226,1.5625,2
0.003733589273437501,0.2094689348446665,3.016427677165354,1.5625,2
0.013705842546874996,0.20815348719554358,3.2622947007874012,1.5625,2
0.011420323304687502,0.18668283624713777,2.9818993992125984,1.5625,2
0.008067186468749998,0.1886419318462132,3.0969441338582673,1.5625,2
-0.0006843576148437497,0.19674109268669007,3.076719374015748,1.5625,2
-0.0035511262164062488,0.1846382978720375,2.587898476377953,1.5625,2
2.7888034374999593e-05,0.17696414911247463,2.3489486007874016,1.5625,2
-0.010581873992187503,0.21147367148595736,2.914926520472441,1.5625,2
-0.0037036680078125044,0.21105221736584726,3.117417952755905,1.5625,2
0.0136945709703125,0.19653952597818347,2.821412753700787,1.5625,2
0.0191540819078125,0.18178243936930172,2.6922110623622055,1.5625,2
-0.0008989582163281221,0.18065463092610545,2.8190070330708665,1.5625,2
-0.009547745458515625,0.17264277355810087,2.509331086614173,1.5625,2
-0.0056302246484374995,0.19936007754497134,2.909739905511811,1.5625,2
-0.009734895765625001,0.20807142993432523,2.973272692913386,1.5625,2
-0.009867189585156247,0.21381765311882045,3.116610393700787,1.5625,2
-0.0034650737898437502,0.009916954594235012,0.07367050858267714,0.390625,5
0.0025226884015624998,0.003157824636641792,0.08646479338582677,0.390625,5
0.001429286760078125,0.003210194565093608,0.09066159291338581,0.390625,5
0.0015865402784375,0.003300072302031721,0.08700734366141731,0.78125,5
-0.001067317126328125,0.0045552393129281174,0.08871814515748032,0.390625,5
-0.002425569422578125,0.0037827982585235662,0.09513185535433072,0.390625,5
0.00017521801031249997,0.003304089531285062,0.09142062125984252,0.78125,5
0.00038110216882812506,0.0023893922144267257,0.07093489165354332,0.390625,5
-0.00047707748664062495,0.0027789459663344848,0.08484263070866145,6.25,5
-0.00014450701609375,0.00285927676570947,0.09282298725196851,5.859375,5
0.00034331670609375007,0.0019681857360351117,0.06275761544094488,1.953125,5
0.00026214847515625004,0.0019438217572964804,0.056073170039370075,1.953125,5
-0.000802392853515625,0.0024156905065677143,0.05613736918110236,0.390625,5
-0.0007474036864921875,0.00276299770954423,0.05804163315669291,1.953125,5
0.009229803396015627,0.011251558065244105,0.10334689409448819,0.390625,5
-0.000628456505859375,0.0033774421049471764,0.07894658968503934,0.390625,5
-0.0007767816181249999,0.0019205743217857018,0.06343602271653544,0.390625,5
-0.00019229026382812497,0.002197608269130888,0.067011622007874,4.6875,5
-0.0006619070447976562,0.002354972957191041,0.07991024667393701,0.390625,5
-0.0005815822062039061,0.001912889177379593,0.06807255525661417,0.390625,5
0.00023589166789843752,0.0020480097441276813,0.063431841496063,0.78125,5
0.00037182240899218745,0.0020935809253523345,0.061431353070866154,0.390625,5
-4.785704382812503e-05,0.002104144740411161,0.061033038228346465,3.515625,5
7.975273085937502e-05,0.0023096840695703514,0.06480609136220472,1.953125,5
0.000495066469296875,0.002054233152489548,0.04928771049606299,0.78125,5
0.00043799186015625003,0.0018168368989631947,0.04688850358267717,1.5625,5
-0.0030086814539843744,0.017538381802615702,0.0862242853937008,0.390625,4
0.00423327007875,0.004702103927199155,0.0600438874566929,0.390625,4
-6.208043070312505e-05,0.0023209124436573978,0.056827128118110234,0.390625,4
0.0002248555365625,0.0021777394567318044,0.060894727803149605,4.296875,4
0.00023827669460937506,0.0022407436983744003,0.06872748027559053,0.390625,4
-0.000408833473828125,0.0020713532771723096,0.06697855765354332,1.171875,4
0.000154769615703125,0.0022503100676525304,0.06412206028346457,1.5625,4
0.00016865351015625003,0.0023231863983349424,0.06689279271653545,5.859375,4
-1.3640401562499952e-05,0.0022774177419894685,0.0634958585511811,0.78125,4
8.413907945312504e-05,0.0026136662073940283,0.07140976170866141,1.171875,4
-0.000398012959296875,0.002518862945506306,0.07719299481889762,3.125,4
0.0239213946484375,0.013617022246837446,0.1636345962204724,0.390625,6
0.008603472900468749,0.012082141385077539,0.09315209771653542,0.390625,6
0.00030110396066406245,0.0029867302243412135,0.0878428837519685,0.390625,6
0.0008427955105859374,0.003210441388496166,0.09999131194094488,4.296875,6
-8.946514460937498e-05,0.003024593108382115,0.08812163314960629,3.90625,6
0.00027313544624218755,0.0027545031891886944,0.07031383519685039,0.390625,6
0.0004436041635390624,0.003053482627936946,0.08333870338582677,3.90625,6
-0.0003165971911406251,0.0025685777754334152,0.08375403097637794,3.90625,6
0.00015261418624218747,0.0028153689989104417,0.0865888690472441,3.90625,6
-0.0003757125165703125,0.0030404201139685076,0.08840430163779527,3.515625,6
0.0002627791205625,0.003140226245407706,0.07782619455118109,0.390625,6
0.0009160230789999999,0.0029543447547411227,0.07628771396850396,3.90625,6
0.006839264249921876,0.017548004865771502,0.1716069877874016,0.390625,4
-0.002686605647421875,0.0032991086352365247,0.08876927291338581,0.390625,4
-0.0016364151355468752,0.002339646939989015,0.06994568968503935,5.46875,4
-0.001026740022109375,0.00219097759755347,0.07307768482677164,3.515625,4
-0.00015404614601562501,0.002283773076005172,0.06923622111811024,3.90625,4
-0.000291781811875,0.0027230118998033473,0.0802452697480315,2.34375,4
-0.00037562101585937504,0.0027055462378329305,0.08024726318110235,2.34375,4
6.814893789062503e-05,0.0022070250095090234,0.060243116968503936,0.390625,4
-0.0004175876109375,0.002189914312335982,0.057765313291338584,0.390625,4
4.2492522187499966e-05,0.002406963685080314,0.07008731301574801,0.390625,4
-6.5554711171875e-05,0.002378761828580753,0.06989389814173225,0.390625,4
-0.00068300359578125,0.00339864712364046,0.08209460160629921,4.6875,4
-0.070853576203125,0.10375201730506224,0.9683705125984251,0.390625,6
-0.0743668791125,0.08613967167042116,0.49968556267716546,0.390625,6
-0.0038043883132812496,0.015307298647672277,0.2222401923228347,0.390625,6
0.0030359776804687495,0.014351328496748562,0.1541031548031496,0.390625,6
0.009955903033593751,0.007107884822335015,0.10507969196850393,0.390625,6
0.0046321571953125,0.007256690562709354,0.13549489047244095,0.390625,6
0.0021676399687499998,0.005810087785314489,0.11044175078740158,0.390625,6
-0.00016690200281250004,0.0043205338550057005,0.08086403218897639,0.390625,6
-0.006940363284999999,0.012060262687715064,0.10269691221259843,0.78125,6
-0.02000986918453125,0.015409121199663428,0.09167834459055117,0.390625,6
-0.0141395201359375,0.016350032804779507,0.07481222511811025,0.390625,6
-0.005656902413124999,0.18129323726300461,3.8065172984251974,1.5625,1
-0.0008929384007812498,0.1975060172834557,4.320806654330709,1.5625,1
0.0141532107109375,0.2109646625069096,4.49922581574803,1.5625,1
0.009977879125000002,0.22514493138504227,5.038196433070866,1.5625,1
-0.0014540569624999994,0.21530589452567087,4.950711988818898,1.5625,1
-0.010488723626562502,0.20321037171298656,4.516657573858268,1.5625,1
-0.007849892135156248,0.21156326518209223,4.784223598425197,1.5625,1
0.0036780195085937516,0.1946605748650156,4.2081177748031475,2.34375,1
0.0006065749625000013,0.22628537339887497,4.694522011811023,1.953125,1
0.014323619734375001,0.23867852236897827,5.185810787401576,1.5625,1
0.0012737123828125015,0.22473544321675606,4.736652482677166,1.5625,1
-0.0092152775234375,0.21632821351102727,4.5394534118110235,1.5625,1
-0.0011601202765624992,0.22313012355406206,4.927297084724409,1.5625,1
0.014635655301562502,0.22916769778684778,5.044600453228346,1.5625,1
0.009878902896093748,0.22010185029368548,4.776354321259843,1.5625,1
-0.012991132439843756,0.22337862335026915,5.00654546456693,1.5625,1
-0.0118457920546875,0.23385551625259002,5.385091673228347,1.5625,1
0.001292414109375,0.21795352082581362,4.683572122440945,2.34375,1
-0.0009315403671875016,0.21618915959132895,4.5165845433070855,1.953125,1
0.0031507220703124988,0.24408462433786257,5.2842462677165365,5.078125,1
0.0016596775781249958,0.2495406622175376,5.625245027559054,2.734375,1
-0.025015971660156254,0.22895023451926885,5.158809496062992,1.5625,1
0.003888409975000005,0.2168516599003392,4.880965379527559,1.5625,1
0.02486851349921875,0.23251678079191299,5.014087962125985,1.5625,1
0.010512972532812501,0.23787307555739556,5.042616917244095,1.5625,1
-0.007735629827343748,0.2370306531397564,5.1492641023622046,1.5625,1
0.0001821432765625004,0.23536525591615062,5.187906557874017,1.5625,1
-0.002216291598437498,0.21747730152591957,4.6879186216535444,1.953125,1
0.0018530308281250012,0.20905498819495513,4.34558634015748,1.5625,1
0.005824681367187503,0.22494499998668832,5.076511626771653,1.5625,1
0.006756121372656252,0.22821491739979852,5.420021804724409,1.5625,1
0.0020914711695312477,0.2133268940363806,4.787578891338582,1.5625,1
-0.011858055906249998,0.21958865726586285,4.648846666929134,1.5625,1
-0.008983266906249997,0.20285015843225113,4.4102631858267705,1.5625,1
-0.0058918390039062515,0.21832308485711688,4.497371677165355,1.5625,1
-0.011346365503906247,0.23148523363095871,5.341432031496063,1.5625,1
-0.0113542294296875,0.20964601720803883,4.604012657480315,1.5625,1
0.0007297735937499992,0.2001978138806868,4.314159253543306,1.5625,1
0.0017742310445312513,0.21942564998864428,4.973528674015747,1.5625,1
0.003946878302343748,0.23328085212239513,5.279982392913386,5.078125,1
0.003937218335937499,0.250373796506293,5.732041255905511,1.5625,1
-0.0008795143593749999,0.261703942974072,6.04959715511811,2.734375,1
-0.007976267679687498,0.2612055699881902,5.692844725984251,1.5625,1
-0.007576989754687499,0.24813806681178768,5.249215019212597,1.5625,1
0.018146124596874993,0.2646519244070155,6.031690066456694,1.5625,1
0.011045228640624996,0.25455338532302374,6.066800232283465,1.5625,1
-0.018001698179687498,0.21788756937335751,5.053601137795275,1.5625,1
-0.009796440703125,0.22000156208576488,4.8659983125984265,1.5625,1
0.013789878588281249,0.3072298575086513,4.465015610236221,1.5625,3
-0.014513436739843745,0.3212466361359141,5.16219341496063,1.5625,3
-0.022444702046875,0.29474387749638314,5.026401855118111,1.953125,3
0.027340477992187494,0.33896463943371397,6.4373196732283455,1.953125,3
0.027380487539062498,0.3187816094450792,5.858169560629922,1.5625,3
-0.0034213767265625005,0.32507142131667605,5.4136957496062985,1.953125,3
-0.0175549980703125,0.35939054564009654,5.525455228346456,1.953125,3
-0.024054199109375,0.21279494673636104,3.1111968889763775,1.5625,2
-0.016527940581250004,0.2069535639475759,3.294556272755906,1.5625,2
0.002418066699999999,0.21716074593856996,3.188539375118111,1.5625,2
0.006617147718750001,0.22202176699318033,2.925085653543307,1.5625,2
-0.006201532421874999,0.23716501458074465,3.225497061417323,1.5625,2
-0.006911012218750001,0.2248017791883859,3.5888693503937006,1.5625,2
0.0045029482096875005,0.20528219817274498,3.474920043433071,1.5625,2
-0.0007639653059375016,0.20362142215737383,3.237210441858268,1.5625,2
-0.0009870205367187492,0.2113625840706307,2.9989385115748033,1.5625,2
-0.012276019882812503,0.25036241737369375,3.8212378700787406,1.5625,2
-0.0020555391640625018,0.23094813880244364,3.848852291338582,1.5625,2
-0.0153732178703125,0.1955754468514955,3.38170803937008,1.5625,2
0.0031002234031249987,0.23327456274390138,3.502170220472441,1.5625,2
-0.005179512999999997,0.23445806853677204,3.2535902165354336,1.5625,2
-0.018162942921875,0.20907871817041565,3.4488183700787403,1.5625,2
-0.0041469485468749985,0.23056516290619483,4.092161456692913,1.5625,2
0.0004132227500000009,0.23824218055412347,3.6516746417322836,1.5625,2
0.0006399432656250016,0.2211381837869944,3.207478787401574,1.5625,2
-0.020120952562500002,0.22099639200729576,3.3340734818897637,1.5625,2
-0.01065185078125,0.2042328368461565,2.8646201019685047,1.5625,2
-0.002716688717187504,0.21242691582555243,3.1060625456692916,1.5625,2
0.001615590252343748,0.2201848076425091,3.4974176637795273,1.5625,2
-0.008100323859375001,0.21686887611223224,3.5537116220472433,1.5625,2
-0.019368594735156244,0.19178135560866183,3.161046974409449,1.5625,2
-0.01297324456328125,0.20564081783123236,3.052764802362205,1.5625,2
-0.003619530250781251,0.22833235184146863,3.1524756622047243,1.5625,2
0.010711603949999999,0.2130145453370835,3.1333895976377946,1.5625,2
-0.014179884257812504,0.39490846074011654,5.834282937795275,1.953125,3
0.01571319853125,0.3877334386486213,6.214350630708661,1.953125,3
0.016201032367187507,0.33712944740365414,6.670029346456692,1.5625,3
-0.011330925734374997,0.30155588470288264,6.114754039370079,1.953125,3
-0.009874242046875002,0.33213793437617417,5.357337047244092,1.5625,3
-0.012819220742187498,0.28849235254860817,4.99678531496063,1.5625,3
0.013596687632812502,0.34520231335739576,5.676057740157479,1.953125,3
0.0025827753437500014,0.3877205324470607,5.700283944881889,1.953125,3
-0.005518889021093749,0.3524966999772467,5.454059543307086,1.5625,3
0.025661652421875,0.3594198298866467,5.502794507874015,1.953125,3
0.029316529632812498,0.34681549404353024,5.65940374015748,1.5625,3
0.007493743640625,0.3102797781483332,5.3970935881889766,1.5625,3
-0.003632438507812497,0.32317800850102424,5.47272931496063,1.5625,3
-0.015198037515624999,0.3308117631842136,6.15757384488189,1.5625,3
-0.018883068778124998,0.3224332128288881,5.8541840677165355,1.953125,3
0.012008629471874996,0.32719190076572124,5.398193331496063,1.953125,3
0.0017494333359375034,0.3349313590059888,5.383431417322835,1.953125,3
-0.0085653319703125,0.04862684151963881,0.9863898787401575,4.6875,5
-0.0021140283128124994,0.013147402446129535,0.26132162623622046,0.390625,5
0.0011904558775781252,0.003660261874460386,0.11231641395275589,0.390625,5
-0.0017101692895625,0.009786173781523253,0.21237277807086613,1.953125,5
0.00016198569817187525,0.013978312217504871,0.34527427196850397,3.90625,5
0.0059466228265625,0.013098812276240733,0.3412437490551181,1.953125,5
0.00204314683453125,0.015506997842888946,0.34110318903149606,2.34375,5
-0.0030287550162499998,0.014016147556802683,0.3232176328503937,2.734375,5
0.00038458902343749984,0.017465078353658074,0.493832243464567,3.515625,5
0.0018252321289062502,0.028732753177582882,0.7605596430708661,2.34375,5
-0.0009568510132812497,0.02837732160147325,0.6729004102362204,3.125,5
-0.005997306903906251,0.01778740241474295,0.36756018283464564,2.734375,5
-0.00242130537578125,0.013466034257841555,0.24308326913385828,0.390625,5
-0.0003137526970312499,0.015080472374021076,0.3083969498976377,2.34375,5
-0.0028450666625000004,0.023973857940663246,0.4829632588740157,2.734375,5
-0.0013797076475000002,0.02484855846078034,0.5606876161417323,2.34375,5
0.0314547395109375,0.026764325840794866,0.16557836590551178,0.390625,5
0.0035814319554687505,0.009328335440923295,0.1168738620472441,0.390625,5
-0.0006205418070312499,0.003785172840183567,0.10531203173228347,0.390625,5
-0.0017174823121015627,0.0034227557301464324,0.10278393883543305,0.390625,5
-0.0007533374568671875,0.004599566121349856,0.11283658757559055,0.390625,5
0.002204451705625,0.007721360065872498,0.1573478495669291,1.953125,5
0.001346026641953125,0.008551581646674746,0.18547796342519687,1.953125,5
-0.0015404106075,0.005376423311766345,0.13360441659842523,2.34375,5
-0.000903789106953125,0.0029965733356597034,0.07677879983464565,0.390625,5
0.00052276631796875,0.002243085812456429,0.06645163632283464,0.390625,5
-3.631649367187502e-05,0.0020649409166729055,0.06330779403149607,0.78125,5
-0.0005573217935156251,0.0018109993070192908,0.06000131437795276,2.34375,5
0.000402487110390625,0.0022015156904601272,0.06414122111023622,0.390625,5
0.0007864736815625001,0.00212968319390292,0.06226927905511811,0.78125,5
0.0010095388925,0.004125311200297991,0.09218710275590553,1.171875,5
0.009907916824999998,0.027093496760540754,0.12606737283464567,0.390625,4
-0.003173777798671875,0.005234705986181555,0.10192412546456693,0.390625,4
-0.0006546033924218751,0.0038785456466966708,0.11739551719685039,2.34375,4
-0.0013171383740625,0.0031897138291243697,0.10101767773228346,3.90625,4
-0.001446624690625,0.0031647258626180193,0.08990931214173228,0.390625,4
-0.0035150595415624998,0.00413694523658696,0.08938826007874015,0.78125,4
-0.0380234697625,0.042513299003824306,0.1947283437007874,0.390625,4
-0.09458485460937499,0.044372351121769564,0.36492966535433063,0.390625,4
-0.0698781184375,0.057679273670472805,0.34899930708661425,0.390625,4
-0.00947528622109375,0.022017091155773626,0.36536071078740157,0.390625,4
-0.000530802889765625,0.009652159998034348,0.37919553921259835,6.640625,4
-0.004855331030390625,0.007844682905628437,0.27574980401574795,6.640625,4
0.02039694106796875,0.024480176116417094,0.3687385576377952,0.390625,4
-5.1184236484374905e-05,0.008328955965067714,0.15339644285826767,0.390625,4
-0.0019971992187499997,0.0044224341144913255,0.12452784236220471,0.390625,4
-0.00014438870804687502,0.0026961663786689376,0.08414013769291337,0.390625,4
-0.00034649569640625,0.0023779652756346767,0.07798403658267715,0.78125,4
-0.0006051836229687501,0.002329353337003684,0.06316468838582678,3.125,4
-0.00039549895328125,0.0027740826164970667,0.07206017492913383,3.515625,4
0.0008448268346875,0.0035676796237748775,0.08893326882677163,0.390625,4
0.001912734773828125,0.004370888347217135,0.11467075103149607,0.78125,4
0.000397385972578125,0.004084795928241122,0.10787990977952755,5.078125,4
-0.0007856201195859374,0.002247119646379053,0.07565264354330709,0.390625,4
6.619478197656253e-05,0.0023915422504631424,0.07917652023622049,1.171875,4
2.8768172343750036e-05,0.0024175821488851158,0.08168223296062989,0.390625,4
-0.00070259792828125,0.0025117729984282214,0.08314530132283467,6.25,4
-0.00298872676640625,0.02751283483549359,0.4436815661417323,1.5625,6
-0.0037766573585937503,0.008565620213230072,0.19713725551181105,0.390625,6
-0.0009177737553125,0.004349708364343313,0.1092073164488189,2.734375,6
0.0006924794900624999,0.0028177493794082765,0.07320133908661416,0.390625,6
0.002393564929203125,0.0037854623404836676,0.09124970188976377,0.390625,6
0.003409708692421875,0.004148483318410577,0.0977959053543307,0.390625,6
-0.0007189312592265625,0.005577954105503927,0.11745983732283465,0.390625,6
-0.0014037075084453125,0.005883832332851454,0.14500400692913384,0.390625,6
0.002103367205867188,0.007773605282682005,0.15236273370078743,2.34375,6
0.0023172565628984372,0.008910127198628208,0.14258915157480315,2.34375,6
0.00498049411875,0.008311008676815465,0.14436217275590554,0.390625,6
0.00241919240234375,0.007997464678844279,0.13503636244094488,0.390625,6
-0.004340193008593751,0.005171823463518429,0.1628629294488189,3.90625,6
0.0019093674360156248,0.011268422645391832,0.21896554015748032,0.390625,6
0.0009666606718749997,0.020816000675792503,0.29668724921259837,0.390625,6
-0.007779867646874999,0.008645698251407518,0.17646828125984249,0.390625,6
-0.001111672219609375,0.004567880804240221,0.10557152227559059,3.90625,6
-0.001109881119765625,0.0033329800702926486,0.09452796077165354,3.90625,6
-0.00121481456515625,0.002983076752786895,0.08753407762992126,3.515625,6
-0.0010047227846875,0.002287955219217532,0.066168685496063,3.515625,6
-0.00028504048128125,0.0028679772352887154,0.06534343536535434,0.390625,6
2.7878764968749992e-05,0.0032050293506802343,0.08574551676692913,2.734375,6
-0.000473070798203125,0.0030911320471786134,0.09322493502362204,3.515625,6
0.002184468888125,0.005071168635827032,0.0907003784015748,0.390625,6
0.00303067252546875,0.005579524522327436,0.10175906671653542,0.390625,6
-0.0010187704155468751,0.00526557278874379,0.11365193711023622,0.390625,6
-0.00246175597171875,0.0037053218833813122,0.09400509301574803,0.390625,6
-0.0003384014416875,0.0027911290087366467,0.07125331541968505,0.390625,6
0.0006580457269062499,0.0025983808728482624,0.08041874488188977,3.515625,6
-0.000686981374765625,0.0031066532839035773,0.08804652724409445,3.515625,6
0.012070871054687498,0.14741949191334539,1.9912231944881889,1.171875,1
0.003917411225,0.16465026631455815,2.524163202362205,1.5625,1
-0.0061048012046874996,0.18765668318825293,3.1357566149606293,1.5625,1
-0.0002592107734375,0.19604937079676163,3.566730453543307,1.5625,1
0.00019423310859375056,0.18604210749865024,3.3539509921259847,1.5625,1
-0.0009682408835937489,0.19012312502217538,3.592834118110236,1.5625,1
0.0024697808203125032,0.20298627779928752,3.991207724409448,1.5625,1
0.0034943607265624996,0.20258156651240145,3.653118935433071,1.5625,1
-0.002173123528906251,0.201418783862713,3.5452863055118113,1.5625,1
-0.008275269919531246,0.223315772709007,4.418926925196851,1.5625,1
-0.007814052632812499,0.22357727204180772,4.6875009023622045,1.5625,1
-0.006207957257812497,0.19643713690703102,3.7711109149606292,1.5625,1
-0.00394810510703125,0.18788400445155223,3.330246730708661,1.5625,1
-0.0014117216226562524,0.20470791225997892,3.853607177165354,1.5625,1
0.003326604150781251,0.20860204668424107,4.365974364566928,1.5625,1
0.004553146423437503,0.17400440348896004,3.3541195364173233,1.5625,1
-0.004653209890625,0.11798379301562768,1.8404824527559054,1.171875,1
-0.0121612068359375,0.14416045640386993,2.3541728582677166,1.5625,1
-0.0043569903125,0.1840464037318656,3.193977543307087,1.5625,1
0.014492596984375,0.22115542740450198,4.106777182677166,1.5625,1
0.009112558984375,0.24750465798898763,4.889142279527558,1.5625,1
-0.012122265343749996,0.24347808949068883,4.915280128346456,1.5625,1
-0.011144347265625,0.22834385258828985,4.340303370078741,1.5625,1
0.0007964887328125014,0.21419251174142637,4.0692022992125985,1.5625,1
0.018816485460156254,0.22536356518598818,3.9656585708661414,1.5625,1
0.012994786399218748,0.24327627204040422,4.787200413385827,1.5625,1
-0.006616690375000001,0.22873515812496367,4.55231324409449,1.5625,1
-0.015509376187499998,0.2135599008589712,3.9375491527559054,1.5625,1
-0.009438866140625002,0.20485866825825355,3.7305629291338573,1.5625,1
-0.0008085934062500005,0.19297809316910458,3.558087803149606,1.5625,1
-0.0026233154305078093,0.1770898323540218,3.5057301125157476,1.5625,1
-0.016924356453125,0.29166249438872566,4.3992116968503945,1.953125,3
-0.003610148640624998,0.2924300198017918,4.618665732283466,1.953125,3
0.0255123469609375,0.2335735466725872,4.209156801574803,1.171875,3
-0.005332276351562498,0.25318679641440156,4.28274273464567,1.5625,3
-0.01411546721875,0.29260077082536284,4.662029413385827,1.953125,3
-0.0028778417421875023,0.2888673482109666,4.149392917322835,1.5625,3
0.007386179023437503,0.3066491741864503,4.341331543307088,1.5625,3
0.022445111625,0.29242675335791646,4.334202866929133,1.5625,3
0.004054438171875,0.3173670883036801,4.7838500078740145,1.953125,3
0.026870034109374996,0.3176710719388959,5.477321527559054,1.953125,3
0.012106326718750001,0.28385901984006706,4.816408503937009,1.5625,3
0.0008638244843750019,0.27442146580313875,3.983844543307086,1.5625,3
-0.021253820625000003,0.31301171191174143,4.211190968503937,1.5625,3
-0.023206771968749998,0.3123239488995088,4.628726811023621,1.5625,3
0.017976548328125,0.3350097248344325,5.583739574803149,1.953125,3
0.016594512914062505,0.4004783810753372,6.298802299212599,1.953125,3
0.032228457175,0.4183091749971308,7.821017937007872,2.734375,3
0.024870595078125002,0.3606074630607491,6.450666074803149,1.953125,3
-0.03384144828125,0.37124698679000395,5.820859956692913,1.5625,3
-0.020809977018750002,0.37260403633082967,5.752724867401573,2.34375,3
0.0104024817859375,0.3662997269943283,6.132758280787401,2.34375,3
0.0035515894296874947,0.4153679250988774,7.169713425196852,2.34375,3
-0.00010760140625000122,0.45098014884967946,8.16699961023622,2.34375,3
-0.045080179975781245,0.17390783931840254,2.470924375590551,1.5625,2
-0.012226197625,0.18475928201339742,2.6020204960629925,1.5625,2
0.008748889182031252,0.18307852037412603,2.4530285984251963,1.5625,2
0.026185661460937502,0.17458508092921263,2.4481129708661418,1.171875,2
0.009973860810156252,0.19075104457627245,2.619170018110237,1.5625,2
-0.020140430585937497,0.19253277920793405,2.5020619755905513,1.5625,2
-0.0122697041640625,0.19889037553461114,2.599892345669292,1.5625,2
0.016843282851562502,0.2001388374524627,2.7015361740157484,1.5625,2
0.016191506890625,0.19380683179230038,2.410637225196851,1.171875,2
-0.021486709325781252,0.2235687470065263,2.9878607832283466,1.5625,2
-0.0031097582500000005,0.20941678653799312,2.9515166299212607,1.5625,2
-0.0007469115734375,0.19556300613333283,2.8838977228346456,1.5625,2
-0.007732511409375002,0.22357674637913588,3.241735132283465,1.5625,2
0.0011353650703125,0.27238275015554797,3.87988924015748,1.5625,2
0.009427767031250001,0.2713614720619159,3.5341787795275588,1.5625,2
0.005203606203125,0.24844347344573067,3.4839212874015746,1.5625,2
0.004220322140624998,0.2500420851706197,3.3250673188976374,1.5625,2
-0.03842405436875,0.2193952365535772,2.937049097637795,1.5625,2
-0.0306421131875,0.23185104088504416,3.113251681102362,1.5625,2
-0.011899549320312501,0.20944766424696284,2.9473828803149598,1.5625,2
0.0183777131328125,0.22632802232757412,3.3927964598425198,1.5625,2
0.021513148546874996,0.2497966435515696,3.740046093700788,1.5625,2
0.015637237976562496,0.24119299732366975,3.449869684251968,1.5625,2
-0.014084758945312501,0.24787809048211693,3.5671465822834643,1.5625,2
-0.029032308062499998,0.254220542916083,3.6741907204724407,1.5625,2
-0.0006507419320312489,0.24908497571718502,3.3431716551181108,1.5625,2
-0.013837562257812503,0.2816238785511399,3.7101793543307084,1.5625,2
0.0033991522992187504,0.29152076711571584,3.8422018425196853,1.953125,2
-0.00596958729453125,0.2578817633990474,3.4305587480314954,1.5625,2
-0.012793283273437499,0.2479344495146642,3.489765015748032,1.5625,2
-0.0019478651484375045,0.23693397611639974,3.5556823188976376,1.953125,2
0.0168867236875,0.23474364260125677,3.6907726692913387,1.953125,2
-0.01325945703125,0.2651247526853187,3.886997692913385,1.953125,2
-0.0149947095,0.29112195110248085,4.195112724409449,1.953125,2
-0.007588063637890626,0.02245152015976374,0.4474016781496063,0.390625,5
0.0007068606710937499,0.009281400918864233,0.277447800984252,0.390625,5
-0.0009201547941406246,0.013638761258458565,0.4483368381889765,3.90625,5
0.00086926372578125,0.016575204209285543,0.42429318401574806,4.296875,5
-0.00071125756796875,0.013938232938846112,0.250713279527559,4.296875,5
-0.00047564639257812477,0.007532414398237285,0.13654372765354333,1.953125,5
-0.00028538646305468747,0.003988289666369222,0.0838910618110236,1.953125,5
-0.0008905561086015626,0.0022175346861316434,0.06408552524409449,0.390625,5
0.00030843234906249996,0.002119358754069255,0.06176591707086614,4.6875,5
0.001047989313984375,0.0025464908110326987,0.06314001505511811,1.171875,5
0.00022735158890625006,0.0027022330022612026,0.07095244000787401,3.515625,5
-0.0009324603634374999,0.002032938207141655,0.06770274916535435,3.90625,5
-2.5915154296874985e-05,0.002190003476969259,0.06063503712598426,0.390625,5
0.0008347053439609376,0.0021148124166004956,0.053015304527559044,0.390625,5
0.017192225908593747,0.030713477011758143,0.4723102016535433,0.390625,5
0.0014223512062499994,0.05046809435898952,0.742318237480315,4.296875,5
-0.00444556396171875,0.05302430644105078,0.9701236736220472,4.6875,5
0.0005197615078125,0.02411082183395005,0.5448633586614171,2.734375,5
0.005205404918359374,0.012194764348609088,0.2238449627165354,0.390625,5
0.0013876485097656247,0.008543224672852071,0.1376594709055118,0.390625,5
0.0011721993460937499,0.010252223668333981,0.1991752463385827,1.953125,5
0.0019322608531250002,0.008017430199499338,0.1581390216535433,2.34375,5
-0.00100958071484375,0.007983061853010254,0.12323910173228345,1.171875,5
-0.0011796665882812499,0.011737394198931831,0.22644454574803152,3.90625,5
-0.0004435409177343751,0.01051289133006519,0.2172848622598425,0.390625,5
-0.0013898216788671876,0.006594851188769116,0.14450384188582677,3.125,5
-0.0009950955676953123,0.005699786735277667,0.10786227909055117,1.953125,5
-4.8379484765625e-05,0.0025441763481968754,0.07801646446456692,0.390625,5
0.001955658625703125,0.0036140665582292957,0.10254501543307086,3.515625,5
0.00022009721296875,0.004733362733998415,0.09678659488188975,0.390625,5
-0.023342087810937502,0.02225975269050522,0.29107225196850384,0.390625,4
-0.0068582497773437496,0.012831671685699741,0.1843501991338583,0.390625,4
-0.00128319850609375,0.005143026341386789,0.12185114371653544,0.390625,4
-0.001858501009609375,0.0029607018994317986,0.08495730905511811,3.515625,4
-0.00012117192945312504,0.002533109866615156,0.0773795319527559,0.390625,4
6.278933890624996e-05,0.002334852478849981,0.06912788098425196,3.125,4
-0.00041676500128125,0.002423122866687697,0.07265023841417324,0.390625,4
-0.0006039253458046875,0.0032116667551820694,0.08754232006850395,4.6875,4
1.7622820117187582e-05,0.0041143726392145,0.11688661236141736,0.390625,4
0.00016675717924999995,0.004090379354954443,0.1369108923385827,7.421875,4
-0.00028605791843750003,0.006115488157786527,0.19498144966141728,7.03125,4
-0.00042210273614062485,0.007029462411667005,0.22080566700787402,5.078125,4
-0.0010651253124999978,0.08617998510623513,1.2870828531496061,0.390625,4
0.02382291150605469,0.032806025808820485,0.5955355356692914,0.390625,4
0.0025199801553515626,0.012404617636860354,0.20754212637007874,0.390625,4
-0.0017351277975781252,0.008175210899696281,0.19091656282677164,1.953125,4
-0.0008218507084921873,0.0062160084194416085,0.15167431147480315,1.953125,4
0.00027183996957031245,0.0022612228044170193,0.08504463887637795,4.296875,4
0.00015349514564062501,0.0019773562903464595,0.06834100263779527,3.90625,4
0.00025753319006250003,0.0016395997264790191,0.056827893267716534,5.46875,4
-0.000294102610015625,0.0020755492024437626,0.07390450381102363,4.296875,4
-0.00043502369629687496,0.00245241704595559,0.0840143322488189,8.203125,4
2.4353229218749357e-06,0.0026631380453123296,0.08591666831968504,8.59375,4
-0.00324158357421875,0.008441975276967035,0.16654645133858267,0.390625,4
-0.00562840518515625,0.00894142250436274,0.19117813779527557,0.390625,4
0.0016899129070312502,0.010283611126514153,0.18828320456692907,0.390625,4
0.008455277724218748,0.024107882034146814,0.3969373588188975,0.390625,6
0.00010202170937500008,0.014677704751235999,0.12936087070866142,0.390625,6
-0.005664651854609374,0.005715823587720912,0.09964415581889763,0.390625,6
-0.0024394799221093754,0.0040929680457949405,0.11699507113385828,3.90625,6
-0.0030136677549218753,0.0031895363616959247,0.08313078299212598,3.90625,6
-0.002316974218359375,0.0030499219267223583,0.0751706511023622,0.78125,6
-0.0007027206710859375,0.003194553318191588,0.07683199962125982,0.390625,6
9.253210149218751e-05,0.002041096712856037,0.057305483243307094,3.515625,6
0.001218271079921875,0.004244399237722938,0.09221718149606296,0.390625,6
0.00207915953515625,0.0064385950268532905,0.1679292821653543,1.5625,6
-0.00063653460625,0.007543290316832901,0.16691313811023623,1.171875,6
-0.00231589341765625,0.012858406781356274,0.22917276307086618,1.171875,6
-0.006131051066875,0.015562769804015886,0.3432474952755906,3.90625,6
-0.007439582049671876,0.011268405280493145,0.2722236455574803,3.125,6
-0.0006916312551406246,0.008421403568221533,0.1737109081559055,0.390625,6
0.00755057616171875,0.007968145014242225,0.17126624251968503,0.390625,6
0.0026995531312500004,0.02326671398133356,0.3612278822834646,0.390625,6
-0.004327036049921875,0.013847192432043255,0.18283948979527553,0.390625,6
-0.000514951628828125,0.012162908192614622,0.1813535600708662,1.5625,6
-0.0029783533953125,0.00412537388175915,0.12682599543307085,3.90625,6
-0.00192088806484375,0.004228342564087567,0.12193444933070864,3.515625,6
-0.000474240112734375,0.0036763525675956314,0.10490330667716535,4.296875,6
-7.85090089062501e-05,0.0032984337517392936,0.10461200619685039,3.125,6
-0.000994904272734375,0.0036093855650587234,0.0996608733425197,3.125,6
-0.00046684283953125005,0.003130310764637771,0.07208028666929132,0.390625,6
0.00013786586125,0.0035591620864097503,0.0980611750551181,3.125,6
-0.00050235818859375,0.003915819370623619,0.12169313956692912,3.515625,6
-0.0008079025201562499,0.0035293698265345536,0.12082389937795276,6.640625,6
-0.0012541389383593751,0.0032024272453965506,0.11487046477165355,9.765625,6
0.00081471827234375,0.0068046337230523975,0.11418906692913386,0.390625,6
0.000851350621640625,0.00843415078149616,0.1280774151574803,2.34375,6
-9.793198117187498e-05,0.006042108056050471,0.10334012448818897,1.953125,6
-0.007670780752343752,0.23631633476210487,4.160551903385827,1.5625,1
0.022186342672656244,0.24392503129659485,4.901144155748032,1.5625,1
0.008012391284375003,0.23411872763502597,4.665786472440946,1.5625,1
-0.015328341578124996,0.22475653529474485,4.2345012299212605,1.5625,1
-0.008326819085937496,0.23081918654741648,4.349951262204724,1.5625,1
0.011355931031249997,0.24755431661006425,4.855660677952756,1.5625,1
0.0187127109609375,0.2373719366781052,4.666632346456694,1.5625,1
-0.009389933906250002,0.22230108754617894,4.4621715629921255,1.5625,1
-0.019734066796874998,0.22214498101243793,4.530675929133858,1.5625,1
-0.0028543093750000017,0.21965413704721584,4.470920295275591,1.5625,1
0.013721840117187498,0.22936779543047084,4.383300015748031,1.5625,1
0.009200588527343748,0.22236448566423386,4.434885614173228,1.5625,1
-0.0020282800499999984,0.19620609587585813,4.129651861417322,1.5625,1
-0.004692659272656253,0.17835955190987637,3.521323172440945,1.5625,1
-0.015914375296875,0.2067985394045341,3.7540757976377948,1.5625,1
0.00014284455781250066,0.22313899214766933,4.383087354330708,1.5625,1
0.012874946214062502,0.226928327999189,4.714925596062992,1.5625,1
0.010009214742187503,0.23599272558263065,4.875597322834646,1.5625,1
-0.0065220620234375005,0.22578468707618113,4.2415516850393695,1.5625,1
-0.0089112678046875,0.21877228983808258,4.221689807086613,1.5625,1
0.0074225247957031264,0.22064533438984102,4.188405254212598,1.5625,1
0.015085073834765627,0.21138736065059927,4.0837317030314955,1.5625,1
-0.0010968377734375035,0.20106392081043942,4.162923133858267,1.5625,1
-0.011433913171875,0.21007191980123086,3.849276023622047,1.5625,1
-0.0101756575625,0.20860494589142867,3.8550222677165356,1.5625,1
-0.0024651654687500024,0.19203787696867575,3.7330369685039364,1.5625,1
0.004173457054687496,0.1777763869045249,3.386922196850394,1.5625,1
0.012021820203124995,0.2630868490630668,4.084227251181102,1.5625,3
0.0036218313906249975,0.26196299056488054,4.306358108661417,1.5625,3
0.015207386387500002,0.2538942553352641,4.424612460314959,1.5625,3
-0.0111128888546875,0.2254757425389282,4.075880576850394,1.171875,3
-0.01043169939609375,0.26142786249493577,4.332147314960629,1.5625,3
0.015318732260156247,0.2959260547561501,4.680465412598426,1.5625,3
-0.0035191261796874993,0.25931221273268845,4.25584799527559,1.5625,3
0.00019998520312500094,0.26897849510436683,4.079172078740157,1.5625,3
-0.0009066530468749999,0.27731479848321694,4.101802566929133,1.5625,3
0.012793063359375,0.2663802458552971,3.857064800787401,1.5625,3
-0.018333992312500002,0.2576816499652694,4.038098117322835,1.5625,3
0.016302272117187495,0.23264090149333894,3.756611425196851,1.5625,3
0.02002341349796875,0.23465169481029372,3.7834337692913382,1.171875,3
0.005017393740156251,0.29076371627642833,4.62890631535433,1.5625,3
-0.00033508324218749805,0.2810296628444215,3.8150656771653546,1.5625,3
-0.028620759578125,0.25393684773886444,3.5906625551181106,1.171875,3
0.013580290226562503,0.33603765382238204,5.01774022047244,1.5625,3
0.0303415214765625,0.33244657809289185,4.853200888188977,1.5625,3
-0.01582506919296875,0.30056881981561595,4.702461417322835,1.5625,3
0.03090921186953125,0.31395091615057863,5.125552913385826,1.953125,3
0.0217129102734375,0.3195389629239362,5.454720592913385,1.5625,3
-0.016284209632812505,0.3103606537837936,5.458827704724409,1.5625,3
-0.0057819937968749974,0.34150647740460305,5.378639181889764,1.953125,3
-0.01021396740625,0.3215853348056207,4.401217798425197,1.5625,3
0.011650598031249997,0.3312817206195947,5.087675551181102,1.953125,3
-0.00018613078125000182,0.3640624755603387,5.6865344409448815,1.953125,3
-0.03218796476171875,0.22720629061434602,3.0423161496062985,1.5625,2
-0.0090562105125,0.2217448102836525,3.085204312598426,1.5625,2
0.004456777898437502,0.22258575167784678,3.2419101834645656,1.5625,2
0.009004669164062501,0.23439156666986283,3.3809759377952746,1.5625,2
-0.010157573746875,0.24643399112099484,3.454742173779528,1.5625,2
-0.007043476700000002,0.22112222097773832,3.006024850393701,1.5625,2
0.023132940281249997,0.22709293836539524,3.4197575413385826,1.5625,2
0.0069658125046875,0.2285361766811121,3.432728330708661,1.5625,2
0.0023464084421875,0.21760506808921112,3.0162270732283467,1.5625,2
-0.0308164946875,0.2222248103565088,3.256137039370079,1.5625,2
0.006650576960937501,0.23326538159815896,3.826569307086614,1.5625,2
0.023277102117187497,0.22527176825645495,3.6479380944881887,1.5625,2
0.0060168629531249995,0.19971121762147104,3.0109386086614176,1.5625,2
-0.021049918234375,0.20259446668984227,3.0802946047244095,1.953125,2
-0.01327227346875,0.21680453271405742,3.305734829133858,1.5625,2
-0.004677317249999999,0.22425700603919568,3.484532447244094,1.5625,2
-0.018077310609375005,0.2171160048068387,3.1256734094488188,1.5625,2
-0.011806219093749999,0.20995137880741854,3.0355233779527566,1.5625,2
0.0048813302968749965,0.19099128609511962,3.2120081102362206,1.5625,2
0.004235514281250001,0.19237075538870096,2.9330338503937012,1.5625,2
0.004322045405468751,0.206100337489724,2.8753681496062997,1.5625,2
-0.005197662810156251,0.19849622555986857,2.664955551181102,1.5625,2
1.3698378124998899e-05,0.20233076124587812,2.655724982440945,1.5625,2
0.004054432640625002,0.1975015701586735,2.7300239267716537,1.5625,2
-0.0031625222656249986,0.1901591072409176,2.6396988913385826,1.5625,2
-0.01661393068515625,0.061164865144790574,0.6661513182677166,0.390625,5
-0.005904877793750001,0.023324369097470616,0.20829876866141733,0.390625,5
0.004095990396875,0.03465084886437846,0.4363328580314961,0.390625,5
0.006714935828906249,0.04008411240482209,0.7277585851968505,0.390625,5
0.004973449136718749,0.026995041205861253,0.5595129448031496,0.390625,5
0.0013573535671874996,0.01029208871762019,0.2442193201574803,5.078125,5
0.0010612751120078123,0.005041395904477776,0.09537105606299214,0.390625,5
0.0013229865815390625,0.005256882236236578,0.11978824606299214,0.390625,5
0.00025321472171874995,0.005852779557264029,0.13820054659842518,0.390625,5
-0.00044146636648437497,0.004693496791484516,0.10958126816535435,0.390625,5
-0.000662780049140625,0.01022674687873402,0.18632326621259845,0.390625,5
-0.001149469074921875,0.009999491885503739,0.18064102440944882,0.390625,5
0.001470849795765625,0.004095245209969117,0.12581604700787405,8.984375,5
0.00040406797849999997,0.0038651821278810963,0.11321060039370079,0.390625,5
-1.3377334062500011e-05,0.0028695909910020586,0.07670561555905511,0.390625,5
0.0350629383228125,0.05221384696855405,0.3026722587559055,0.390625,5
-0.003523164636484375,0.008897735613021675,0.1834621560787401,0.390625,5
-0.00012704262427343753,0.00926265132066044,0.18784438661417321,5.078125,5
0.00046423696471093774,0.00906820208203926,0.19256316444881894,5.46875,5
0.000316052761796875,0.004677802231501291,0.12394045477952755,5.078125,5
0.0007023594471875,0.005504922756519048,0.15859530003149602,8.59375,5
9.258210117187509e-05,0.005123829779338598,0.13608888529133858,3.125,5
-0.00042284336296875,0.002163868456230675,0.06383359348031496,5.46875,5
-0.00012296563611718752,0.002242592265989618,0.06424130623385828,1.171875,5
0.0004749656615390625,0.0027905432869881667,0.08391544068267716,1.171875,5
-0.000357944175859375,0.002784424994895787,0.08012271130708662,1.171875,5
-0.0003710307879687501,0.0024278054021195285,0.07383571020472442,0.390625,5
0.00029513758140624997,0.0022286673682325015,0.07406537977952755,5.859375,5
-0.032308332403125,0.02611443821058927,0.4801256011811023,0.390625,4
-0.00441454433515625,0.025645823534585957,0.4643665948818897,0.390625,4
-0.00335890256484375,0.020740680873657494,0.28504595984251974,0.390625,4
-0.00674072152578125,0.009943155621934777,0.1264827020472441,0.390625,4
0.00021471691328125005,0.005377347167614041,0.12704326452755904,0.390625,4
-0.0019643773242187497,0.0044268679042995,0.13226131897637794,8.59375,4
-0.000809283722890625,0.008010925728466737,0.1883626722834646,0.390625,4
7.272740070312484e-05,0.0123351820409587,0.28487957370078726,4.296875,4
6.040081351562461e-05,0.010584208601713328,0.21650082472440943,0.78125,4
0.00261155294859375,0.00411685418342666,0.09903800180314959,0.390625,4
0.0007524454899218749,0.007228147282140958,0.1388547972362205,0.390625,4
0.0035828775226562502,0.016322146602081533,0.34588093283464566,0.78125,4
0.004122988716171875,0.009616132172060423,0.238581779503937,4.296875,4
0.00269141222296875,0.006905064783868,0.20609780962204724,0.390625,4
2.7068487265625085e-05,0.0079680475628337,0.20489301602362203,4.6875,4
-0.000941206316953125,0.008129308854073047,0.19390324897637798,5.078125,4
-0.0007223870422109377,0.00919445689008879,0.24977342488188975,6.25,4
0.0010915493711484373,0.008490556402014213,0.22620438448818903,6.640625,4
-0.00011874035414062488,0.00473679649776959,0.1294406124409449,0.390625,4
-0.0010171172521484374,0.003922695819494905,0.10476444690944882,3.90625,4
0.0006015637774609375,0.002636039609651262,0.07969602879921259,0.390625,4
0.0009405225369609375,0.0033018907193953493,0.0866626716055118,0.390625,4
-0.0019911742446796876,0.011610088813290616,0.1243700105425197,0.390625,4
-0.010595644163281251,0.08469510720390055,0.4980762089763781,0.390625,6
0.013351085958984377,0.025570987858824872,0.2557440637795276,0.390625,6
0.006514643347265625,0.017844719098351995,0.23068992251968504,0.390625,6
0.0104726664171875,0.022655791293033745,0.30475335755905514,0.390625,6
-0.005899528971875,0.02076433586152564,0.20291040196850393,0.390625,6
-0.008593544428124999,0.011908881173877676,0.13116601661417324,0.390625,6
0.0007234084242968749,0.0049778438127641095,0.09862787275590551,0.390625,6
-0.00018038153035156252,0.0026708809576965957,0.05545092960629922,0.390625,6
-0.0005816035877734375,0.003336779775892289,0.08549631653543306,0.390625,6
-0.000595513143703125,0.0038540650688950926,0.10283848311338581,2.734375,6
0.000357981075828125,0.0035123078429137007,0.09703101683779528,2.734375,6
0.0004372775353906249,0.003287512611462032,0.11040306756692912,2.734375,6
0.0005708132966406249,0.0034299791252440644,0.09154184533858267,3.515625,6
-2.878147367187502e-05,0.0051680271002567885,0.11615309777165354,0.390625,6
-0.030154431578125,0.10921550450858199,0.26883646456692906,0.390625,6
0.017235792396093748,0.025084898927385656,0.11059105511811024,0.390625,6
-0.0036877788770312498,0.008611743673756556,0.10426882760629921,0.390625,6
-0.00029226391309843764,0.0067458597240947936,0.09705618256692915,0.390625,6
0.0012051078207296875,0.005558683817642714,0.1031339069055118,0.390625,6
0.001198400711015625,0.005606288989093496,0.0971196087559055,0.390625,6
2.1607394843750033e-05,0.005495232005175321,0.10569093338582679,0.390625,6
-0.00038535494445312505,0.004562472100625318,0.10498042092913387,0.390625,6
0.000232621734453125,0.004952522323609463,0.10660741699212596,0.390625,6
0.0011152899906250002,0.0057762885903466345,0.11919360118110235,0.390625,6
0.0012759305757812501,0.004979374423955488,0.09443525196850394,0.390625,6
-0.0004981346078125001,0.004474037567224172,0.07433427645669288,0.390625,6
-0.0002885200390625,0.005106042258202804,0.09011069653543306,0.390625,6
0.0026195805656250002,0.006987625998351618,0.1629939297637795,0.390625,6
-0.005593603304687502,0.18606717649767643,3.1795848811023624,1.5625,1
0.010364476046874993,0.19021394986711365,3.1903767472440947,1.5625,1
0.005004254114843752,0.18576619535082517,3.3314045472440954,1.5625,1
0.0014190485289062513,0.1703852312830943,3.2690287877952753,1.5625,1
0.002478369289062499,0.16882023788572004,3.2341798149606293,1.5625,1
-0.0032250197484374986,0.15543311890970113,2.9222701883464564,1.5625,1
-0.0105859069359375,0.14152287294373164,2.252619999370079,1.5625,1
-0.008871029992187501,0.14586268446306505,2.107694897637795,1.5625,1
-0.0077941649860156234,0.15930651720470498,2.688998944055118,1.5625,1
0.004012483912421876,0.18180787980080662,3.1073941826771656,1.5625,1
0.0150323910390625,0.189149620475536,3.140573811023622,1.5625,1
0.003978722343750003,0.20020159017536715,3.5557515354330707,1.5625,1
-0.007318560023437502,0.20464850734298543,3.5117969724409446,1.5625,1
-0.00878521046875,0.19777623616525766,3.1988600787401578,1.5625,1
0.0033807194500000007,0.19646658479014345,3.2432795787401574,1.953125,1
0.005007992200000002,0.187634009119699,3.727377905511811,1.5625,1
-0.011129948796093752,0.20845638940548927,3.6464792047244092,1.5625,1
-0.019939399406250002,0.24439455618240621,3.9802238740157487,1.5625,1
0.010726481562500001,0.2427212372391209,3.8180383070866144,1.5625,1
0.012053068109375,0.21812983229417368,3.3627674732283466,1.5625,1
-0.01162233531484375,0.21415759108415117,3.657468311811024,1.5625,1
-0.006343235900781249,0.2046201622096848,3.2934918409448826,1.5625,1
0.0014937512890624996,0.18327133937709147,2.909631703149606,1.5625,1
0.00698999728125,0.19796657698615713,3.4393745039370076,1.5625,1
0.010337434662499997,0.20989534764129888,3.9030160866141737,1.953125,1
-0.002995542650000001,0.20329957549839114,3.5997279685039367,1.5625,1
-0.016986199921875004,0.19652696819976637,3.551092918110236,1.5625,1
-0.007175383000000002,0.2012155534989429,3.7849336031496064,1.5625,1
0.0162481456953125,0.21680376762343984,3.740044929133858,1.5625,1
0.013299768031249996,0.20611140897067753,3.7193608307086614,1.5625,1
-0.0028472774062500046,0.3746901777332629,6.086066641732282,1.5625,3
0.0002063346328124941,0.36897113724441544,5.352535539370076,1.5625,3
0.0015813880156250008,0.3625178070198081,4.43203955905512,1.5625,3
-0.004742961554687503,0.36638822283780476,4.969616931496064,1.5625,3
-0.00013940147656249513,0.3612679416079038,5.090017270078739,1.5625,3
0.008438493828125001,0.35691360816431517,4.306147622047243,1.5625,3
-0.012524476749999998,0.37580982065286106,5.232061736220473,1.5625,3
-0.005948645656250001,0.3996712284670008,6.3640985275590545,1.5625,3
0.029654968593749994,0.4005023079228902,5.62803127559055,1.5625,3
-0.012919162109375,0.4089077321585944,5.401513267716536,1.5625,3
-0.020029699436718756,0.3784999421450183,5.269304131968505,1.5625,3
-0.005129402717968747,0.3468868231696799,4.595156368188976,1.5625,3
0.014987998906249996,0.3544650556338154,4.534892476377953,1.5625,3
0.016871858515624998,0.35012736519253634,4.717601527559055,1.5625,3
0.035564089007812494,0.3885318646052651,4.939267633858266,1.5625,3
-0.0154613058671875,0.4167480363159545,5.059523708661418,1.953125,3
-0.041634198078125004,0.3949980465215423,5.723979858267716,1.953125,3
0.0316252823984375,0.43747655912176525,5.622834673228348,1.953125,3
0.033195043960937504,0.43935228413705624,5.678575503937008,1.953125,3
-0.03132782382812499,0.38394005530050485,5.23243651968504,1.5625,3
-0.010773995453125,0.38153827541175017,5.381265677165354,1.953125,3
0.0220920825,0.4455652996954017,6.607329489763779,1.953125,3
-0.005701439671875001,0.4582799479582226,6.276894851968502,1.953125,3
0.0058854937578124945,0.43809462518433673,5.609675133858265,1.953125,3
0.03257289603124999,0.3907556234459577,5.712731582677166,1.5625,3
-0.020292293843749996,0.30028677860600966,4.438756383464567,1.5625,2
-0.0064462469437499975,0.2737729837982287,4.029604013385827,1.5625,2
0.018768973970312502,0.28097753297918215,4.082542329133858,1.5625,2
0.01440185591203125,0.2907888607095852,4.2525023834645665,1.5625,2
0.00024409693546874767,0.28298975917814,3.878076845669291,1.5625,2
-0.007561847763281249,0.25676262400654637,3.3072854724409444,1.5625,2
0.00432659885390625,0.2675680654556816,3.7338975527559044,1.5625,2
0.009822870117187498,0.2786916070365301,3.9424868480314963,1.5625,2
-0.007638684624999999,0.26000002248231263,3.504109412598426,1.5625,2
-0.018644988921875,0.32248802962338247,5.015442826771653,1.5625,2
-0.006418599593750004,0.285351102816914,4.346851192913385,1.5625,2
0.003977569273437499,0.28578927319407,4.16085768976378,1.5625,2
0.009222598721093753,0.29988640145474116,4.531873398425198,1.5625,2
0.014708519017968753,0.31378220028318304,4.609323858267716,1.5625,2
0.005769232656249996,0.3095895520359499,4.739740409448817,1.5625,2
0.005723958020312501,0.2905988579244502,4.514385696850394,1.5625,2
-0.004689106846875001,0.2764982113660389,3.9553783622047245,1.5625,2
0.00873037996875,0.3406276256524692,5.031003137795276,1.5625,2
0.01717782609375,0.31447694175861307,4.539959551181103,1.5625,2
-0.0005246026953125028,0.2995704840774846,4.431896925196851,1.5625,2
-0.0012326707898437444,0.30689873373499793,4.681027937007873,1.5625,2
0.00046270467890625324,0.3101665646734717,4.598486203149608,1.5625,2
-0.013317991132812498,0.3015337741072416,4.16813443543307,1.5625,2
-0.014040691640625002,0.288936509441628,4.0521037086614164,1.5625,2
-0.0018248543828125012,0.2998620772546889,4.556710851181102,1.5625,2
-0.006259391380625001,0.04522771350791426,0.9866948719842519,0.390625,5
-0.00387154095484375,0.019324646743761737,0.44077549322834647,4.6875,5
0.0029175666136875005,0.011850932358173185,0.2871506543307087,5.46875,5
0.001084138949,0.013131933186820806,0.3195325392519684,0.390625,5
-0.0003728269335937502,0.009625669702826967,0.23857582322834645,4.6875,5
-0.0005886543153124994,0.0075066597166177215,0.1936060732598425,5.078125,5
-0.00026543429656250014,0.006522285805065016,0.154869773023622,0.390625,5
0.00269119771484375,0.004421662803973967,0.1479240319685039,0.390625,5
0.000299996856484375,0.003971897459995947,0.11032685834645667,0.390625,5
-0.0005670082813671875,0.002831075848011731,0.06715081966141732,0.78125,5
0.0006164269519921876,0.002742054103483491,0.06775871312598425,0.390625,5
-0.000131459672109375,0.0029934504959673925,0.0809090841653543,0.78125,5
-0.0006792307541406248,0.003236381255873131,0.07902521656692912,0.390625,5
0.0005974099045132812,0.003087890640366192,0.08239059364385828,0.390625,5
0.03397757647109375,0.041628516040305555,0.35945620370078746,0.390625,5
-0.002394543996875,0.014455704247021313,0.39762390244094487,7.8125,5
-0.00066330185546875,0.011815665469369843,0.3400236955905511,7.8125,5
0.001152107491828125,0.0068144045232818706,0.20238924980000003,2.34375,5
-0.00065548596559375,0.007762334534695639,0.2537572815716535,8.203125,5
0.0004240502586718751,0.008580480778147229,0.2844569574803149,8.203125,5
0.00066541512,0.006421100459705846,0.17681856480314956,8.203125,5
-0.000993291069609375,0.0027003808865838867,0.0830670403543307,0.78125,5
-0.000294659795546875,0.00229882965656105,0.06390849507874015,0.390625,5
0.00022441711515625004,0.012427381855403803,0.1887441146692913,3.125,5
0.0010374032800781249,0.016496376182178786,0.4118401856850394,7.421875,5
0.0006195476736718753,0.011579963925914835,0.3233287146535433,8.59375,5
-0.0004970328243749997,0.0038857508695363577,0.10842845448031495,5.859375,5
-8.434951765625e-05,0.007211088876341314,0.13950625887401577,0.78125,5
-0.008183000349140624,0.010596381292486886,0.2646193292913385,0.390625,4
-0.0004463184817968752,0.006116629229185554,0.1262701805275591,0.390625,4
0.001712460813671875,0.00362381953808553,0.08692414464566929,3.125,4
-2.6082076874999976e-05,0.0032516078608367865,0.09698958462992127,9.375,4
-0.0009193660071015625,0.0035004419884558623,0.09980293067716535,3.90625,4
0.0004364646236015625,0.003481604173063552,0.07323590582677166,0.390625,4
0.0009959486030390625,0.00271456118447187,0.06746291795984254,0.390625,4
-2.5637442265625068e-06,0.001940319709839546,0.059816087534645665,5.859375,4
7.864430468749998e-05,0.002076168051292085,0.07108764681889763,8.203125,4
-0.00027955964140625,0.0024735383470781266,0.0855430361496063,7.8125,4
-0.000522808775546875,0.0027162987739525056,0.08163121342519684,0.390625,4
0.008059224937734375,0.014492399512905083,0.3202321062047244,0.390625,4
0.002307397392734375,0.010240953018202334,0.23661647242519684,0.390625,4
-0.001468552184609375,0.00845088879108911,0.21339026992125978,5.46875,4
0.00044128151640625014,0.009104345520533885,0.2420017843307086,4.296875,4
0.000502111462265625,0.005714344466515112,0.1498472552519685,4.6875,4
4.255139484375004e-05,0.003197800392442723,0.09129782867716534,5.078125,4
0.000361908984609375,0.00257595938368943,0.08594547648818895,3.90625,4
-0.000241921962296875,0.0026379877660202126,0.08033661790551182,3.90625,4
-0.00042969786034374995,0.003447528139373086,0.10465930563779527,5.859375,4
2.008209453125056e-06,0.003801624102648344,0.12194141677952752,5.46875,4
0.009868408335937499,0.07121507741970379,0.22951101905511806,0.390625,6
0.008819337572656249,0.028406659976385713,0.11437739531496065,0.390625,6
-0.007196791351820312,0.006354446507976825,0.08880101881889764,0.390625,6
-0.0007706032576015626,0.003991245072542672,0.08392801354330706,0.390625,6
0.00013043338786718762,0.0031342623214936417,0.08859443462204725,2.734375,6
-0.0007581677036171874,0.0030362323467654183,0.08648913627559054,2.734375,6
-0.0006407070804687501,0.0030225682018816006,0.08757049745669289,2.734375,6
-0.0005616629765625,0.0032651350729585435,0.08526502910236221,2.734375,6
-0.0003152656769531251,0.0035255830533831916,0.08783888837795276,0.390625,6
2.782051843749995e-05,0.003696637130793155,0.09792703102362205,2.734375,6
-0.001946901886171875,0.004642357146967638,0.10787745907874013,0.78125,6
-0.004420562568046875,0.00538033503681205,0.1273951443937008,2.34375,6
0.013946999808593753,0.03120777619275296,0.18727340708661416,0.390625,6
0.0011132484921875002,0.01403710437850141,0.12139577283464566,0.390625,6
-0.00274225274546875,0.006151978709732696,0.10521865434645669,0.390625,6
0.0004109681596796875,0.0036339185154202463,0.09117684770511812,0.390625,6
-0.00010714270696093746,0.002919301847542056,0.08470194805511809,3.90625,6
9.421602914062499e-05,0.002672104452692483,0.06476662322834643,2.734375,6
0.0003776511764062499,0.0031732612237360155,0.07775137503937006,2.734375,6
-0.000494986180546875,0.0034932465265200153,0.08752577488188978,0.390625,6
-6.1788351640625e-05,0.004139320123714168,0.08707539917322835,0.390625,6
0.0005172892357812501,0.003919901353464264,0.09640098072440946,0.390625,6
-0.0023982372243749996,0.007084043219234511,0.1652808480866142,1.5625,6
-0.0003131301286171873,0.00782349259335719,0.15939098968503937,0.390625,6
-0.0018182339304687479,0.2843148757197825,4.147216301653543,1.953125,1
0.0164092240109375,0.29216819178558645,4.812121967795276,1.953125,1
-0.011097734261718752,0.28687257169780417,4.770054103937008,1.953125,1
-0.003840213125000001,0.26358925188586313,4.378882763779526,1.953125,1
0.0135566922734375,0.2599445631954233,4.671482025984251,1.953125,1
-0.012403530734375001,0.2525973766994493,4.492052263779527,1.953125,1
0.009649540414062501,0.24907455483392188,4.289075039370079,1.953125,1
0.0049854510624999975,0.25722146751130154,4.346904749606299,1.953125,1
-0.014949599507812501,0.2711661742410557,4.867022418897638,1.953125,1
0.013344927382812496,0.2767354269195193,4.78814101574803,1.953125,1
-0.005021494436718749,0.265750916782347,4.255750614173227,1.953125,1
-0.00974761183515625,0.25926810434782394,4.515701759842519,1.953125,1
0.021761996726562503,0.24551744018818364,4.825126582677164,1.953125,1
-0.016198118578124997,0.320154994688906,5.401529102362205,1.953125,1
0.008739319455468754,0.3406516290135016,5.3488757955118125,1.953125,1
-0.007514291052343752,0.3064946273399732,5.01384759472441,1.953125,1
-0.008923394554687502,0.272362215747723,4.8526194999999985,1.953125,1
0.021068413288281244,0.273334360013848,5.2577612637795275,1.953125,1
-0.009511067875781255,0.28420559772209875,4.8722576850393695,1.953125,1
-0.0031227388046875058,0.27510836415901385,4.350480826771655,1.953125,1
0.0013831080078124981,0.26255659643431667,4.9201438858267705,1.953125,1
-0.013495215726562499,0.2542654886593955,5.074518680314961,1.953125,1
0.010104792679687499,0.2574676161477714,4.812617101574804,1.953125,1
0.0039198832187500015,0.2708537620121195,4.808486770078741,1.953125,1
-0.005007478906250002,0.2610575983673537,4.666074092913387,1.953125,1
0.0073423332343750015,0.22105683941178608,4.279180763779529,1.5625,1
0.0179765269296875,0.42502191270855016,6.118762946456693,1.953125,3
0.030379824437499998,0.42870402297241206,6.204678718110236,1.953125,3
-0.033672685234375,0.40242749263009164,5.540262519685039,1.5625,3
-0.04179067715625,0.39024865690355875,5.232530740157481,1.5625,3
0.033708612140625,0.4458471152552442,6.578121543307087,1.953125,3
0.007097924999999991,0.5008881250653101,7.121711960629922,1.953125,3
0.0034617178906250073,0.48378632587942805,6.6303055039370085,1.953125,3
0.045461749421874996,0.4298928561410574,6.155691637795275,1.953125,3
-0.003927390164062496,0.4725989717933903,6.869570975590552,1.953125,3
0.025091315499999996,0.4605205795931738,7.346757133070866,1.953125,3
-0.016519468164062495,0.427788050873912,7.604578818897638,1.953125,3
-0.006512430434375008,0.4283286743344916,7.465257455905512,1.953125,3
-0.003799323871874996,0.43254323991238447,6.942691818110236,1.953125,3
0.021085486718749998,0.44001859898533746,7.179935688976379,1.953125,3
-0.00029697085937500575,0.45902280087583097,7.360139062992125,1.953125,3
0.006019767390625003,0.4685873102809589,6.735227462204724,1.953125,3
0.027315079187499997,0.44761478903214785,6.706420225984252,1.953125,3
-0.009855463421874999,0.4363169845916007,6.6285424944881886,1.953125,3
-0.018423684078124995,0.43658811383815155,7.249668719685039,1.953125,3
0.011996763390625012,0.4307156788805352,7.201028177952755,1.953125,3
-0.019015690968750002,0.410701970120257,6.220906412598424,1.953125,3
0.015387267562499998,0.42164558281171005,6.218894196062992,1.953125,3
-0.05992626740625,0.3545260568826016,4.976337299212599,1.5625,2
-0.0320995817890625,0.3704543924548965,4.892937811023622,1.5625,2
0.010471551726562504,0.35886387221352417,5.395317566929134,1.5625,2
0.023176578125,0.3370136459679503,4.893607452755904,1.5625,2
0.014219722070312503,0.3237617372561591,4.653507141732283,1.5625,2
0.00109019075,0.30658053137658464,4.685069500944882,1.5625,2
-0.0162959203515625,0.3028042743010051,3.935988815905511,1.953125,2
-0.0148664225390625,0.2988423894858366,4.140173440944882,1.5625,2
-0.06330200986718751,0.33672544610537325,4.687822489370079,1.953125,2
-0.007168969734374997,0.30726358421727856,4.4729698503937,1.5625,2
0.021366076289062504,0.3326036982622121,5.003996062992125,1.5625,2
0.022904506625,0.326992485686406,4.791462818897637,1.5625,2
0.007747751867187501,0.3213263695987618,4.886527178740158,1.5625,2
-0.0148040161015625,0.33299384932555276,5.231144879527558,1.5625,2
-0.01561415206328125,0.30721902875308577,4.404042759842518,1.5625,2
-0.019370754609375,0.3465233707294474,5.154073181102363,1.953125,2
0.023388899914062504,0.3478091481173625,5.071250251968505,1.953125,2
-0.016194677742187497,0.3576580243842485,5.550557307086614,1.5625,2
-0.024621470820312498,0.3456727155936917,5.123917772440945,1.5625,2
0.0007647951328125027,0.30414554892183204,4.336639425984251,1.5625,2
0.028940769546875002,0.3097879786155845,4.103680318897638,1.5625,2
0.0311902196953125,0.3141226063857653,4.530858287401576,1.5625,2
0.00317790929890625,0.016438801133019394,0.4659172205039371,0.390625,5
-0.00021108012539062507,0.005438949377343769,0.13756595048031503,0.78125,5
-0.00118649285578125,0.0027115705353604443,0.0770558939527559,1.171875,5
-0.00048369680171874997,0.0027678124620347153,0.08695044800787403,1.171875,5
0.0003393517765625,0.002651562582597719,0.08686900631496064,1.5625,5
-0.00014083863945312504,0.0030644838032846773,0.08463464881889765,4.296875,5
0.00011124601476562504,0.0035128756122497808,0.10468553279527561,6.25,5
-0.000583378401328125,0.0035875697358450933,0.10971330775590551,0.390625,5
-0.00022351803906250006,0.0032852768768804287,0.08945538653543307,0.390625,5
0.0011080949350781252,0.002479207536438071,0.06218693653543307,0.390625,5
-0.000218430358671875,0.002397400114449423,0.056875045433070856,0.390625,5
-0.0006565875614062501,0.0019644532695374953,0.05937697748031495,0.390625,5
0.0003538026690625,0.0030104360416580355,0.0809868068503937,3.515625,5
0.017028327447656248,0.020161896443482437,0.32644623251968496,0.390625,5
-0.0003807865877812502,0.009441797627774567,0.2227599718897638,0.78125,5
-0.002633581706609375,0.005251722586248013,0.1411384033070866,0.390625,5
-0.0009760981621875001,0.004350034287447188,0.10915146591338581,0.390625,5
0.00072895465046875,0.0027265186088762587,0.07325578122834644,0.390625,5
-0.00013368481007812498,0.00846635540973857,0.19917777110236218,6.640625,5
-0.0013399806515624999,0.010185929092621851,0.31302747543307086,7.03125,5
-0.00087436123359375,0.007095270294048381,0.2289878992913386,4.6875,5
-0.0005970849989062501,0.005675489932459019,0.17872962385826774,0.390625,5
-0.00114614911609375,0.004897836978184047,0.14522631984251963,7.421875,5
9.445617546875006e-05,0.0031494276007057384,0.0860060142519685,0.390625,5
0.0013735645246875001,0.002742079319315769,0.08907764897637793,1.171875,5
0.0001478268209375,0.004338623656013633,0.14118098811023624,1.171875,5
0.00038671478179687504,0.004238767736195473,0.13491939381889761,7.421875,5
0.0004229371089062501,0.003324449832469896,0.10268703220472442,8.203125,5
-0.0001793346199218752,0.003844348137726629,0.1032380019055118,5.46875,5
-0.0008483272149218749,0.004580040939307152,0.12702080903149607,4.296875,5
-0.0052973101546875,0.0136053600552351,0.23337530834645667,0.390625,4
-0.005219786862578125,0.005223506364769365,0.06880289188976378,0.390625,4
-0.00067947505359375,0.003293413969431076,0.0804138718503937,7.421875,4
0.00090247374375,0.004179115248720658,0.1116350861653543,2.34375,4
0.0004728973853125001,0.00431360187505208,0.10884752028346456,0.390625,4
-0.000520485366640625,0.0032764835883111578,0.07124937848818896,1.5625,4
-0.0006670449785390625,0.003082023119894165,0.08275148708425198,4.6875,4
-0.0010412940324453124,0.0034218657715051485,0.10464664035196851,4.6875,4
-0.000790411977734375,0.004749995913184999,0.13452194744094487,0.78125,4
-0.0005591445365640624,0.0049868991510979436,0.1626746060314961,8.984375,4
-0.0005376570258609375,0.0038584409536740615,0.10916717803149606,1.953125,4
-0.000772269851015625,0.0034430306246238853,0.0820879564488189,4.6875,4
-0.0003324460063125,0.002743847688287487,0.0879438051574803,5.078125,4
0.0006733038361875001,0.003377995608177966,0.1087131478425197,3.125,4
-5.5133277109374905e-05,0.006907742690262558,0.20579077562992126,6.25,4
0.0024188735110625,0.026907953897463085,0.4971053672440945,0.390625,4
-0.0022009932156249997,0.010068637670336654,0.2593033267322835,0.390625,4
0.0010255176109374997,0.006961763318995121,0.2132353569291338,6.25,4
-0.0008606855043828123,0.004541732487387656,0.13382932629921263,0.390625,4
0.003710859312804687,0.017466299350129503,0.2922661542913386,0.390625,4
0.0025345304632812494,0.022257164627704763,0.49995079937007875,3.515625,4
-0.002878732154453125,0.015240500769724148,0.4038648125196851,3.515625,4
-0.0018997657395312497,0.008466215568351277,0.24299206440944884,6.640625,4
-0.0014302200405546875,0.006209750008771721,0.17547697133858267,7.03125,4
0.0007855932016328128,0.004565636004678601,0.13838202319685042,3.515625,4
0.00034232145750390626,0.0037394987324415752,0.10624048812007875,3.515625,4
0.0003250376304179687,0.003516552348605975,0.10383610677362205,0.390625,4
-0.0002051098600546876,0.00445376897597695,0.1273769505511811,0.390625,4
-0.000597935308828125,0.004982054615032018,0.1470655600393701,3.90625,4
0.0490633848828125,0.05533011093616867,0.642917599606299,0.390625,6
0.009172292238281247,0.058642970925646964,0.4270117614173229,0.390625,6
-0.04266685035078125,0.01940316389526183,0.37223268661417325,0.390625,6
-0.029960629121875,0.020799901134649877,0.27254202850393694,0.390625,6
-0.006939596259218751,0.012028115638351025,0.16276642338582675,0.390625,6
0.0008596002895312503,0.007836901847997017,0.20333794192913388,3.515625,6
-0.00129518308796875,0.0074343008875433275,0.17561419685039367,3.515625,6
-0.0030204993953125,0.004862572915066307,0.1306543853543307,3.515625,6
-0.0017628722292968749,0.00546665707269419,0.13516080358267715,2.734375,6
-0.003491670948046875,0.006507871323714759,0.14224386696850388,0.390625,6
-0.002642072316640625,0.006122687686071558,0.165644717984252,0.390625,6
0.00029730925742187504,0.0042832143473438946,0.15339164589763782,7.03125,6
-0.0026618989446093753,0.005636660050994659,0.1252021289448819,0.390625,6
-0.13288406462789062,0.22036027602152827,0.4682527811259843,0.390625,6
0.014537447547890625,0.02678632536302783,0.20151122915748026,0.390625,6
-0.010107982054374999,0.013088976448279797,0.15514527913385825,0.390625,6
-0.008152835195859374,0.009879030158937612,0.16517326909448818,0.390625,6
0.00022724079289062498,0.004912383457748415,0.1528994884645669,5.078125,6
0.0001481351346874999,0.004808726141769387,0.12922150370078742,5.46875,6
-0.0008663109801562499,0.004481385784990169,0.11463390507874015,3.125,6
0.00061657611796875,0.003312560957509223,0.09424737385826772,0.390625,6
2.030467031249991e-05,0.006868932838573995,0.13801989165354328,3.90625,6
0.00031471392867187496,0.00792220824067469,0.16119647102362208,3.515625,6
-0.00040403317757812515,0.006520279487205565,0.1537948031496063,0.390625,6
-0.000812047699296875,0.005463249013096867,0.1545413321259842,0.390625,6
-0.000221293251171875,0.005893088934378514,0.13734645619685037,0.390625,6
-0.00192421744953125,0.011065397769320072,0.22888576851968506,3.125,6
-0.0004431956031249998,0.013298556974076878,0.34433511874015743,3.515625,6
-0.003466170132812497,0.18687599607916233,3.7640617929133846,1.5625,1
0.0132682810078125,0.24176383671911955,4.97417883070866,1.5625,1
0.006284350367187504,0.24812536610788444,5.064736403937008,1.5625,1
-0.004890870434062498,0.2036669743228436,4.223020525984252,1.5625,1
-0.004264794473125,0.20207792789843618,4.288364291338581,1.5625,1
-0.005740633000000003,0.19288555183363154,3.9865407417322825,1.5625,1
-0.0005833557187500046,0.17563715895199516,3.6797430645669285,1.5625,1
0.006181083796875002,0.19325764689151273,3.9347185062992125,1.5625,1
0.009423043610937501,0.1845938021080754,4.0655681377952755,1.5625,1
0.006570241728125002,0.18185049524962293,4.36065920944882,1.5625,1
-0.009798366046874998,0.22248726975073757,4.520968210236219,1.5625,1
-0.018769475710937504,0.2545601608417034,5.1947413692913385,1.5625,1
0.0175310756953125,0.26600569947588404,5.186558374803149,1.5625,1
0.015806695414062502,0.2547463273192383,5.2543445590551165,1.5625,1
-0.0172161811015625,0.22605668295491171,5.079599603937007,1.5625,1
0.000900443248437504,0.20105876932129985,3.9681666007086625,1.5625,1
0.004279029812499999,0.2199660157702988,4.042566405511811,1.5625,1
0.012197909859374996,0.23688893487857235,4.742091011023621,1.953125,1
-0.0122688160859375,0.24305311650512448,4.710175011023622,1.953125,1
-0.004021824734374998,0.25480644533625424,4.629559763779526,1.953125,1
0.020989181718750007,0.266226909177187,5.400463578740158,1.5625,1
-0.00391578490624999,0.26241575208526663,5.46977401574803,1.953125,1
-0.016822229460937498,0.22859654902652882,4.633723411417323,1.953125,1
0.011250236640625001,0.2255731722449796,4.388883594488188,1.953125,1
0.0116124510859375,0.24020849739901756,5.002767133858266,1.953125,1
-0.0162462374453125,0.24106491432129465,5.043732758267716,2.734375,1
-0.005379627789062497,0.23338752613768515,4.696026364566929,1.5625,1
0.010001599457031248,0.23210042601408004,4.908649088976379,2.734375,1
0.00591292806640625,0.21343860726161226,4.653730035433071,1.5625,1
-0.008968568390624997,0.41116068551256235,5.4692637893700775,1.5625,3
0.0155822844375,0.4457990557394386,6.390465700787402,1.5625,3
0.033864716125,0.4495596684674473,6.520695204724411,1.5625,3
-0.016614725953125,0.45103866958825634,6.224631536220472,1.5625,3
-0.0385198369765625,0.4221365602534131,6.233234740944882,1.953125,3
0.023857347812500002,0.42434266657138964,6.5728548503937,1.953125,3
-0.002943487085937508,0.46941189754699214,7.085229679527558,1.953125,3
-0.023534758562499997,0.46545701982014226,7.006839144094488,1.953125,3
0.028722673859374992,0.5012740435170927,7.674955803149606,1.953125,3
0.025525909718749996,0.48252246199064636,7.063243291338583,1.953125,3
-0.034263674687499995,0.4086726847553398,5.579342645669292,1.5625,3
0.011235736171874998,0.44135084133096675,5.869897118110236,1.953125,3
0.035649219999999995,0.47354562790907634,7.029198968503938,1.953125,3
-0.012065748125000005,0.46003169823623874,7.358893047244093,1.5625,3
-0.039751381687500004,0.4504108812871815,6.665134086614174,1.953125,3
0.010587134953125,0.46414946674891827,6.514911393700787,1.953125,3
0.020581039796875,0.45922762697917163,6.749710582677164,1.953125,3
0.021367354281249994,0.44404211116665726,6.252486730708662,1.953125,3
-0.030295661898437496,0.4066542171719507,5.9480890732283465,1.5625,3
-0.013397415203124999,0.4326896291030028,6.929843980314961,1.953125,3
0.03346789529453126,0.4553007275406862,6.8675319590551185,1.5625,3
0.02950027980234375,0.4534625349840902,6.651452829133858,1.953125,3
-0.0388767643875,0.4455024119241312,6.622297027559055,1.953125,3
-0.0259128674890625,0.4219588666833293,6.445348551181103,1.953125,3
-0.004161872031250003,0.30040742254110125,4.045983477952755,1.5625,2
-0.015773856,0.3189474112190674,4.179836846456693,1.5625,2
-0.013351708242187496,0.31165450658143556,4.499919829133858,1.5625,2
-0.00036896391406250444,0.3077217200777799,4.593054816535433,1.5625,2
0.007937624812499997,0.3257652861373418,4.764268105511811,1.5625,2
-0.003134045781249999,0.328816965776239,5.0598812992125985,1.5625,2
-0.009383009374999998,0.3019729191179195,4.397319700787403,1.5625,2
-0.00979220380078125,0.2963706050039616,4.323261039370077,1.5625,2
-0.009789697863281254,0.3145998731021746,4.927178354330709,1.5625,2
-0.02712765450859375,0.2958198080721621,3.9548130425196857,1.5625,2
-0.014199791640625,0.32819835513614887,4.415768511811024,1.5625,2
0.014029746484375001,0.32337474086087065,4.697763362204724,1.5625,2
0.004689922117187502,0.2967266884979775,4.422540712598424,1.5625,2
-0.0055121690078125,0.27553611800867067,4.229724761417322,1.5625,2
-0.012444216343750003,0.26802979208946326,4.540389972440946,1.5625,2
-0.010972628874999998,0.2836537309049169,4.438887161417322,1.5625,2
-0.0053711241562500005,0.28041620787366717,3.870771118110236,1.5625,2
-0.0211169975,0.31536999408508926,4.794052692913387,1.5625,2
-0.0005349953437500041,0.32664008885988227,4.568051377952757,1.5625,2
0.009504931976562499,0.29583581599114617,4.0445967586614175,1.5625,2
0.008558275304687495,0.2844113925674473,4.402247929133857,1.5625,2
0.009271103567187496,0.30002130611243805,4.443073700787402,1.5625,2
-0.023193067500781255,0.29973173546310294,3.8791467086614175,1.5625,2
-0.013872654083593752,0.30224362639098745,4.253800370078739,1.5625,2
0.023176934015625,0.3148737952178581,4.397752796850393,1.5625,2
0.016344085471875006,0.30625287858314487,3.9383449058267717,1.5625,2
-0.0029122463920312493,0.028375810323698344,0.4890121718110237,6.25,5
0.00235590824625,0.005308607973795122,0.14251082440944884,0.390625,5
-0.00132819625390625,0.007204882543186656,0.18488624826771655,4.296875,5
-0.0008103454398437501,0.007322228146395939,0.20368385582677165,4.296875,5
0.0005365431033593748,0.011820299204050717,0.2520046713149607,2.734375,5
-0.000821297552109375,0.014680024692907408,0.3744063085590551,6.640625,5
-0.00023930807031250032,0.01833681837275673,0.4876542167716536,7.03125,5
0.0014067738859374998,0.01642821938386769,0.381961562519685,2.34375,5
-8.072798616406247e-05,0.006377340643830729,0.17751264773188977,4.6875,5
-0.0008089353806953125,0.004986383991521133,0.1266261624409449,4.6875,5
0.0004954017499765625,0.0032346013907760033,0.10465334786614172,2.34375,5
0.0006772895218515624,0.003689905507641549,0.12124069567716536,1.5625,5
-5.23113684375e-05,0.0034715953452699564,0.11561567496062992,6.25,5
4.0122626171874924e-05,0.003271231651576868,0.10812848438582677,6.640625,5
0.032673605181249996,0.03962933979606045,0.297813369448819,0.390625,5
-0.003889576446875,0.015432440353107995,0.3117214548031496,0.390625,5
-0.004956343999609375,0.013105566955474353,0.31193062129921256,4.6875,5
0.002424456400390625,0.008947452222162894,0.23619781271653542,0.390625,5
0.0030371222882812493,0.009288403431470634,0.242391274015748,0.390625,5
-0.0012427529233281249,0.006708023912739694,0.18754483110236217,0.390625,5
-0.0017992478241875003,0.004825051735789257,0.1433664487401575,0.390625,5
-0.000948990585234375,0.003382949734509157,0.11137615924409447,3.125,5
-0.0007115370694531249,0.0033646538841868895,0.11728732691338584,5.859375,5
-0.000577964852265625,0.0032627706793910425,0.10469851945669291,5.078125,5
-0.00026854033281249994,0.0033614544142399646,0.092986854511811,0.390625,5
6.259333843750009e-05,0.0030954158880279934,0.09331557405511812,0.78125,5
-0.0021774929125781247,0.0103573271285921,0.15695095391338584,1.953125,5
0.0015449863851562497,0.027332020866150518,0.4848671559055118,0.390625,4
-0.0035700000601562496,0.008424464107849652,0.2123773431496063,0.390625,4
0.00102918241953125,0.01518344203267806,0.4033595305511811,5.46875,4
0.0007613310508593749,0.015647197076045092,0.40419251023622044,5.46875,4
0.000675738526015625,0.00781724343080331,0.1896643466614173,3.515625,4
-0.0005398420795312501,0.005937258340621811,0.14127728776377949,3.125,4
-0.0011114297365625002,0.005155271340393771,0.11983101984251969,2.34375,4
-0.00020815042164062505,0.003705485501376644,0.10078610716535433,1.5625,4
0.00015071945078125,0.0033109879044652445,0.10773913866929137,2.734375,4
0.0012626481066484374,0.0035972238719645952,0.10429180959763781,3.90625,4
-0.00010702336694531247,0.0038691832373354998,0.10150242403858269,0.390625,4
-0.001574684115078125,0.014566893937380466,0.20874890610236216,3.90625,4
0.009253716275304687,0.017215903936162687,0.2628532095275591,0.390625,4
-0.0006512741817265626,0.00879047585675299,0.22271501952755904,5.859375,4
-0.0008912517234375001,0.009924114569865736,0.2801833848031497,5.859375,4
-0.0014504008341406248,0.007945668997734448,0.22422326771653545,4.296875,4
-0.00039752508507812496,0.0064939347441919475,0.20619448188976378,5.46875,4
-0.0006000089368749999,0.008006575813890856,0.23549558929133857,7.421875,4
0.0002969063265624999,0.007744099428050803,0.2284733663779527,7.03125,4
0.000663920512421875,0.00600607635104776,0.18466969708661413,8.203125,4
0.0002380277897656251,0.005730954170332624,0.18847297653543307,7.8125,4
-0.0002846351238281248,0.007522115769707707,0.21327005921259837,6.640625,4
-0.00064436416859375,0.006818377954871629,0.18464567568897639,5.859375,4
0.0004183085422656249,0.004796755481674019,0.14669742251968507,5.859375,4
-8.732378804687498e-05,0.0045673056956769065,0.13367365657480312,4.6875,4
0.00014023169054687505,0.004825530767009498,0.15428155819291334,4.296875,4
-0.23316469625,0.30655121853339595,1.087441181102362,0.390625,6
0.0197246924609375,0.05827018456863029,0.9275704173228349,0.390625,6
0.011253848648515623,0.033493448574394534,0.4946155692952755,0.390625,6
0.0002645848716171875,0.0075963227955462825,0.16158932267165352,0.78125,6
0.0035016371184140626,0.007755125813110818,0.1693031523566929,0.390625,6
-0.0013952329179687502,0.013314180346062262,0.18332357047244094,0.390625,6
-0.008309441211718751,0.012224383251785586,0.13022293212598424,0.390625,6
0.00630355190625,0.016204513092611148,0.10362903724409449,0.390625,6
-0.0011463438984374993,0.021477365218575697,0.10851209354330707,0.390625,6
-0.0155688613828125,0.012262071372145718,0.11519027322834645,0.390625,6
0.0056854098125,0.019449293927037505,0.14648348897637795,0.390625,6
0.009557226253828127,0.014658262396912654,0.13857521331496062,0.390625,6
-0.009972692785234376,0.00961428354030603,0.10360763693700788,0.390625,6
-0.006396914784218751,0.013312425832204185,0.14590249109448822,0.390625,6
0.043939519082812496,0.06553439065505963,0.5486695658267716,0.390625,6
0.0105137031515625,0.03779158337176745,0.2844688299212599,0.390625,6
-0.006297390371249999,0.010604752595616461,0.23572528462992126,5.46875,6
0.00019727909578124976,0.010754090790132202,0.26087605872440944,3.125,6
0.004046533780859375,0.007919555980940967,0.20266218427559055,7.421875,6
0.00041685200289062513,0.0074369611890944065,0.14475007329133854,0.390625,6
-0.00017500397109374992,0.006340623679281385,0.1215126083464567,0.390625,6
0.0029939984773437503,0.005468405303259134,0.14158998122047245,0.390625,6
0.0001512608656250001,0.006135944916977331,0.1549626866929134,3.515625,6
0.0007439106359374998,0.005735674470621599,0.12574939472440944,3.515625,6
0.0022146412890625,0.005104162728487631,0.11712153586614171,0.390625,6
-0.00078676877578125,0.005317685568359063,0.11141444818897636,0.390625,6
0.00027710361406249997,0.005349512392604223,0.1242405649606299,0.390625,6
0.00010170048390625004,0.005307443545057666,0.1261292737007874,0.390625,6
-0.0033767146460937504,0.007131179140939751,0.14626021033070868,1.953125,6
-0.0013646278046875009,0.24237175559732488,4.949297445275591,1.953125,1
0.016317445812499998,0.23064124488033197,4.539481866141731,1.953125,1
-0.006714688265624999,0.23282000699782326,4.379416629921259,1.953125,1
-0.010417205820312499,0.2294357422961237,4.21712568503937,1.5625,1
0.013945584789062498,0.25678623615820817,5.236631822834645,1.953125,1
0.008163936101562495,0.26238731248119024,5.945892260629921,1.5625,1
-0.010866770592187502,0.2435135121053662,5.564725441732284,1.953125,1
-0.009447337529687499,0.2402451623153042,4.82276568503937,1.5625,1
0.011064913968749998,0.23586732096110113,4.861131818897638,1.5625,1
0.013357037765625,0.23606414891929334,4.953906259842519,1.953125,1
-0.006471708765625002,0.23516877708421138,4.328870070866142,1.953125,1
-0.016137097199218752,0.2183396608099089,4.121013960629922,1.5625,1
-0.0016283036757812515,0.21609700342406019,4.649824872440946,1.5625,1
0.021367796671875,0.22723126519071674,4.9409064125984266,1.5625,1
0.01135621790625,0.22280432249087684,4.5921415590551184,1.5625,1
0.011638615296875,0.24251386963646232,5.165662107086615,1.953125,1
-0.017059973132812503,0.24308233873978605,5.098650244881889,1.953125,1
0.0056284007265625,0.23272487425688326,4.796857716535434,1.953125,1
0.00716660925,0.24777619258289713,5.086231688976378,1.953125,1
-0.0217689555890625,0.23811410487593945,4.682846110236221,1.953125,1
-0.003911442089062499,0.22504122514565383,4.684308179527558,1.953125,1
0.0151244903984375,0.23863780358008524,5.036347163779526,1.953125,1
0.012845366070312501,0.22513761522931003,4.710501275590552,1.5625,1
-0.0095119306171875,0.21785857314133872,4.272193033858267,1.5625,1
-0.0181197723203125,0.2072472937626274,4.243507490551182,1.5625,1
0.009721482749999996,0.21601673205420285,4.560974066929134,1.5625,1
0.0156520352109375,0.22900594961592136,5.1093993,1.5625,1
0.002701515304687499,0.23096745963648269,5.4484845125984265,1.5625,1
-0.00531852128906251,0.4876840333456507,7.262976908661417,1.953125,3
0.0320327390859375,0.49885223816628205,6.714538986614174,1.953125,3
0.004229474570312495,0.4257229842785333,5.613656653543308,1.5625,3
-0.028056885140625,0.42165639141690475,5.890670149606298,1.5625,3
-0.008072773203125,0.4526536174593621,7.028326903149606,1.5625,3
0.0319423075625,0.46323770141973947,7.020135123622047,1.5625,3
-0.006130792179687503,0.4737431414192718,6.764029370078741,1.953125,3
-0.0334105451875,0.47123757645862185,6.897244999999999,1.953125,3
0.003742733554687499,0.46018992705762257,7.481337803149606,1.953125,3
0.0316904003125,0.4556568303217455,6.912866881889763,1.953125,3
-0.018354576310156256,0.43209117788410334,6.4360864251968515,1.953125,3
-0.017504466599218754,0.4057694514434638,6.194638448818897,1.953125,3
0.031196405101562498,0.4321849126642962,6.522388681102362,1.5625,3
0.011839309445312491,0.4628838426712801,7.133716212598424,1.953125,3
-0.02055169438281251,0.46174949977877594,6.628926393700787,1.953125,3
-0.013499767499999989,0.4458283683600598,5.911834984251968,1.5625,3
0.0023443432265625036,0.45448595656313956,6.030560703149605,1.953125,3
0.0338414338515625,0.4692187159506188,6.612623959055117,1.953125,3
-0.007590598578124996,0.4135770972725341,5.370572381889764,1.953125,3
-0.0276078888046875,0.3896699150933623,5.649036397637794,1.5625,3
-0.0137700369140625,0.4140506551652128,7.012377466929134,1.5625,3
0.0324112501171875,0.46078785435261516,7.206437033070866,1.5625,3
0.009555951726562501,0.4925740256061155,6.465280322047244,1.953125,3
-0.035002177890625,0.4771333380901844,6.596009417322835,1.953125,3
-0.0212541330390625,0.3136407377192156,4.737386799212599,1.5625,2
0.0103557106796875,0.3028280226504142,4.280934464566929,1.5625,2
0.024423828695312497,0.3032083449423426,4.01387525984252,1.5625,2
0.016772370835937505,0.31101902405250353,4.698391850393699,1.5625,2
0.004909850117187503,0.315557590493126,4.968444637795276,1.5625,2
-0.0052580140390625085,0.33499082225367993,5.7132793464566936,1.5625,2
-0.014597974062500007,0.30422094374857106,4.9659826,1.5625,2
-0.006875418674999998,0.29252759191357935,4.462405240944882,1.5625,2
0.0067091993640625,0.3063943003300155,4.486420843307086,1.5625,2
-0.014022111054687501,0.31320275469633513,4.3063669251968495,1.5625,2
0.019496220429687502,0.3207279606158081,4.367833200787401,1.5625,2
0.018889622687500003,0.3282199924104292,4.8746306173228335,1.5625,2
0.0018834104296874994,0.3193442994586976,4.819181916535432,1.5625,2
-0.0161099489140625,0.3180037154697482,4.410937392125983,1.5625,2
-0.009305694132812502,0.32482696125936356,5.143964518110237,1.5625,2
-0.004574525890625007,0.3123744439951131,4.925390380314961,1.5625,2
-0.014583131453124997,0.2978585758345504,4.258534404724409,1.5625,2
0.005999929429687502,0.3306997229285675,5.038238791338583,1.5625,2
0.022833393796874997,0.33347433445869656,4.528153523622047,1.5625,2
0.012634417859375004,0.34725440560624293,5.719734755905511,1.5625,2
0.004267255921874994,0.3110892298861138,4.72213738031496,1.5625,2
-0.028036169695312498,0.31036022666254975,4.372020687401573,1.5625,2
-0.013035142226562497,0.31504309947229014,4.91721057480315,1.5625,2
0.008297944062500002,0.2885700868740342,4.423798377952756,1.5625,2
-0.0014646953554687484,0.2909330272553591,4.037752398031496,1.5625,2
0.001099951868007812,0.013034049361405727,0.27396690999606294,2.34375,5
0.0026848743953515625,0.007459605844983135,0.16821707999606297,1.953125,5
0.0011880934209375,0.006041401182881363,0.14379244259842522,4.6875,5
0.0009761358827421874,0.0037494749604922847,0.08372936329842522,3.515625,5
0.0009312988004765625,0.002974314164725943,0.07995516822755906,0.390625,5
-0.000979400770703125,0.004753433982684576,0.11320590193700787,3.90625,5
0.0007806612789062499,0.0071332361493584295,0.1804775452755905,6.25,5
0.0010737971984375,0.007220026730137146,0.18509298724409448,1.953125,5
-0.0009629446953124999,0.005206514425901781,0.1254512192913386,0.390625,5
-7.6032024921875e-05,0.0035846144249246756,0.09089168188976376,1.171875,5
8.438600171874986e-05,0.004529199366018763,0.12761145173228347,2.34375,5
-0.000808990803046875,0.005284062375172033,0.14294339952755905,2.34375,5
-0.0014695431425781251,0.004316130257383786,0.10187104362992126,2.34375,5
-0.0005424266253906251,0.0030014979882890275,0.07580888902362204,0.390625,5
0.0004983086514843751,0.00324621378757481,0.0794051467480315,0.390625,5
0.0296974839171875,0.02922153734207099,0.26936153818897635,0.390625,5
0.001955614875,0.012340099826589696,0.16598666173228346,0.390625,5
0.0004025872171875,0.006968382436691186,0.12903386110236217,0.390625,5
0.0004843067876562499,0.0060806824090519265,0.11451908031496065,3.125,5
-0.0014552432849999999,0.0051594662105069865,0.12243551188976376,4.296875,5
0.00041374101562500007,0.0064144716088662445,0.1442038718897638,3.90625,5
0.00019681815398437476,0.006992738668223839,0.16676601984251974,3.515625,5
-0.0008855686995312501,0.00768893970537012,0.19397406039370077,3.515625,5
0.00039806646609375,0.0072624118505045,0.18227884814173223,1.953125,5
-0.00032938516242187507,0.009738053448902294,0.23502627003149604,4.296875,5
0.0005465844920312499,0.009771329094329262,0.2458076917716535,4.296875,5
0.0004020724773437498,0.006358009012319305,0.18650179274015743,0.390625,5
-0.00193936831875,0.005298302215937523,0.15634409488976375,3.515625,5
0.0093406024578125,0.02653215371046191,0.2821735802362204,0.390625,4
-0.0024164223124218745,0.00505321925717741,0.08470846716535432,0.390625,4
3.710991015625002e-05,0.005037061353328263,0.12553250969685037,4.6875,4
9.221773609374999e-05,0.0061802844196472756,0.17468347685039368,0.78125,4
-0.000594106974140625,0.007262737837297745,0.1817116162992126,0.390625,4
-0.0015557077864843747,0.00848294254386982,0.19336184614173227,0.390625,4
0.001134523409765625,0.007146497354245676,0.17591325141732286,0.390625,4
0.001358783239296875,0.0039280118927978456,0.12468062177952753,7.8125,4
-0.000233095015078125,0.0021684214618185316,0.07427178396850392,2.734375,4
0.000138688104140625,0.0020116926156182693,0.05805484793700788,0.78125,4
0.00012269847960937494,0.0019547270414265855,0.056051801181102354,0.78125,4
-7.840163226562508e-05,0.002402836772525321,0.0698878722992126,0.78125,4
0.03860961022015625,0.10249814167676304,0.30457019379527567,0.390625,4
-0.011394042157031253,0.018787430013995136,0.18515931196850396,0.390625,4
0.00138291185,0.008614890033438906,0.2319849274015748,0.390625,4
5.831796875000047e-06,0.008074497643500909,0.2469800772047244,4.296875,4
0.00107517109484375,0.005944246659880669,0.14916178885039366,3.90625,4
0.00044767634367187507,0.002575639562954296,0.07045398341732284,0.390625,4
0.000210436258828125,0.0026337539021951567,0.07993157970866142,5.46875,4
-6.0144466562500005e-05,0.0027331876573034497,0.08099255549606299,5.46875,4
-0.000459135627609375,0.0021693533612757703,0.06623500637795278,3.125,4
-0.000184222300265625,0.0020136831669129293,0.06022875795275591,0.390625,4
-4.592497390625e-05,0.0022521149863453695,0.06761515870078741,0.390625,4
0.00020334871132812496,0.0022268081593440694,0.06436293203149607,0.390625,4
-0.00042290204295312495,0.0022742638129031414,0.06275704068661417,0.390625,4
0.00015205361853124993,0.003464608527037971,0.08405308706456693,0.78125,4
-0.14168620297031248,0.21381804887804304,0.8236070864566929,0.390625,6
0.00597896867421875,0.015771999811364203,0.1202703313385827,0.390625,6
-0.0028284318749999997,0.011617525062541382,0.08616080141732284,0.390625,6
0.0002713905687500002,0.012165664666708592,0.09295120362204724,0.390625,6
0.0010287769179687504,0.01133636746878812,0.07323398661417324,0.390625,6
0.0013811608062499997,0.012403405812388302,0.07127701984251966,0.390625,6
-0.0014189151109374998,0.013883301321613174,0.10270241062992128,0.390625,6
-0.00463190600390625,0.010359964411027768,0.11784457157480316,0.390625,6
-0.0019249647609375,0.011119903357845667,0.11149381669291339,0.390625,6
-0.0007375702468749999,0.010616497461145166,0.09901022787401575,0.390625,6
-0.00413455512890625,0.009688343484407318,0.09660342566929138,0.390625,6
-0.0039223081492187496,0.009913230273802793,0.09032576244094488,0.390625,6
-0.00147524248359375,0.00817376570340072,0.0822567016535433,0.390625,6
0.005741682306250001,0.02024500338637142,0.18955710629921263,0.390625,6
-0.021940567388304688,0.04285732417993873,0.2878151829527559,0.390625,6
0.007843045251539062,0.011175665132479046,0.08266877980314963,0.390625,6
0.0020022663296874995,0.01630997718711331,0.08439440905511812,0.390625,6
0.00015289053671875013,0.015302252535214762,0.0804727283464567,0.390625,6
0.0017713227932031252,0.01462813998836114,0.08397950047244095,0.390625,6
0.00030922475414062487,0.013700394578351094,0.08623432842519686,0.390625,6
-0.00015515201562499976,0.013533739943544657,0.08151768031496062,0.390625,6
8.290983164062498e-05,0.012511574348964152,0.08468650507874013,0.390625,6
-0.0001415839344531252,0.013289115009203505,0.11073414972440945,0.390625,6
-0.00339152544109375,0.012866143589398036,0.15387537362204723,0.390625,6
-0.00250588001875,0.012188258275395448,0.17705822992125986,0.390625,6
-0.003218322453125,0.01029379944497936,0.15534187417322828,0.390625,6
-0.001785586541171875,0.011151406299952902,0.10085844188976378,0.390625,6
-0.0143238340625,0.113267738249644,1.9327710842519688,1.5625,1
0.0017303105078125018,0.14758478707630457,2.356053488188977,1.5625,1
0.011118987031250001,0.172564818624123,2.8230775826771652,1.5625,1
-0.003885204984375,0.18251062550303515,2.9656911023622046,1.5625,1
-0.018126302023437502,0.18394783725976976,2.834877223622047,1.5625,1
-0.005191648047656253,0.18844082566204198,3.0369771763779534,1.953125,1
0.011989995467968747,0.2040956212602589,3.587924574803149,1.5625,1
0.0056053466562499986,0.19493923602563606,3.4807533094488194,1.5625,1
-0.0054214689609375,0.17942541964906636,3.1177307984251974,1.5625,1
-0.0067484489453125,0.19694938863340414,3.3780188354330707,1.5625,1
-0.003936380072656252,0.2124052478413953,3.396302338582678,1.953125,1
0.00864244913828125,0.21284707930333824,3.206971959842519,1.953125,1
-0.004556073367187499,0.21584573363784412,3.4982624716535424,1.953125,1
-0.011006463586718754,0.21578257888590993,3.798828064488189,1.953125,1
0.013872004342968747,0.19776382838674897,3.388914659409449,1.5625,1
-0.0153116886953125,0.1863144542607744,2.8431791464566927,1.5625,1
0.004960919851562498,0.2020240970537013,2.8540302999999994,1.953125,1
0.007545745554687502,0.20987100896946614,2.9351715220472445,1.953125,1
-0.014220728914062501,0.20215298115149843,2.9628007673228347,1.953125,1
0.010091410046874997,0.2055586561245329,3.03556721496063,1.953125,1
0.0014000771875,0.20101948538984168,3.1278044133858267,1.953125,1
-0.022574930515625,0.1934294151801516,3.2256634094488192,1.953125,1
0.014251283765625001,0.21200761593867354,3.276561917322835,1.953125,1
0.014278989921875,0.23355391959896554,3.327099543307086,1.953125,1
-0.005683865374999998,0.24143149897263086,3.2368228740157474,1.953125,1
0.0007218250078125004,0.2464053322564563,3.602735653543308,1.953125,1
-0.012166367593749998,0.23081706458456716,3.675886543307086,1.953125,1
-0.006305837742187502,0.20651187591829048,3.2056376653543306,1.953125,1
0.010889416519531252,0.18192048147996823,3.046355314173228,1.5625,1
-0.007650865010156249,0.21275307009862182,3.488630681889764,1.5625,3
0.0011267559921875024,0.2345871075508115,3.8685023582677163,1.5625,3
0.004880180609375003,0.24565496473257356,3.6288702374015758,1.5625,3
0.0072883811671875,0.2840377061372152,4.798364585826772,1.5625,3
0.004516418925000001,0.291442517662459,4.85818043543307,1.5625,3
0.0217207783828125,0.2833461423912133,4.289352674803149,1.5625,3
0.010679835601562495,0.2866735275668457,4.039805921259842,1.5625,3
-0.028559802039062502,0.27469182347404986,3.7941157716535434,1.5625,3
-0.022879716453124997,0.2853382941242103,3.96804909448819,1.5625,3
-0.00018574800781250012,0.3004643378803507,4.002556708661418,1.5625,3
0.0121545464921875,0.2589955963906872,3.804396868503937,1.5625,3
-0.0005403057109374977,0.2739854242174335,3.9030913448818896,1.5625,3
-0.0008306862031250009,0.28965985936427296,4.134096251968504,1.5625,3
-0.0052919862421874995,0.2849763672626876,4.3316064566929136,1.5625,3
-0.008458749757812498,0.29570164802675186,4.735323637795276,1.5625,3
-0.01681788395546875,0.3341895505976191,5.403080777952756,1.5625,3
0.018482552294531246,0.4113828445592112,6.728988659842521,1.953125,3
0.012464057890624998,0.4315763443689789,7.235057704724409,1.953125,3
-0.016062016492187497,0.3281576157789967,5.561985396850395,1.953125,3
0.011614335253671879,0.349767683899716,5.951772961417323,1.953125,3
0.008445566214609372,0.3624277473099182,5.9825982606299215,1.953125,3
-0.004259975929687496,0.3902264133638499,6.334674479527558,1.953125,3
0.004493574617187496,0.4082985361333852,7.0157764637795275,1.953125,3
-0.025375247265624998,0.37681052402169524,6.346038070866142,1.953125,3
-0.012653645859375,0.3895281476353748,7.003704976377953,1.953125,3
-0.022909322765624997,0.2116361615360529,2.8687669921259844,1.5625,2
-0.0135158824453125,0.20885035935835716,3.107994837795275,1.5625,2
0.000710550296875001,0.20416900370629243,2.7886494755905504,1.5625,2
-0.02116076306875,0.19494901251509375,2.398902262677166,1.5625,2
-0.013733502365625,0.1946868684736688,2.4532889535433062,1.5625,2
0.0107721496171875,0.20099162632819753,2.576032574015749,1.5625,2
0.011371290781249998,0.19788706266933803,2.630838043307087,2.734375,2
0.017759924765625,0.2148446127067701,2.724287381889764,1.5625,2
0.008466116140624999,0.2240436599085319,2.660927551181102,1.5625,2
-0.025792613117187498,0.20106506806057675,2.2949660118110238,1.5625,2
-0.045840107500000005,0.2535962186781548,3.6628877952755907,1.5625,2
-0.029192445920312497,0.23225109370604424,3.4167482125984256,1.5625,2
0.009658262564062499,0.21124200959426087,3.188033955905511,1.5625,2
0.0036521335468749994,0.21008554684549371,3.067874812992126,1.5625,2
-0.012904827101562502,0.1949175852593871,3.0066704283464567,1.5625,2
-0.0202000728046875,0.1953659776593904,3.126365437007874,1.5625,2
0.01449501321875,0.23078290817896085,3.3171234818897646,1.953125,2
0.028855176580468753,0.24449012870852116,3.5221416000000003,1.5625,2
-0.044296041890625,0.26980766037294635,3.846167496850394,1.953125,2
-0.016206529999999997,0.244656218013828,3.849223506299212,1.953125,2
-0.006454636632812498,0.22198285335096177,3.3494527850393694,3.515625,2
-0.011061760296875,0.21548522106806128,3.184836409448818,3.515625,2
-0.008281124906250001,0.21545815460858375,3.2362084700787395,3.515625,2
0.0236233346328125,0.22207908009897162,3.1641236181102363,1.5625,2
0.0073693794140625,0.22099818948076036,3.2517063937007875,1.953125,2
-0.02129592426953125,0.2086310130840567,3.1632257704724407,3.515625,2
0.0024811095156249997,0.025794462044311676,0.5384750453543308,2.34375,5
-0.0006059135695312502,0.02411839958061636,0.45170799,4.296875,5
-0.00045831875156250015,0.010132391550777442,0.26745260456692915,0.390625,5
0.0014750642914062501,0.009675268729293817,0.2567213765354331,3.90625,5
0.00102112389765625,0.009521371265399042,0.2624735377165354,5.46875,5
-0.00070958671015625,0.013467618495610522,0.3052232081102363,3.515625,5
-0.0005476029457812499,0.012224322059835384,0.24590873488188972,2.34375,5
-0.0009223868470312501,0.015499265146713992,0.2446186242519685,3.125,5
-0.00023022066992187492,0.015794526901266683,0.25601616779527564,3.125,5
0.0011223198124999999,0.006144732794887165,0.14661442585826773,3.125,5
0.0002419351847656249,0.006716919970126582,0.1347331395590551,1.953125,5
-0.0008643549417187501,0.009964851706691737,0.2198282513385827,2.34375,5
0.01927032670625,0.01848103782575545,0.1722622374015748,0.390625,5
0.00043414290507812496,0.007103964687780251,0.10410311173228348,0.390625,5
-0.00025255443765625005,0.0036767211879310162,0.08136542356692913,0.390625,5
0.001293009896328125,0.004830419276350719,0.10386087226771654,3.90625,5
-0.00046532085,0.005571786735833974,0.11871912429133857,4.296875,5
-0.001005071201484375,0.0041304699180124745,0.10244417251968503,3.515625,5
0.0008495892804687499,0.0036449750994952328,0.09730783306299212,1.5625,5
0.0008016178874140625,0.0034914772409052534,0.08592686888976378,3.515625,5
-0.0001439498761015625,0.002507657383683269,0.06611801742519685,3.515625,5
8.319287890625008e-06,0.0018954302081565881,0.05321657320472441,1.953125,5
-0.0004832911531484375,0.0025571061143238407,0.06824778913149607,5.46875,5
-0.0002151249577578125,0.0031735446508758974,0.09259592110787401,5.078125,5
-0.0002353026428125,0.008869823062677161,0.14044883275590547,5.078125,5
0.00337533564625,0.024817687808016093,0.45415401289763774,1.5625,4
0.0006663219945312504,0.007368067786582335,0.22221454984251968,3.125,4
0.00119809441390625,0.005596174607364577,0.1744502937007874,3.515625,4
-0.0002768269030468748,0.010241162825085682,0.20492111027559057,1.5625,4
-0.0009199628028906245,0.012481524228221198,0.22652088795275593,0.390625,4
0.00099743184375,0.008371035863862876,0.11092693464566927,0.390625,4
0.0008087865639218748,0.0029754661286564726,0.07064386965354329,0.390625,4
-0.00045106798490624996,0.0021499908455307535,0.07206352677165354,4.296875,4
-0.00017968202999999998,0.0022957561599624998,0.07849383196062991,8.984375,4
0.000448495511875,0.0025991907345545443,0.08146781997637796,0.390625,4
-3.5261499140625005e-05,0.002694774582227822,0.07812810698425197,0.390625,4
-0.00033170260718749995,0.0023639697699790237,0.08087525047244094,0.390625,4
0.040419086296875004,0.11559363957968635,0.32515260393700784,0.390625,4
-0.013819614103124999,0.021010595995458615,0.08089771771653542,0.390625,4
0.0030594497640625,0.005300530812203623,0.0662567212598425,0.390625,4
-0.00010471329374999987,0.0037426678734116545,0.06944592700787401,0.390625,4
-0.00044977986281250013,0.003469802385602047,0.086976811496063,0.390625,4
-9.372901203125002e-05,0.0033081641840900953,0.09235870066141733,5.46875,4
-0.00013245114921875,0.0033154729901315855,0.09016015443307088,5.46875,4
-0.000285873824609375,0.0032010051140219874,0.08226160314960627,0.390625,4
-0.00040880232460937507,0.0025569291911630974,0.0759943761417323,0.390625,4
-0.00012991900296875,0.0025264064394687723,0.0780142447440945,5.078125,4
-0.11568756510937502,0.16435142907637287,0.5379388543307085,0.390625,6
0.011759798429687501,0.015775842202103825,0.11053887637795279,0.390625,6
-0.0037069557109375,0.019850290775137443,0.11313349527559052,0.390625,6
-0.0045444580218749996,0.01858018550910286,0.18723013763779528,0.390625,6
-0.0030138328742187505,0.017014791711955083,0.1775221301574803,0.390625,6
-0.0081059983034375,0.010178083239191777,0.09845977878740156,0.390625,6
0.004332244036171875,0.010424723132946151,0.08345823154330707,0.390625,6
0.0037343975083593754,0.0172995021495264,0.09799080393700785,0.390625,6
-0.0065105839390625,0.017333581866817403,0.10191268519685041,0.390625,6
-0.00168567496953125,0.015814293137962298,0.09032686803149609,0.390625,6
0.00045042255312500014,0.012984369970734305,0.07595091905511811,0.390625,6
0.0017609722890625,0.014139358248844202,0.08453204173228346,0.390625,6
0.0023651560007812503,0.018064241768753646,0.12223560157480315,0.390625,6
-0.002562391538281251,0.038742313764432094,0.23660382165354332,0.390625,6
0.0015682274460937487,0.022387507287761912,0.09438935433070868,0.390625,6
-0.003794890280468751,0.01731577433453249,0.08437653811023624,0.390625,6
-0.0013359734304687503,0.015246113482528832,0.0792471664566929,0.390625,6
-0.0008725728789843749,0.017305364149212375,0.08306295740157482,0.390625,6
0.0017176991483593754,0.017198924733282335,0.09172403023622047,0.390625,6
-0.006335314501015625,0.013301691357124116,0.09195151574803148,0.390625,6
0.0013481920670312501,0.014898115863815682,0.09397804323622047,0.390625,6
-0.0016199149335156253,0.014444540475545414,0.0953023928425197,0.390625,6
-0.00016755009609375007,0.013981154960717503,0.08900076692913388,0.390625,6
-0.00024851934124999993,0.013720175963305454,0.08555272448818899,0.390625,6
0.0068762989853125,0.020605521392021774,0.1554549406299212,0.390625,6
-0.0049960397656250025,0.20162825794786124,3.385867547244095,1.953125,1
-0.0140404667578125,0.21332938789083888,3.5480717598425193,1.953125,1
0.00469519478125,0.24663851977017298,4.206665736220472,1.953125,1
-0.010875929062500001,0.2621307697430741,4.353076377952754,1.953125,1
0.0001542961718750016,0.2519003945323436,3.9622462440944886,1.953125,1
0.015048773615625002,0.24440105568526616,3.736215159999999,1.953125,1
-0.0156875412203125,0.22466320975992776,3.469160341102362,1.953125,1
0.004949374289062501,0.24563123484748914,4.021464637795276,1.953125,1
0.0064568406328125005,0.2586179481916981,4.347552514173229,1.953125,1
-0.0025765614687500013,0.25355985591510416,4.199673552755907,1.953125,1
0.008762960507812502,0.2529026305212661,4.16098423543307,1.953125,1
-0.012943652437500001,0.24286811944152562,3.796843803149606,1.953125,1
0.005054018374999999,0.24454666225676913,4.050438196850393,1.953125,1
0.0177583384453125,0.21928649707129766,3.99932994015748,1.953125,1
-0.015035560411953124,0.1878141134712429,2.896214416535433,1.5625,1
-0.0080897129375,0.21577342482865772,3.457325783464567,1.953125,1
0.016840687015624998,0.21763217000400784,3.4517536062992127,1.953125,1
-0.0067721186562499985,0.2243326083140664,3.3876288527559053,1.953125,1
-0.0017052105156249954,0.23956912014266663,3.7586404905511808,1.953125,1
0.0085724064953125,0.24938217820575515,4.054278283464567,1.953125,1
-0.013568768660937503,0.2488458354996517,3.8960827244094487,1.953125,1
0.008237884703125,0.24859351247197692,3.6080012574803146,1.953125,1
-0.003704160413281248,0.24961859710438902,3.584787988188977,1.953125,1
0.0036495254304687507,0.26556238019439565,4.126381588976377,1.953125,1
0.008640923640625,0.26795246822580376,4.676566330708662,1.953125,1
-0.0192328673515625,0.2542041894676431,4.416237070866143,1.953125,1
0.013719177796875,0.2479792234312053,4.356743326771652,1.953125,1
0.0157574619140625,0.24011551096282466,4.3168483700787394,1.953125,1
0.02831804129296875,0.40625323162138827,5.853074303543307,1.5625,3
0.032417268906250005,0.38781979629727054,5.824344811023622,1.953125,3
-0.009759731015624998,0.3698463702552348,5.002829795275589,1.5625,3
-0.030837561164062492,0.37095852193684564,4.8781523385826775,1.5625,3
-0.0025390565546875004,0.38637278370337585,5.434443984251967,1.5625,3
0.021580934609374994,0.41150541264974777,6.254622811023622,1.5625,3
-0.0022638375468750005,0.40505922413584106,5.984880031496062,1.953125,3
-0.009505762859375006,0.41136396941955206,5.975447173228345,1.953125,3
0.013799045468749998,0.38575256756110876,6.072338409448819,1.953125,3
-0.020269960937499994,0.3382898844351306,5.277176503937006,1.953125,3
0.0196036759296875,0.3654209419703114,5.801350543307087,1.953125,3
0.022701611984375005,0.38739135732936597,6.369651921259842,1.953125,3
-0.025975392507812504,0.3464407631108135,5.190185436220471,1.953125,3
0.013425213562500003,0.38956191341471413,6.19417118425197,1.953125,3
-0.00034952896875000035,0.40834193361386045,6.518619688976377,1.953125,3
0.016472957117187506,0.3645689146012432,5.929097141732283,1.953125,3
-0.008296934140625004,0.34819869500605244,5.502793023622048,1.953125,3
0.0038723151718750033,0.3809458837834,5.960251070866141,1.953125,3
-0.007161911249999995,0.37953741109615485,6.035601251181103,1.953125,3
0.016322857093750004,0.38758226546602875,5.80964121574803,1.953125,3
0.008491704843750001,0.3870470293204281,5.631823141732282,1.953125,3
-0.0218913538515625,0.37928583793518844,5.867928712598426,1.953125,3
-0.01082621595429688,0.2838796854092409,4.143180165354331,1.953125,2
-0.035513952859375,0.24726691672914988,3.7728893858267716,1.953125,2
-0.029480122757812505,0.22804757563969608,3.405253309448819,1.953125,2
-0.004827508273437503,0.23472337921627687,3.5305350354330707,1.5625,2
-0.00032560796249999843,0.24261534903125473,3.572355244881889,1.5625,2
0.005619891943750002,0.23591241140746066,3.2140698535433074,1.5625,2
0.026757375474218748,0.2365254955650755,3.283928972440944,1.5625,2
0.010529530571093747,0.22885578291309094,3.26806574015748,1.5625,2
-0.003404053614062501,0.22131236464441584,3.0409406377952757,1.5625,2
-0.04537848127343751,0.2752530028118091,4.1108792779527565,1.953125,2
-0.008778642845312502,0.26920212370228114,4.357631628346457,1.953125,2
0.024768415928125,0.25080797092779344,3.8457738622047253,1.5625,2
0.0007444419203124992,0.22738682510690683,3.3747343700787407,1.5625,2
-0.0176313634859375,0.21427651221602328,3.1738982118110237,1.5625,2
-0.0073833603828125,0.22434117364146372,3.233821975590551,1.5625,2
0.008049280187499999,0.22208090495292368,3.4707295866141736,1.953125,2
0.0017744157265624973,0.21095022841442265,3.301585818897638,3.515625,2
-0.0337986076796875,0.3093028940065083,4.259523082677164,1.5625,2
-0.015308160875000004,0.3018698014076388,4.351004622047244,1.953125,2
0.007950926398437502,0.2381384168442404,3.730165025984252,1.5625,2
-0.009935862773437498,0.231318430417788,3.5914959125984245,1.953125,2
-0.021806567234374997,0.23314600802646826,3.4206918976377954,3.515625,2
0.005598573710937499,0.23853152503775024,3.3992584566929134,1.5625,2
0.023848010101562497,0.24087447380283425,3.5338184070866143,3.515625,2
0.0014549708906249998,0.21874496136622232,3.263319954330709,1.5625,2
0.004756617731796874,0.017399200101053364,0.4082312645433071,0.390625,5
-0.0014554594886718752,0.007764881462387333,0.2269061920866141,3.515625,5
-0.0005830723291406249,0.005588482982235676,0.1547518668740157,0.390625,5
0.00035212550109375005,0.0033511204779284104,0.08280136537795275,1.953125,5
-0.000152443287765625,0.0023002185768741814,0.06213088128346457,1.171875,5
-2.1125325015625035e-05,0.002232452682959884,0.060849954677165356,5.859375,5
-0.00017124714865624998,0.002274475095073255,0.059966048181102356,1.953125,5
-0.00047957075406250007,0.0021282275931265495,0.05843533236220472,0.78125,5
8.238910735937498e-05,0.0021561404460809478,0.06341836913228348,0.78125,5
0.0003871882005625,0.001834089206461806,0.05724320147086614,5.859375,5
-4.567119497656249e-05,0.0017608643722146781,0.058981381685039365,5.859375,5
-0.0003293780349765625,0.0019649555437829414,0.06267193722047244,5.078125,5
0.00014918475767187502,0.0019376242621337834,0.060079835251968514,1.953125,5
0.007218749854062501,0.016920363251705286,0.14033858901574803,0.390625,5
-0.00106705664046875,0.002459518212971962,0.05594439374015748,0.390625,5
0.000539615212578125,0.0017958707924079433,0.05160453089370079,1.953125,5
0.0005047837397734376,0.0018950940342645647,0.0558003085476378,0.78125,5
0.0002879530300859375,0.0025792261143339386,0.07251509842598423,1.171875,5
-0.00017167465945312505,0.0026889318559752615,0.07481788157480317,5.078125,5
-0.00018672872929687494,0.002238367833045421,0.06199257611811025,4.6875,5
0.00018536814062499997,0.0019386208281836463,0.05459280242519685,4.296875,5
-0.00017556895421874997,0.002100761251442633,0.05727210164566928,3.515625,5
-0.05057734466015625,0.0650072472519163,0.18382897417322833,0.390625,4
0.0037970765765625004,0.01117574975263749,0.09266261062992123,0.390625,4
-0.001057712134375,0.008348476933300505,0.12041050893700787,0.390625,4
-0.00258103311546875,0.00587200558723803,0.09712594067716537,0.390625,4
0.0011301392103515626,0.003848642021161364,0.07379805878346458,0.390625,4
0.0014426133405859374,0.0032905880275206764,0.07170341216141732,0.390625,4
0.002673619980390625,0.003734559214604471,0.07419794787401572,0.390625,4
0.001583218178125,0.004146606159646438,0.06603358779527561,0.390625,4
0.02177828575359375,0.039937594528077096,0.23895938070866138,0.390625,4
-0.00307439936296875,0.006098676094803504,0.11031716646456693,0.390625,4
0.0009968263014062501,0.0038073923444750454,0.09208474904724406,0.390625,4
-0.001050732024921875,0.003568461696156967,0.07225828212598424,0.390625,4
-0.001404512889140625,0.0033152114525090695,0.08154229970866142,0.390625,4
-0.00021321498617187494,0.0031756215295660295,0.085829680007874,3.515625,4
-0.0010722111796875001,0.0030232611715633804,0.08321491159842517,3.90625,4
-0.000218827906328125,0.0028088577360305556,0.07184622160629918,0.390625,4
-0.000574559860234375,0.0032113948523952393,0.07825829451181104,0.390625,4
-0.00220791370390625,0.0028303797446657115,0.0913370114015748,2.734375,4
-0.0003137206696875,0.0029085015138505333,0.07747153475590551,0.390625,4
-0.00027917679820312503,0.0029790740892937117,0.07423016468503937,0.390625,4
-0.000567194877734375,0.003174023840485037,0.07025571736220472,0.390625,4
0.0002621387927343749,0.002928954015589695,0.06642770213385826,0.390625,4
0.0202163140234375,0.02102572254056029,0.10776619393700787,0.390625,6
-0.00124866357109375,0.0086233065071326,0.08621089598425195,0.390625,6
-0.0009009834995312501,0.00487372976967296,0.0868063337007874,0.390625,6
0.00119103848953125,0.0029372221454267854,0.06463575700787401,0.390625,6
-0.0006483504969531249,0.003200826962706401,0.07586150492125987,0.390625,6
0.000563425419453125,0.0034119142010501885,0.07926080984251968,0.390625,6
0.001090397493515625,0.002543105417702592,0.0722246510984252,0.390625,6
0.000153508015078125,0.002639475011344813,0.06590160768503936,3.90625,6
-0.000361779768203125,0.0024777304588993795,0.06441744765354328,3.90625,6
-0.000615969391796875,0.0024717055347414298,0.06686509887401575,3.515625,6
0.00014923533492187496,0.0023683357423527063,0.06155709666929134,3.515625,6
0.00024055401664062494,0.0034114685851779473,0.08009423236220473,3.125,6
0.00017229761859374998,0.003708348367493872,0.09560936440944882,3.515625,6
0.02014793575078125,0.025972231158004455,0.16174439826771658,0.390625,6
-0.0026197171749999994,0.004730861067229272,0.0885283090551181,0.390625,6
-0.0019146371575781249,0.00374744410881608,0.09284671822047247,0.390625,6
3.6637137734374966e-05,0.0030120636596105517,0.0923636199527559,4.6875,6
0.00026323548810156254,0.0030092656569409033,0.08510604632519686,3.125,6
-0.00010306033799218748,0.003141246973314797,0.08803687126220472,3.125,6
0.0012502127192187498,0.002972795240246204,0.07819773981889763,3.125,6
0.0013980022105390625,0.003272240720005467,0.0803395390551181,0.390625,6
0.00040797166615624993,0.002917516227656499,0.08118555422834646,0.390625,6
9.746586932031249e-05,0.002411988826184655,0.07648044928976376,3.515625,6
-0.000318840239890625,0.002991076187391056,0.09031753760472443,3.515625,6
-7.002299304687513e-05,0.0026613745827159647,0.08477017002362205,6.25,6
-0.014280671585937502,0.2525337054849669,4.229658333858268,1.953125,1
0.011769340468749999,0.2510339022421551,4.480415692125985,1.953125,1
0.0021942494609375,0.2307040139756931,4.281714933070866,1.953125,1
-0.015760917078125,0.22627588047822478,4.148998813385827,1.953125,1
0.0014708997812500069,0.2336494911908654,4.093093124409448,1.953125,1
0.012891442015624997,0.23608523725938038,3.822364661417323,1.953125,1
-0.0168089703125,0.24782767648400642,4.032875368503937,1.953125,1
0.0046777252343749975,0.2642925180462818,4.32634491968504,1.953125,1
0.00992295465625,0.25657015917876763,4.318089582677167,1.953125,1
-0.0165604649453125,0.2434969453173427,3.8301127086614177,1.953125,1
0.008993390945312499,0.2400637321291886,3.7758227047244097,1.953125,1
0.01333838720703125,0.2437926406587781,4.297873527559055,1.953125,1
-0.012049142011718752,0.2370938103579312,3.5713273503937004,1.953125,1
0.010879725117187499,0.25219756176183517,4.028241766141733,1.953125,1
-0.012809924605078122,0.26965634510489855,4.609521974015748,1.953125,1
-0.01228034970664062,0.27948068239060625,4.789306054330709,1.953125,1
0.009360409109375002,0.262294490917686,4.715625097637796,1.953125,1
-0.009366848392187497,0.253890808785023,4.392517585826772,1.953125,1
0.008654590881249999,0.26603263891516604,4.388992023622046,1.953125,1
0.0121909339765625,0.2671385717071427,4.562464496062992,1.953125,1
-0.014704710779687505,0.26738736169517385,4.335772019055118,1.953125,1
-0.004599226529687497,0.2603497129089253,4.091059483622049,1.953125,1
0.0022422713828125027,0.2261070162144359,3.651902362204724,1.953125,1
0.0224716785546875,0.19719455366112634,3.256950662204724,1.5625,1
0.007112392242187501,0.3295325188821465,6.113784339370078,1.953125,3
-0.0030202690937499964,0.2932655463418934,5.700127897637796,1.953125,3
0.0024156772109375016,0.3133512346505204,5.599050480314961,1.953125,3
0.015355212750000001,0.32883452988247747,5.6490172078740155,1.953125,3
-0.006687795851562498,0.28116971948549185,5.412038798425197,2.734375,3
-0.0195434546796875,0.2805200966646056,5.578936013385828,2.34375,3
0.016798839403125,0.29700338146518535,5.787402621496063,1.953125,3
0.020486870609374996,0.39830438708021204,9.090385763779526,2.34375,3
-0.0028042535882812514,0.37322733114202905,8.453644281102363,1.953125,3
-0.004315344642968753,0.3030962713537702,6.442446218897638,1.953125,3
-0.0066106069921875055,0.3360569990193353,6.722767396062993,1.953125,3
-0.003217017085937501,0.3352717142217861,7.455817222047244,1.953125,3
0.0145717225078125,0.347176348335294,7.296323500000001,2.34375,3
0.0087749228671875,0.3243322936168366,7.724607551181102,1.953125,3
0.00011614343749999758,0.31383295058607347,6.853139279527558,1.953125,3
0.017414516539062497,0.335723068223555,6.397415363779526,1.953125,3
-0.010251500750000002,0.33321274997654887,7.72632297007874,1.953125,3
-0.022985702375,0.3106662302840013,7.036523866141732,1.953125,3
-0.0133398276875,0.30156780821900303,6.748967629921259,1.953125,3
0.036681454705468755,0.2877543403701294,6.062063125984252,2.34375,3
-0.0295953031171875,0.2609903177967508,4.487678055905511,1.953125,2
-0.0033040025031249986,0.23544175828423514,4.413844300000002,1.953125,2
-0.007618886260937503,0.25509608101538456,4.272977303149605,1.953125,2
0.013156681171875002,0.287123513400175,4.526835677165353,1.953125,2
0.0367892190046875,0.27758242623445567,4.805207020157481,1.5625,2
-0.0255390463390625,0.27010658209606897,4.515243823307086,1.953125,2
-0.024741375937499997,0.26554159292966767,4.202037531496064,1.953125,2
-0.0273747467421875,0.2926584128883994,5.082101933070866,1.953125,2
-0.019235469328124997,0.26183603598389227,4.772994596850394,1.953125,2
0.0401355757109375,0.28909459038055435,4.430633427559054,1.953125,2
0.022392835968750004,0.2971164387802001,4.7172539448818895,1.953125,2
-0.028424646437499996,0.25086061209379534,4.118161246456693,1.5625,2
-0.009480917406249999,0.2497166728414077,4.283616762204724,1.953125,2
-0.013844914710937503,0.2588277729132409,4.950178940944882,1.953125,2
-0.02002685051796875,0.29964342053559034,5.275928395275591,1.953125,2
-0.029921156139062502,0.31084093838144133,5.5537995523622055,1.953125,2
0.021463713527343747,0.3217638961509854,5.52527212559055,1.953125,2
0.034062656171875,0.3094203953462777,5.825300518110235,1.953125,2
-0.023657011292968752,0.2737960690067499,5.085116741338582,1.953125,2
-0.007561430238281248,0.2584788976808942,4.0123327271653535,1.953125,2
0.015667040265624994,0.2539452367257425,4.452219937007873,1.953125,2
0.001208467070312499,0.029215192845609122,0.4568507881102362,0.390625,5
-0.004271965958765625,0.0092623375178137,0.12053205725984252,0.390625,5
0.0008625151415468749,0.0030573776702435096,0.08653740225984254,0.390625,5
-8.0190628203125e-05,0.0025675205326720868,0.0720420873425197,3.515625,5
-0.00035652118841406256,0.0022058066395378682,0.05650532922283463,0.390625,5
-6.419308052343754e-05,0.0019406596038216938,0.052586897687401574,0.390625,5
0.00047236807203125,0.0017708391024896359,0.06035042784251967,3.125,5
-0.00013000063953124997,0.0018437904695222018,0.05664289514173229,0.78125,5
-0.00028070425682812496,0.0016963093132807898,0.04747404098425197,0.78125,5
-0.00018942391581250003,0.00174390636910675,0.05602969630118111,3.515625,5
4.699795945312499e-05,0.0018001956432622255,0.05324220548031497,3.90625,5
0.00035768109553125,0.0015640747270256065,0.04177286730708661,4.296875,5
-0.000138864147984375,0.001848125375685455,0.05395173112598425,1.171875,5
-0.00029918938296874997,0.0021632959068506037,0.06814266177952755,5.078125,5
9.463224945312502e-05,0.00189935780007804,0.05127594183464565,1.953125,5
-0.00018752589960937502,0.001914740331030806,0.056531135299212595,1.953125,5
-0.006657088859375,0.054897495995642684,0.32266887559055124,0.390625,5
0.014224361629609375,0.011616468261528073,0.07228520747244091,0.390625,5
0.0021472053687500003,0.003246263544186922,0.0633655409055118,0.390625,5
0.0014766907791406252,0.0037514779717391137,0.08872318215748032,2.734375,5
0.0005161283056250001,0.004463433939542502,0.09398833289763778,2.34375,5
-0.00057205424296875,0.003298252505881418,0.07653566803149607,2.34375,5
0.000822027416578125,0.0028849582771619717,0.07263418781259842,3.125,5
0.001205478853296875,0.0023684659456294503,0.07195563182834644,4.6875,5
0.00171406607671875,0.00397479450164367,0.08353698507874016,0.390625,5
0.004096255009765626,0.004798586541019394,0.10711299472440945,0.390625,5
-5.233043256249999e-05,0.007862469415943533,0.14611940988031497,0.390625,5
-0.003296667443109375,0.006016382220672409,0.12367658447086612,0.390625,5
-1.4287528468749698e-06,0.0033128330658145815,0.07075611318692915,0.390625,5
0.000631403251840625,0.0017735027977540418,0.05398038035228346,3.125,5
-0.00022528289734375002,0.0017992389270449327,0.05236656030708659,3.515625,5
6.2140335859375e-05,0.0018989473270183321,0.05597850281889764,0.390625,5
-0.030414600583046875,0.0353558653245481,0.15203916944881893,0.390625,4
0.00034562261070312497,0.006314821401249989,0.07643753236220471,0.390625,4
-2.2993044843749985e-05,0.0038056300730231365,0.08824821007874016,0.390625,4
-0.0007714250909375,0.002966708972803282,0.0789256852598425,0.390625,4
-0.0008380936034375001,0.0025103663948700685,0.06875296086614174,1.171875,4
0.001378515457578125,0.0035200500745262253,0.06491177355905513,0.390625,4
0.00056094588375,0.0037956542395250195,0.053094855125984254,0.390625,4
-0.0011300889446093749,0.002591759093299648,0.04195361745669291,0.390625,4
-0.00079244576125,0.0025090764466160274,0.04285718822047244,0.390625,4
-0.00103434880640625,0.0026039746999949984,0.05839216055905512,0.390625,4
0.00056112270546875,0.0041396520181266015,0.09259560191338584,0.390625,4
-0.0228791350640625,0.029963370509289156,0.3013938771653543,0.390625,4
0.0030310794906249997,0.00896384767882061,0.10419268488188978,0.390625,4
0.0009720829124999999,0.005705225432456379,0.06676240228346456,0.390625,4
-0.001993278005921875,0.0033052288136441884,0.08127666467716536,0.390625,4
-0.00022343372123437505,0.0035213506938113794,0.09449884879133859,4.296875,4
-0.000409438273125,0.003519564243275525,0.09085876243307087,4.296875,4
-0.00030717729671874994,0.0029429857182478787,0.08814780173228347,4.296875,4
0.00017393754062499997,0.002857818770373224,0.09215227947244092,4.296875,4
-0.00028373448984375004,0.0029350670708098436,0.07917949180314961,1.5625,4
-0.0006274261052343751,0.006556996708675374,0.11339220888188978,0.78125,4
-0.002756019382734375,0.008755168129398822,0.1979444089763779,4.6875,4
-0.0052161982039062495,0.018400868220240573,0.45648472330708656,4.296875,4
-0.0013910344335937496,0.020505640871444162,0.49929685090551174,4.296875,4
-0.143922992953125,0.18550503164033685,0.6022922669291337,0.390625,6
0.0078467907859375,0.02596392218565282,0.2109501322834646,0.390625,6
-0.0022508347453125003,0.01780114083987624,0.38863542913385823,0.78125,6
-0.0025676840604687496,0.018180128170727384,0.5482275864094488,5.078125,6
0.004636639073125,0.01879509697668041,0.42430326514960637,0.78125,6
0.01807562553984375,0.021777899141781434,0.36122744645669297,0.390625,6
-0.00256889798203125,0.033636052509594776,0.37095510984251967,0.390625,6
-0.016306460984375,0.02307374961212827,0.35185171425196843,0.390625,6
0.00134493946328125,0.015446019508621074,0.20009333220472442,0.390625,6
-0.007333124784375001,0.015157942854825154,0.1040843679527559,0.390625,6
-0.00874709863828125,0.014789047234044303,0.08816938661417321,0.390625,6
-0.00309966715234375,0.012725433485688744,0.08025979330708662,0.390625,6
-0.0020471244557031254,0.015747080699908,0.08886572887401574,0.390625,6
-0.061583684492968756,0.17597932048884368,1.3452814445669292,0.390625,6
0.043124916402343755,0.04033290788840699,0.5848371188976377,0.390625,6
-0.007366300144531249,0.041856560829598904,0.18746826259842517,0.390625,6
-0.016766500637992187,0.026468744083844,0.14878117228346452,0.390625,6
-0.009449101022367188,0.01955804150866298,0.14105342976377955,0.390625,6
-0.01181138905625,0.022674524685142982,0.13173430188976376,0.390625,6
-0.00339026435234375,0.0180949996068804,0.1177962842519685,0.390625,6
-0.0018777525007812501,0.01833305602878894,0.10591912913385826,0.390625,6
0.006573299471796875,0.018944216961295772,0.09374990078740156,0.390625,6
-0.004818572865703126,0.019103491448800324,0.10628886236220472,0.390625,6
-0.00039283912031249957,0.021768536635475524,0.10331575763779528,0.390625,6
-1.987804687500342e-06,0.02025029137873705,0.10460003834645669,0.390625,6
-0.0004363905648437496,0.018369268684782978,0.1067389383464567,0.390625,6
-0.00012972291796875017,0.017855574414953366,0.0878759716535433,0.390625,6
0.0019771484109375,0.023524259869264597,0.09113972307086614,0.390625,6
0.003081511881250001,0.025474850199780994,0.09347298370078738,0.390625,6
-0.007906834828125,0.27863010269923777,4.401295351181101,1.953125,1
0.006761645945312504,0.3202466788996475,5.299999110236219,1.953125,1
0.007233783640625002,0.34355612054837037,5.61972478031496,1.953125,1
-0.0025283054921875023,0.3236259745724317,5.1822298716535435,1.953125,1
-0.005010570257812502,0.3003805016733692,4.707691264566929,1.953125,1
0.007680913874999997,0.2960285750990872,4.880331133858268,1.953125,1
-0.0055905086718750045,0.2951337129918892,4.8034217007874025,1.953125,1
0.003176313257812499,0.28971634461926826,4.620162696850394,1.953125,1
-0.006644201632812498,0.27691810492184266,4.496618001574803,1.953125,1
0.004454241437500002,0.2781976711802644,4.702613643307085,1.953125,1
-0.004338271960937499,0.2684494004364459,4.372060905511812,1.953125,1
-0.013672232507812502,0.24145675152394705,3.687479251968503,1.953125,1
-0.015431932148437497,0.27404919590427035,4.329576976377953,1.953125,1
-0.002094036484374999,0.3015359417187807,4.6058727165354325,1.953125,1
0.002764618820312502,0.287440305821744,4.583051960629922,1.953125,1
-0.003693963945312498,0.27198889199499915,4.245828677165356,1.953125,1
0.014283759786718751,0.27777422062928214,4.646445346456693,1.953125,1
-0.01940590004921875,0.2849559316614978,4.689097078740158,1.953125,1
0.0016234543750000031,0.29981660812913935,4.688674173228346,1.953125,1
0.0005592915007812515,0.2970261767461612,4.7151422834645675,1.953125,1
-0.00495707638203125,0.2928162171311959,4.749364468503936,1.953125,1
0.005569067289062498,0.30617485475424694,5.215104653543305,1.953125,1
-0.0093473058046875,0.2903633600218251,4.706615724409448,1.953125,1
0.016095113366406247,0.24384496954984863,3.878639152322834,1.953125,1
0.02224170253125,0.370730611298186,8.332477833858267,2.34375,3
-0.016334649085937507,0.33723536085855643,7.3755257708661395,2.34375,3
-0.0204983091171875,0.34504990795762003,8.096324000000001,1.953125,3
0.014794057382812498,0.3522085361567377,8.781500613385823,2.34375,3
0.0022181609140624996,0.3613221406248185,8.065445408661416,2.34375,3
0.0036104874374999945,0.37034936165207916,8.11811807086614,2.34375,3
0.01545731925390625,0.3376811038354393,7.565530465905512,2.34375,3
-0.011824242330468752,0.3055041840117701,6.860276477716536,2.34375,3
0.0030308117187500087,0.3052539937177068,7.630507858267716,1.953125,3
-0.007660726156250002,0.3102200744547626,7.213668047244094,3.515625,3
-0.012494162914062504,0.3172656642319504,7.195606443307086,1.953125,3
0.019700985703124993,0.34811162829438536,8.345577764566928,2.34375,3
0.017356208085937498,0.34714574077470717,7.940902555118109,2.34375,3
-0.017667744289062495,0.3541142610630809,7.965616202362203,1.953125,3
-0.015167771429687501,0.35905489488722725,7.0805086125984245,1.953125,3
0.001043022507812491,0.3663692029479527,7.884089504724408,1.953125,3
-0.0042659779707812494,0.370767965481493,8.040148070661418,1.953125,3
0.005777355154218752,0.3662581679196421,7.7169325549133845,2.34375,3
-0.0074881576705468755,0.24954573196177027,4.288392970212599,1.953125,2
-0.031410167389296875,0.27119681323077377,4.6398405961968505,1.953125,2
0.0037747014445312496,0.2949030121594982,5.493051897637795,1.953125,2
0.02228342231171875,0.2992273885917285,5.301100625984253,1.953125,2
0.006064830054687501,0.2622812156084242,4.161566886614174,1.953125,2
-0.016359627570312497,0.24759931609613414,3.64006868976378,1.5625,2
-0.007171412289062502,0.2511324163348137,4.130447678740158,1.953125,2
0.007073320578125,0.23595210725458524,4.150384143307086,1.953125,2
-0.040634429421875,0.25224404269358336,5.192418984251969,1.953125,2
-0.0017794941734375,0.25100730954391876,5.159559756692913,1.953125,2
0.028835202075,0.24926623836285547,4.925417232125983,1.953125,2
-0.0039024942046875025,0.2310292875012029,4.545257461259843,1.953125,2
-0.013081456382812506,0.255674573079272,5.102314193700788,1.953125,2
0.011118756765624996,0.2965351710656234,6.053716358267716,1.953125,2
-0.029719371078125004,0.28295719627426896,4.865355348031496,1.953125,2
0.0016835837156249991,0.27057537217030014,4.279102327244095,1.953125,2
-0.006891817128125,0.26690854790252055,3.896412277637795,1.953125,2
0.008846685193750002,0.2783272327880468,4.897640031496063,1.953125,2
-0.0162537159390625,0.2701541519123248,5.104196952755906,1.953125,2
0.01370464703125,0.2519832888740229,4.027080539370078,1.953125,2
-0.0009350223476562498,0.013227427973230834,0.24789816783464566,4.296875,5
-0.0010104928942968753,0.002619209021532791,0.0703244451968504,2.734375,5
0.000445889764453125,0.002323196115360054,0.0693804627007874,0.390625,5
7.698822140624997e-05,0.0026766379786596606,0.07620464848818898,0.390625,5
-0.0006582963935937499,0.0026655166606508953,0.07845989472440944,1.171875,5
-0.00125386202421875,0.00323654816840477,0.07546983598425196,0.390625,5
0.000583519447890625,0.00414606028538852,0.07238374918897636,0.390625,5
0.00162437332609375,0.0028129907155855205,0.06733930052755907,0.390625,5
-0.000264124279453125,0.001997820625767446,0.0643461416535433,1.5625,5
-0.0007089219824999999,0.0022407991930497163,0.06611734874015747,4.6875,5
-5.798659437500003e-05,0.0026591776518970953,0.06381035582677165,0.390625,5
-0.001192350089140625,0.00487659333177885,0.12129478252755906,0.390625,5
0.0010648184971875,0.001973940744729384,0.06154322078740156,0.390625,5
-1.9794391994531162e-05,0.002133945644707633,0.05530246022834645,0.390625,5
-0.0005994696472289064,0.0019677788337522277,0.06429737492913387,5.46875,5
0.00033993972109374996,0.0021990114712600725,0.06260623644094489,3.90625,5
0.0006033894090625,0.002230090523756302,0.06389404643307087,2.734375,5
-0.00013021116328125004,0.0019588958940727854,0.05941054968503937,0.390625,5
-0.00016837995430937498,0.0016864179638900675,0.05475607903149607,2.734375,5
-0.000303946506965625,0.0019948918860245583,0.05527819666929134,0.390625,5
-0.00021336103562499999,0.0026141562469983973,0.07295771452755906,0.390625,5
-0.011153173793906249,0.01331386735978345,0.1008319094566929,0.390625,4
-0.00011539819929687502,0.0034060173783334066,0.07642382122047245,0.390625,4
0.00020764179828124997,0.002536342667356881,0.058634936212598424,0.390625,4
3.026918804687495e-05,0.003499768318800392,0.09750136826771655,5.859375,4
-0.000165159759296875,0.0051207811565670445,0.15046712942519685,2.34375,4
-0.000406808036484375,0.004339541516909121,0.11864501529921262,1.171875,4
2.0592314921875045e-05,0.002735410998589575,0.07119541784251968,1.953125,4
0.0005484329374218749,0.0023591090839724747,0.060518344055118106,3.515625,4
7.449584078125004e-05,0.001735332836964146,0.05341809318897638,0.390625,4
1.2703090703125014e-05,0.0018808199111624408,0.05879853141732283,1.953125,4
0.0005742125836718751,0.0018900703270260883,0.059472542362204714,4.6875,4
-0.0009451171942187501,0.003793091716949335,0.07941484525590552,0.390625,4
-0.0026350361892187504,0.003904321139376176,0.09660715772440945,1.171875,4
-0.0023609433765625,0.003426341737070255,0.09723516070866141,1.171875,4
0.009331593547500001,0.026013464985553535,0.25399302864566925,0.390625,4
0.0004776720792968749,0.0037307392711471788,0.0876759302519685,0.390625,4
0.00039262576859374997,0.0029147854722498968,0.07329964806299213,0.390625,4
-0.000350313876953125,0.002508286943900804,0.0716450578031496,3.125,4
0.00042421835812500006,0.00256864735134834,0.06808043685826771,4.296875,4
-0.000377239596640625,0.002677546051561142,0.06784644196850396,4.296875,4
-0.0004144198130468749,0.0029129477473611633,0.07275202157480315,1.171875,4
0.0004934664507812499,0.0028906386903622436,0.07052365763779526,1.5625,4
-0.00016645231046718745,0.0024658574340566167,0.059208234566929134,0.390625,4
2.3325652657812463e-05,0.002233656760849525,0.053547842267716535,0.390625,4
0.000498540446640625,0.0022367907491853602,0.05557052443307085,0.390625,4
0.00022677682945312504,0.003602727604736348,0.08261701641732286,3.515625,4
0.017645566650390625,0.0395916287280611,0.2741500280314961,0.390625,6
0.004081701665156251,0.016867363419226122,0.07980354408661415,0.390625,6
-0.003659781326640625,0.004438459654280789,0.06888960597637798,0.390625,6
-1.08583804687504e-06,0.0026466423094785646,0.06058519041732283,0.390625,6
-0.0007503724849218749,0.003398387738122179,0.08294393096850396,1.953125,6
-0.0024632461266406247,0.004978140990388208,0.11357888070866141,1.953125,6
-0.000736163064140625,0.005112636077898708,0.09549565889763778,0.390625,6
0.00077022099796875,0.0024850168865297516,0.05926093738582677,0.390625,6
-2.8859545937500017e-05,0.002320035148930014,0.056792968503937016,0.390625,6
2.5623365187500013e-05,0.0025809732360369347,0.06457138241732285,0.390625,6
0.00035779575917187505,0.002187928860387779,0.059432136291338575,0.390625,6
-0.00035562085109374996,0.0022752629796921925,0.05580563637007875,0.390625,6
-0.00030239010109374994,0.0027028721720476724,0.07548526251968506,0.390625,6
0.00035678451078124994,0.0026858290809234475,0.07484429070866139,3.125,6
0.015184592612499999,0.0195251748982971,0.1365630005511811,0.390625,6
-0.0024589491013281253,0.00602006775670217,0.07234437200787402,0.390625,6
-0.001327948958203125,0.003245210241262908,0.05381904972440945,0.78125,6
0.00023919735765624993,0.0016839621515482028,0.04817738480314959,3.125,6
-0.000274909618515625,0.0017703565951014495,0.04612195110236222,3.125,6
-1.320418009375003e-05,0.0021533070729066817,0.06127326311181101,2.34375,6
-2.3139775015625037e-05,0.0023155270881029823,0.07416366374173228,2.34375,6
-0.0003051653237968751,0.002099732335257878,0.05748037071181102,3.125,6
-0.000483205579734375,0.002042985552038403,0.05829270379055118,3.125,6
-6.418835742187499e-05,0.002021157419944713,0.061952475086614174,0.390625,6
0.00013999551078125005,0.0024470108482890236,0.0625761961023622,0.390625,6
0.00025438831867187505,0.0029199917175303284,0.06998509200787402,3.515625,6
0.00015117169807031257,0.0025946056683186914,0.06697938938582676,3.515625,6
-0.00043189217755468755,0.0021356166907845267,0.061802700370078734,3.515625,6
-0.00016312995046874999,0.002092534966997144,0.05400816901574803,3.125,6
-0.0004588687967968751,0.012809486055820324,0.19793962499999998,3.515625,6
-0.02532474153984375,0.18806855241867512,3.0722821967716536,1.5625,1
-0.005642739313281251,0.2061021481157391,3.3591793148818896,1.5625,1
0.014335104351562501,0.2079925503072755,3.5865980748031494,1.5625,1
0.0015346965312500026,0.19918625583103167,3.3205746062992127,1.5625,1
-0.006204196218749999,0.1902413383142617,3.1397341173228352,1.5625,1
-0.0012700884273437497,0.18813029064810388,3.16051929448819,1.5625,1
-0.0012360325392968738,0.18126827423224665,2.9947708960629917,1.5625,1
0.0020598752989843755,0.17001733515392903,2.989750315748031,1.5625,1
0.00951205373125,0.16899353649419785,2.9816876818897637,1.5625,1
0.00791558746953125,0.15118195528959055,2.6190193929133856,1.5625,1
0.00064631376640625,0.1301365400413058,2.3174560496062986,1.5625,1
-0.003773109750000001,0.14247050111129786,2.4609206401574806,1.5625,1
0.0007210115546874996,0.1573214869840528,2.688462318897637,1.5625,1
0.006281610484374998,0.16434373964199417,2.6987009724409448,1.5625,1
-0.007771350093750001,0.16990043486736348,2.9088394496062997,1.5625,1
-0.008872108648437498,0.16295027027213047,2.5804766086614173,1.5625,1
-0.01347222215625,0.16741991408881654,2.845484355905511,1.5625,1
-0.0007524727031249993,0.16944543478228394,2.6885067755905507,1.5625,1
0.01685219215625,0.18235009957216358,2.882717783464567,1.5625,1
0.013200720382812501,0.19026139877889786,3.0501500000000004,1.5625,1
-0.003971144960937499,0.1745886604863014,2.9077086850393696,1.5625,1
-0.00701735040625,0.15988010118845677,2.85781892992126,1.5625,1
-0.005413561523437499,0.16772810249987613,2.887872520472441,1.5625,1
-0.004048665718749999,0.17081790594068652,2.8410319984251973,1.5625,1
-0.0007594820468750018,0.1729257391596103,3.008719687401575,1.5625,1
0.0106493390234375,0.18976408235068448,3.304555000787402,1.953125,1
-0.00513620346875,0.16782830750976707,2.8934118543307097,1.5625,1
-0.011330157398437499,0.16873605829281044,2.9147860866141735,1.5625,1
-0.008241253117187503,0.16629482581423255,2.6923706299212595,1.5625,1
0.03129863903125,0.3532209310096394,5.023236834645669,1.5625,3
0.0014406240312499928,0.338773063309909,4.589693874015749,1.953125,3
-0.023820546953125,0.35796112980397266,4.775675181102363,1.5625,3
0.004131195078125004,0.34977149672181135,4.640454511811025,1.953125,3
0.03128426003125,0.3740985785159211,5.191195889763779,1.5625,3
-0.023218806765625002,0.4245959305965172,6.5252855,1.953125,3
0.003329075078125001,0.4303095392544956,6.252506921259843,1.953125,3
0.031029853328125,0.3998439764903186,6.356909881889764,1.953125,3
0.014714220578124998,0.4086253699855944,5.730985992125983,1.953125,3
-0.009454757742187498,0.3949680015106113,5.442733496062992,1.953125,3
0.017435743093749997,0.40746430579245413,5.709766492913387,1.953125,3
-0.024813337117187508,0.38643792859769366,5.465126256692913,1.953125,3
0.008776714835937503,0.3923600675263132,5.800331519685041,1.953125,3
0.014968527624999997,0.38695756626370054,5.027046645669291,1.953125,3
-0.0158339541859375,0.35368206711489825,5.45782760472441,1.953125,3
0.034907580390625,0.3611056695696797,5.2430823118110235,1.953125,3
0.01992148553125,0.3485245824108242,4.741801525984253,1.5625,3
-0.03242100596875,0.34981216591628495,4.827999228346456,1.953125,3
0.014120453929687499,0.3875153759560698,5.310414110236221,1.953125,3
-0.0025004827343749984,0.4004369250024543,5.704774007874017,1.953125,3
-0.011185152867187501,0.3820970469058379,5.692220228346456,1.953125,3
0.0322713631796875,0.3763937947644561,5.805574118110237,1.953125,3
-0.009987597468750003,0.26141410932111714,3.2525272204724405,1.5625,2
-0.0244557626015625,0.2627727275765681,3.3091964212598426,1.5625,2
-0.0015879945968750022,0.22378641449859998,2.908052937007874,1.5625,2
0.0028396779031249954,0.22539999146993642,3.2081120838582673,1.5625,2
-0.0032377066249999996,0.2524984761787497,3.811030628346457,1.5625,2
-0.0030348183828124995,0.23519581045861546,3.4131644921259845,1.5625,2
0.008654771749999996,0.24403932013964347,3.1654261968503934,1.5625,2
0.010444592234375001,0.27008855147121114,3.3771678582677165,1.5625,2
-0.016195231385937495,0.2523221233815012,3.3039427645669295,1.5625,2
0.0068607348750000016,0.25871987382599476,3.4266345881889757,1.5625,2
0.006420460648437499,0.23632204753957542,2.998713076377953,1.5625,2
-0.0008848935414062526,0.22122080621231668,2.771528881889764,1.5625,2
0.006779514357031249,0.233382229039059,3.004957779527559,1.5625,2
-0.010112559984375,0.2123423970695067,2.778194669291339,1.5625,2
-0.0065964915156250005,0.2253783228381426,2.804544440944882,1.5625,2
0.009246560226562499,0.24216191412108834,3.053485291338582,1.5625,2
-0.009909644039062498,0.22467455635968248,2.699139677165355,1.5625,2
-0.022152396187499996,0.2646906526113941,3.2685789346456695,1.5625,2
-0.014246379375000003,0.25822866008073914,3.460489729133858,1.5625,2
0.002212789859374999,0.2421961234789929,3.33083268503937,1.5625,2
0.019590646609374998,0.24766128475411625,3.5435455338582673,1.5625,2
0.010606585812499998,0.2602593898494796,3.6579871086614175,1.5625,2
-0.008079667,0.23767528106807795,2.7538187169291346,1.5625,2
-0.002082080656249996,0.24402426724142007,2.869009602362204,1.5625,2
-0.00037073848437499477,0.25838331115706165,3.37725711968504,1.5625,2
-0.0027297294781249994,0.25578359318294225,3.3355757480314954,1.5625,2
0.0006487295780234375,0.005614459427669428,0.10908970711811025,0.390625,5
-8.690365046875009e-05,0.0033914110681377545,0.07704739727559054,0.390625,5
0.0008781911301562499,0.0024051034680410677,0.07706776777952755,7.03125,5
0.00016048068914062497,0.002307704952419327,0.07710689302362206,3.90625,5
-1.5261389062499992e-05,0.0023052371618271818,0.07332157142519684,4.6875,5
-0.00012432255117187502,0.002341747584276565,0.06711452011811024,0.390625,5
-0.00033256563828125006,0.002751926721398961,0.08765872283464567,7.03125,5
0.00025130546595312494,0.002864499635027611,0.09722252760393703,0.390625,5
0.0001365855878515625,0.0022883241347612694,0.07476892548582675,0.390625,5
0.00023360260205468743,0.002150919651034045,0.07399363748818898,5.46875,5
-5.869652515625004e-05,0.002683359321967224,0.08969671421259844,0.390625,5
-0.0005544508453125001,0.002466690242044091,0.07961558802755905,4.296875,5
0.0002486973358593749,0.0022179112543658916,0.07182523385826771,1.5625,5
0.00036245350320312494,0.0030363112712460377,0.08828913515748028,5.46875,5
0.003569203807421876,0.011987655358136064,0.13994239772834643,0.390625,5
-0.0016562808301562497,0.003152842710150085,0.06582393807874015,0.390625,5
0.00017161792148437507,0.002359100337075097,0.063512813496063,3.125,5
9.918163963281248e-05,0.00209979600973125,0.06381165769842519,2.34375,5
6.608646097656251e-05,0.0018894299318100941,0.060885341107874025,6.25,5
-0.0002152739738125,0.002730326355709589,0.08142562973228343,1.953125,5
0.000139605164375,0.00280322755555312,0.0807353360472441,7.421875,5
0.0002985715898671875,0.0020958642207568406,0.06448542933858267,0.390625,5
-0.00019030161036718746,0.0024446696099437028,0.08159042203937007,7.421875,5
6.396452874999996e-05,0.0024350119900229763,0.07729153098425197,8.203125,5
-1.4991618515624984e-05,0.0019806772116005024,0.06419875788976377,3.515625,5
5.213407500000001e-05,0.0037419444027310942,0.08694514214173228,2.734375,5
-0.006151637865,0.014568271354929264,0.08841864096062992,0.390625,4
0.002134614865703125,0.004482075145912472,0.08295754324409448,0.390625,4
-0.00098182895078125,0.003012340647521028,0.0814965071535433,0.390625,4
-0.000467390281328125,0.002827049711265963,0.07750087801574804,0.78125,4
0.00020118991578125004,0.002213177434224657,0.05646456297637795,0.78125,4
-0.0028487724165625,0.01001198166884256,0.1751031795275591,3.515625,4
-0.0021337232573437497,0.010621657781549077,0.21312555094488186,3.515625,4
0.0008922775241171875,0.005417463969423244,0.1393768653149606,3.125,4
0.0010527979494296875,0.004734449158430539,0.11859416644094488,2.734375,4
0.001129291003046875,0.002117908781907057,0.056986823149606305,0.390625,4
-0.001413848009609375,0.0071602470899991945,0.11539708509448816,0.78125,4
-0.00014913516117187487,0.00830913804014421,0.14100620417322832,0.390625,4
-0.0011525661525781249,0.010279095834475237,0.20682078086614172,0.390625,4
-0.00288836888046875,0.012663938030688,0.3186105651968505,0.390625,4
0.002367857315078125,0.01008791648008822,0.24470623588188972,0.390625,4
0.00919932578125,0.014335388556093492,0.2956824293700788,0.390625,4
-0.0006555746062500002,0.010389691736350348,0.21636538440944883,3.90625,4
-0.001465912216953125,0.00915323914917939,0.18407217142519683,3.90625,4
-3.3150914296875046e-05,0.003371816811844237,0.07453227819685038,3.515625,4
-0.00023919813281249997,0.0023818865595247652,0.06625671804724408,8.203125,4
-9.231390031250002e-05,0.012811190968955116,0.20327905544881886,4.296875,4
1.8236351562499415e-06,0.01719158838587347,0.32738203094488194,3.90625,4
-0.0007425948289062499,0.01483033833794457,0.3008160170866142,3.90625,4
-0.0004771919507812498,0.012911748084622586,0.26224938,3.90625,4
-0.0004930011210937501,0.01727634855293186,0.38385195700787406,3.515625,4
-0.00040309278046875,0.019835461054417823,0.44077446141732285,3.125,4
0.0007989836023437499,0.01627967208454402,0.3242119417322835,3.515625,4
0.0052914489140625,0.03579406793837332,0.7879334724409449,0.390625,6
-0.0081218634875,0.016687107694094126,0.4109365595669291,0.390625,6
-0.0028497589938281257,0.008054824656043433,0.10736775053543307,0.390625,6
0.001197662115,0.00309438793122953,0.08333457413385828,3.125,6
0.001136016674453125,0.003089204114921033,0.09283452509448818,3.125,6
0.0008908499620312501,0.002837413363634408,0.08107733831496064,3.125,6
-0.0006608202041406249,0.004158911076036289,0.0977737887086614,3.515625,6
6.868179242187501e-05,0.004489405764940534,0.09731418850393703,0.390625,6
0.0006848268437499999,0.002977755804097587,0.07020343456692912,0.390625,6
-0.001292578777734375,0.002963182177897921,0.07427995299212597,0.390625,6
0.0007347547007031251,0.004929842607106841,0.10395462842519687,0.390625,6
0.0011804823278671875,0.004469701614405531,0.09740749551181105,0.390625,6
-0.0008541383226796875,0.0034894976682503923,0.08133660433070866,5.078125,6
0.0012653996521093747,0.007069885761476206,0.2134579962992126,8.203125,6
0.0010794281515624999,0.0143083078259018,0.3742337618897637,3.515625,6
0.014008860909374999,0.034189123504755996,0.3415963398425197,0.390625,6
-0.0007510310898437499,0.014199000009521155,0.10700079456692911,0.390625,6
-0.0034201277453124995,0.007155754662889772,0.09003152716535431,0.390625,6
0.0004912618882031251,0.0040669626371860265,0.09499668519685038,0.390625,6
0.00022578161914062504,0.0032372957057672314,0.08279564519685041,0.390625,6
0.00051685327078125,0.002721976705366301,0.06879245251968504,0.390625,6
-0.00020696340148437488,0.0029908151292750303,0.08467769118503934,0.390625,6
2.9404783203125013e-05,0.002626514937297102,0.06922027290944882,0.390625,6
-0.0003405693371875001,0.002499967413076458,0.05343716133858269,0.390625,6
-0.0002101543181484376,0.0024693040951011417,0.05327722122834645,0.390625,6
5.1999702890624775e-06,0.0022353088674273713,0.05526391532283464,2.734375,6
0.0004380904040625,0.0024018252249654055,0.05837164692913386,0.390625,6
-0.0173371570546875,0.19108638404307463,3.206448883464567,1.5625,1
0.0030301232109374997,0.2069023215380541,3.3895913779527556,2.734375,1
0.0084200929296875,0.22108369251818977,3.6179593125984257,2.734375,1
-0.011915752437500005,0.21226205831185405,3.8780097031496057,1.953125,1
-0.003822951390625,0.20085414514373584,3.6596605559055115,1.953125,1
0.0129764198125,0.20072725981406173,3.6239782362204727,1.953125,1
0.014555935250000004,0.1945328531072821,3.6450580858267716,1.953125,1
-0.0052020012343750015,0.20384245286581912,3.6059516692913385,1.5625,1
-0.021344131228125,0.2002296853617041,3.334284408661417,1.5625,1
0.00530620135,0.19620958631866112,3.3479134874015744,1.5625,1
0.019216498632812502,0.20827708751301077,3.683088962992126,1.5625,1
-0.004869500546874997,0.20737827415537635,3.6068651992125993,1.5625,1
-0.010567805156249999,0.19633608890055254,3.3809087440944876,1.5625,1
-0.0025971233156250008,0.1892026341149603,3.2431663976377956,1.5625,1
-0.0013854208234374997,0.18350442836881706,3.261042354330708,1.5625,1
-0.004170463851562495,0.18749505870515548,3.354850905511811,1.5625,1
-0.015231906820312502,0.2207576134481775,3.5703585062992125,1.5625,1
0.013046641583593751,0.22839544469149506,3.644056787401574,2.734375,1
0.008607931560156252,0.218586716806933,3.7009407039370084,1.5625,1
-0.016266450079687498,0.20212483351471133,3.463404901574803,1.5625,1
-0.00653451232578125,0.1926666783209836,3.2227575228346454,1.953125,1
0.011471919917968752,0.19343540807027376,3.0542051322834642,1.953125,1
0.0163511023515625,0.2087630965562105,3.422959918897637,1.953125,1
-0.0065780035859375014,0.2153882041962238,3.8357196748031503,2.734375,1
-0.014632539603125,0.214812539862333,3.8255201811023625,2.734375,1
0.010555528678125,0.22170656254619167,3.8179191889763775,2.734375,1
0.0036628229375000043,0.21852904816787194,3.730485118110236,2.734375,1
-0.014312226984374999,0.1944690801339243,3.2393459960629913,1.5625,1
-0.0024852353281250017,0.17843503967546537,2.8592124921259843,1.5625,1
-0.001379638867187498,0.16941794430586168,2.9510090417322834,1.5625,1
-0.006837300859374996,0.3592277071116112,5.093785496062992,1.953125,3
-0.02251701423203125,0.3395881973704272,4.545443703149606,1.953125,3
-0.0015049711851562522,0.3224280903810732,4.7282834354330685,1.5625,3
0.024253103265625006,0.34633334357760803,5.047095606299211,1.5625,3
0.028232033843750004,0.3639456004048624,5.031246047244094,1.5625,3
-0.019270117312499998,0.38372159470887,5.055834212598425,1.953125,3
-0.02094070009375,0.402984999287503,5.557681988188976,1.953125,3
0.010078315265625,0.3954108096847674,5.532194149606299,1.953125,3
0.014520418031250003,0.3819597556622964,5.400007448818898,1.953125,3
0.024921474296875,0.38514367363191343,5.244987992125985,1.953125,3
-0.030224612968750002,0.37040780117669514,5.513106472440944,1.5625,3
0.0030946284453125007,0.38152298777733784,5.840055620472441,1.953125,3
0.0306061094609375,0.38907912725504923,5.812836978740157,1.5625,3
-0.0293199778828125,0.40330557590634175,5.7823581653543314,1.953125,3
-0.006285906320312505,0.42725723585546627,5.49014587401575,1.953125,3
0.03645072906875,0.39840787792140187,5.306469015118111,1.953125,3
-0.01096039365625,0.3389617981087114,4.253424100787401,1.5625,3
-0.012145649439296878,0.3277160752434136,4.546893555118111,1.5625,3
-0.0007947464549218767,0.3024036526203057,4.671805413385828,1.5625,3
0.0051140107296875,0.2927586987030771,4.3985513622047225,1.5625,3
0.006756777182812503,0.2949170140490798,4.38824227559055,1.5625,3
0.005980886140625001,0.34634050160929025,5.092123062992125,1.5625,3
-0.0116568715859375,0.37404740394977254,5.239788070866141,1.953125,3
-0.0009328004750000004,0.3799601996586802,5.141365086614172,1.953125,3
-0.017017949734375,0.26066747363250165,3.281405811023623,1.5625,2
-0.037961015273437496,0.2877917639053902,3.8437965905511806,1.5625,2
-0.0117810351484375,0.2635742725480156,3.4413106377952754,1.5625,2
0.009851271745312501,0.24981538575499335,3.079649375590551,1.5625,2
0.01257192758125,0.2452530920108385,2.943834139370079,1.5625,2
0.017622884905468754,0.2474442731355136,3.0436948929133862,1.5625,2
0.015933677889843754,0.25158748855323587,3.14505028976378,1.5625,2
-0.007242186484375001,0.25199396149559566,3.1995114212598423,1.5625,2
-0.0017611155234375,0.2549919733730558,2.96904276023622,1.5625,2
-0.006293915398437502,0.26197816156878223,3.548460613385827,1.5625,2
-0.0412711500703125,0.2993878561916979,4.01702671968504,1.5625,2
-0.023217696437500004,0.27522928040657235,3.6078273779527565,1.5625,2
0.004154823250000002,0.2481457854873856,3.3826181181102366,1.5625,2
0.011180421078906252,0.24289594360504227,3.1146811314960634,1.5625,2
0.020290231539843752,0.23849214808917515,2.893412021259843,1.5625,2
0.006655420945312499,0.2453268406126262,2.9105423622047235,1.5625,2
-0.004098217210937502,0.24798764842816762,3.1326546456692914,1.5625,2
0.0045900332421874995,0.26162778690628863,3.4226056362204718,1.5625,2
-0.005439013132812502,0.24570786450037305,2.9725695173228344,1.5625,2
-0.007381024617187503,0.26549671711551903,3.277821812598425,1.5625,2
-0.00036714331093750177,0.2593677435334419,3.1627163292913387,1.5625,2
0.003781301282812497,0.22985604310382096,2.347184093070866,1.5625,2
-0.008523593203125002,0.22458945604447197,2.5148618503936997,1.5625,2
-0.025057478450781247,0.22999278136520607,2.951330993464567,1.5625,2
-0.016963459755468754,0.22880004964231007,2.7989143556692913,1.5625,2
-0.0027978146562499997,0.23702628772527715,2.9393002181102363,1.5625,2
0.0031118783515625,0.2357939073440532,2.8884410586614173,1.5625,2
0.0058669296249999996,0.23759957466738574,2.702473007086614,1.5625,2
-0.00205086491890625,0.029997888973342834,0.34891491251968487,0.390625,5
-0.008988267723593749,0.012034220073095162,0.29990511748031495,0.390625,5
-0.007098400984375,0.019276993323826878,0.48255773724409445,0.78125,5
-0.003916391390625,0.019586279848261633,0.364871779055118,0.390625,5
0.00352995299296875,0.007059380788721579,0.12260877535433072,0.390625,5
0.0035059808603367182,0.006316369645891676,0.12413001031496064,2.734375,5
0.0016742052156492185,0.004544320099669812,0.09151661379996062,0.78125,5
0.00125584549203125,0.005849292984171579,0.10121662614173227,2.34375,5
0.0015236606446874998,0.0053118470761646655,0.1010012784173228,3.125,5
0.0008811242753906249,0.0031344359922897886,0.07904102065354328,0.78125,5
-0.000577400307890625,0.002961833922886386,0.06329444574015748,0.390625,5
-0.0014326228542187501,0.002518086968439098,0.05946266059055117,0.390625,5
-0.000217051272734375,0.002202476440179748,0.05346908622834646,5.078125,5
-0.00038162139775,0.001879850993731117,0.05154946421259842,0.390625,5
-0.0008838050168125,0.0020042715117694963,0.05648010506299212,3.90625,5
-0.00021827863703125,0.0024006223319356407,0.05711509518110237,0.390625,5
0.00031535773473437506,0.002280137073322079,0.06038235444094488,0.78125,5
0.029370346534375,0.0323467088322254,0.17948783362204726,0.390625,5
-0.003039811904687501,0.010677665648180417,0.09473529133858269,0.390625,5
-0.0039962021945312495,0.006009856028835193,0.09104376614173229,0.390625,5
0.000882776560390625,0.004583867626203456,0.08466758987716536,0.390625,5
-0.0005479073332031251,0.004040445619930676,0.08026792611338583,0.390625,5
-0.0018370668396875001,0.003760042043577503,0.0727932834015748,0.390625,5
0.0008006789745312501,0.003616214090927578,0.06635614541732285,0.390625,5
0.000616431202265625,0.0033613059881665,0.07627186994488187,0.390625,5
0.002502073813671875,0.004808460506540123,0.07993403566929132,0.390625,5
0.002183794926875,0.004963711699950599,0.06976442428346456,0.390625,5
-0.0015881608835156252,0.002837647305105816,0.057233702629921265,1.953125,5
-0.0006419750674218751,0.0034507969209594644,0.05356071051181103,0.390625,5
-0.00034924600140624995,0.0038391435011222966,0.06919083922834646,0.390625,5
-0.006128379843828125,0.014066594027621525,0.180257703015748,0.390625,4
0.00038977013710937496,0.0029699484968101542,0.056828112362204725,0.390625,4
2.3211492812499974e-05,0.005055054684913531,0.09567147025196848,0.78125,4
-0.0003688159842187501,0.005319530029292972,0.10070071267716534,0.390625,4
0.0002700066490859375,0.0037950240588732888,0.08797329669055119,0.78125,4
0.0009008067958828125,0.005861926144488079,0.12382322756456694,3.515625,4
0.0005986178741406252,0.006096120718380414,0.12306627780314962,3.90625,4
-0.00014445349874999997,0.004852917529330369,0.11849705496062993,3.125,4
4.407064499999992e-05,0.0041113353267312495,0.10192569803149604,5.859375,4
0.0001243221928125,0.002557003186718755,0.0760182020472441,3.90625,4
8.32183634453125e-05,0.0022166034319046376,0.0717069818031496,5.46875,4
-0.000365377944265625,0.0031531132768817627,0.08513451400236219,5.078125,4
0.00412241071171875,0.011209518920983364,0.27805285149606296,4.296875,4
0.0009605249332578124,0.007466879429820125,0.1745061104385827,2.734375,4
-0.0004222426448671875,0.004767503615157352,0.11330562406062993,2.734375,4
0.000557850994453125,0.004243854432307783,0.09599095763779526,2.734375,4
0.00035378576773437506,0.0036581792477502757,0.08847501173228348,3.125,4
-0.0003131972095312501,0.003956006483221453,0.09076069858267716,2.734375,4
0.0001845929982812499,0.007052556529515704,0.12939494543307084,3.515625,4
-0.00012087366312500005,0.007148199199961437,0.13567937912598427,3.125,4
-0.0001877814325,0.004118978942232347,0.09444413936220472,3.90625,4
0.0002388885064296875,0.0035653946303480753,0.08615950421259842,3.515625,4
0.0002368792811953125,0.0034761415543444656,0.08818857212598426,3.90625,4
-0.00037309148671875,0.0028311426344464637,0.07451547038976378,3.125,4
-0.000653398139140625,0.0020265001861831168,0.0623506518976378,2.734375,4
0.00011520931703125001,0.0038904934818813903,0.08078441812598425,3.515625,4
-0.11461169671460937,0.17279654948009307,0.4247812855118111,0.390625,6
0.014581495762734376,0.03208731934752787,0.2830698091338582,0.390625,6
-0.00221581294734375,0.017508997015542968,0.15666256173228343,0.390625,6
-0.0015607596858515627,0.005934616022164771,0.0862482475511811,0.390625,6
0.0007871547224296874,0.004692207438486641,0.09130010503149608,0.390625,6
-0.002842197746875,0.007228404448863877,0.11675376921259843,2.734375,6
-0.0032664265010937496,0.006660421582281231,0.1147557498031496,2.734375,6
-0.001200850897421875,0.0038049566118144008,0.08505576461417323,3.515625,6
0.00036773846039062503,0.003428704334607976,0.07252999352755904,0.390625,6
0.001984065646171875,0.0035600756907173637,0.07991525392913386,0.390625,6
0.001344335140703125,0.003923786251261608,0.08528692696850391,0.390625,6
0.00226589616703125,0.004259653562696695,0.07998762462992128,0.390625,6
0.0358504495396875,0.04931431243926986,0.2437086945669292,0.390625,6
-0.0037995299032812496,0.009122865325440184,0.11985540606299212,0.390625,6
0.00050240480421875,0.008572857870972478,0.1150160117007874,0.390625,6
0.001242295492421875,0.0066939151383247145,0.11285907464566927,0.390625,6
-0.0011328081800390626,0.005359927177953703,0.11232046256692912,2.734375,6
0.004347631954414063,0.005482127837696378,0.11244438021259842,0.390625,6
0.0008178633414062502,0.0077518741002008396,0.08968425149606297,0.390625,6
-0.0009422898017187504,0.0075874468634551835,0.08357790581102363,0.390625,6
0.00451777975921875,0.007394837331516983,0.08777264588976375,0.390625,6
-8.760420312499924e-06,0.007926713255819612,0.09568570842519683,0.390625,6
0.0037514822601562503,0.00994976837099167,0.09444220196850395,0.390625,6
0.004696628686484375,0.020890100903146153,0.1950021423070866,0.390625,6
0.014839488655234375,0.031014283162130136,0.31896951120472444,0.390625,6
-0.019663047726562497,0.14397600443595288,2.003261954330709,1.5625,1
-0.0102460129765625,0.16106618893626845,2.496190168503936,1.5625,1
-0.0053037652421874994,0.18697119253442213,2.956350511811024,1.5625,1
0.007946769312499997,0.19597744704694192,3.113721559055118,1.5625,1
0.022848271882812504,0.18602386493656958,2.8721165897637793,1.5625,1
0.013448583234375002,0.1818808794023539,2.854597684251968,1.5625,1
-0.0007335194765624975,0.17959596137814354,2.7226839566929133,1.5625,1
-0.006822913374218751,0.17948269698010627,2.72870868503937,1.5625,1
-0.00865476263984375,0.17666000917681648,2.9331881889763776,1.5625,1
-0.0031781107804687504,0.16059213252893692,2.619934037874016,1.5625,1
0.00204613253203125,0.15702678129162026,2.298118039448819,1.5625,1
0.0033063273352656256,0.17357229604142121,2.6331654496062984,1.5625,1
0.0026248117415156253,0.17845936054518768,3.123953746490551,1.5625,1
-0.00042679090625000193,0.1733381457808061,2.97185262992126,1.5625,1
-0.005270656367187505,0.16616992507037787,2.6005672208661417,1.5625,1
-0.003379047867187503,0.1551344638869237,2.3018562011811032,1.5625,1
-0.0048077909921875,0.21454644017612118,3.1352368897637795,1.5625,1
-0.009411061375000002,0.21316293966503688,3.4217435984251963,1.5625,1
-0.010667128679687499,0.21401903524966848,3.1953937559055112,1.5625,1
-0.01100314521875,0.20354382525679854,3.013630889763779,1.5625,1
-0.001753489781250001,0.19003778931708026,3.1501371259842523,1.5625,1
0.012285086625000004,0.19098408154881485,3.0716555244094486,1.5625,1
0.011617312085937501,0.18122337896579352,2.8335441535433072,1.5625,1
0.0025379779375,0.17021909966113294,2.997746933070866,1.5625,1
-0.004293854468749999,0.18165651988702303,3.183408977952756,1.5625,1
-0.008683117562499999,0.18451159558886676,2.9345144582677163,1.5625,1
-0.006396254484374999,0.17931844041599546,2.9266947960629928,1.5625,1
-0.0002585497031249995,0.17749962433588318,2.856036405511811,1.5625,1
0.0003651592499999993,0.18529022064004738,2.894144094488189,1.5625,1
0.000964292218750001,0.18262111009189866,3.1017835645669285,1.5625,1
0.038597856210156246,0.2680596504329785,3.9084680211811023,1.953125,3
0.0212764413234375,0.27613650771690224,4.421898861732284,1.5625,3
-0.02172002673203125,0.2931671071512508,4.982066789370078,1.5625,3
-0.0160995710015625,0.3080245545186835,5.204630548818896,1.5625,3
0.015502620757812504,0.305453855635762,4.960938942519686,1.5625,3
-0.0017556422523437492,0.30287427767548786,4.698428354330709,1.5625,3
-0.01713663429140625,0.2982266988043806,4.551280909448819,1.5625,3
0.0007689582656249996,0.30249313141360823,4.50833401574803,1.5625,3
0.019034526671875,0.3203968232987126,4.640308595275589,1.953125,3
0.027143055617187502,0.3266006088564094,5.003308707874016,1.953125,3
-0.014778506835937495,0.30917322862747215,4.983121376377953,1.5625,3
-0.033238662593749996,0.3051901933174683,4.888410573228347,1.5625,3
-0.011521012453125003,0.3199251077608587,4.68666602992126,1.953125,3
0.039688529203124996,0.34059433561198027,5.037879598425197,1.5625,3
0.025316834218750004,0.33113981579393936,4.838634346456694,1.953125,3
-0.022097318335937498,0.29464389843896627,4.082081767716535,1.5625,3
0.014168460234375003,0.34500283010509797,5.67965738582677,1.953125,3
0.009733978757812504,0.3132677086722384,5.767901157480316,1.953125,3
0.0169277638359375,0.3228563753296076,5.769511035433069,1.5625,3
0.0005575720703124959,0.35374394184363406,5.5987400590551175,1.953125,3
-0.010499614398437496,0.32025423903566486,4.763174905511813,1.5625,3
0.014243991921874997,0.3593482534173703,5.8137739787401586,1.953125,3
-0.008794886765624997,0.37425199677001636,6.42784608031496,1.953125,3
0.0024677551710937454,0.32055916440451754,5.445961224409449,1.953125,3
-0.03474009084375,0.23890464418410096,3.600641147244095,1.5625,2
-0.027786616828125,0.246059329509207,3.857464033070866,1.5625,2
-0.021489759406249996,0.23767022186867534,4.026991346456692,1.5625,2
0.007321807968749998,0.2112324928170825,3.502133351968504,1.5625,2
0.013186327054687495,0.2321081122255669,3.663758156692914,1.5625,2
0.009391760039062499,0.2469476577215029,4.17359596062992,1.5625,2
0.015107422460937502,0.23569901298532603,3.6930726362204713,1.5625,2
-0.0007566586257031216,0.21801224579283623,2.980295533787401,1.5625,2
0.006360842553984374,0.2027947626384684,2.7863820062283464,1.5625,2
-0.03256587875,0.2190597509803233,3.428068775590551,1.5625,2
-0.010154392377343745,0.2258433371943298,3.6285370399212593,1.953125,2
0.017620963450781253,0.22973930585821184,3.950127663543307,1.5625,2
0.0146710465,0.23875318085366531,3.945622005511811,1.5625,2
-0.0004729497265625014,0.23047167733777482,3.416657775590552,1.5625,2
-0.0051075312187500044,0.23606970926172913,4.094083964566929,1.5625,2
0.013951560812500003,0.218894897326641,4.065568901574803,1.5625,2
-0.01084330846875,0.20105800933700252,3.3506777007874016,1.5625,2
-0.010720501867187501,0.2076388328183168,3.1545268527559047,1.5625,2
-0.025434464414062503,0.21349219287051743,3.1291920314960637,1.5625,2
0.00793025021875,0.23780138119059716,3.777668029133858,1.5625,2
0.026815252070312504,0.2756311816205015,4.327711033858267,1.5625,2
0.0018610817421875004,0.2444441496512315,4.061206181102362,1.5625,2
-0.0160247763828125,0.20275161615996362,3.5739266921259842,1.5625,2
-0.012905707117187503,0.2285621971904276,4.062984889763779,1.5625,2
-0.0111572159921875,0.23852315067229857,4.1889401031496085,1.5625,2
0.0009034852031249976,0.22772850788126864,3.511009811811024,1.5625,2
0.003197014804687501,0.2007728768783514,3.1237350433070867,1.5625,2
-0.012272405150781249,0.02832813084301098,0.4315172299212599,0.390625,5
-0.0033414867250000004,0.03288472044295595,0.3080016826771653,0.78125,5
0.00929603300078125,0.017622608021854114,0.14387182204724408,0.390625,5
0.0008387881521093747,0.008086178480012607,0.0807186808937008,0.390625,5
-0.0005427917984375,0.004481909208716467,0.08622521957480314,0.390625,5
0.0020980995800000003,0.0037226252914521795,0.08775162939370079,0.390625,5
0.0005263650461718749,0.003916570945520761,0.09552595057874017,0.78125,5
-0.00187530156984375,0.003772052647935056,0.08871085094488187,0.390625,5
0.00019559420640625005,0.010164007009554728,0.20375867216535434,2.734375,5
0.002878705552296875,0.01136393359863075,0.26744867889763785,3.125,5
-0.0018106333153593748,0.009101183397990088,0.16680301110236218,0.390625,5
-0.0008859829320625001,0.008573858805700186,0.15230701307086617,0.390625,5
0.0021311638152031248,0.0059093811115823415,0.1378758000393701,3.90625,5
-0.001206492676171875,0.0035104018345197678,0.08766488720472439,0.390625,5
-0.00105141525859375,0.0037318039089415484,0.07669717586614175,0.390625,5
0.02330191814375,0.048367451356607714,0.1464036118110236,0.390625,5
-0.006523669061718749,0.011589094026474329,0.11940153826771652,0.390625,5
0.00750589067890625,0.015228777933492393,0.2571255973228347,2.34375,5
0.00792938681171875,0.017406470168921998,0.3036286149606299,2.734375,5
-0.0024783117414062493,0.013691912603961588,0.20289104291338583,2.734375,5
-0.00186009479296875,0.01173271506115761,0.1795675840944882,0.390625,5
0.0051918493565625,0.01604273429792815,0.308646727952756,2.734375,5
0.00147034073234375,0.020785139798637983,0.4073236068503937,3.515625,5
-0.0025876542868281255,0.01498107994762253,0.2581984551968503,3.125,5
-0.0017496075741718752,0.004129990881213679,0.10811692199999999,0.390625,5
0.0008615265071875003,0.012987058645717474,0.2539639499527559,3.90625,5
0.0025779930593749995,0.017277225003846132,0.415141161496063,3.90625,5
-0.001772491901484375,0.014283105603906101,0.29931661955118105,3.515625,5
-0.0023519526529687494,0.008280444067505303,0.13662767918897634,1.5625,5
0.0009512061891406249,0.00423623990745788,0.08514024635433069,2.34375,5
0.03165166836507813,0.0893674319473143,0.22929828992125986,0.390625,4
-0.013373487818828125,0.018359416620539352,0.10423381086614172,0.390625,4
0.00198550640953125,0.004669404549334362,0.07354634136220473,0.390625,4
0.0007665615478125,0.0033894927755540837,0.07517664658267717,0.390625,4
-0.00032528433914062494,0.00325798019881548,0.07981910933070865,5.859375,4
-0.00043064337518749997,0.0027441214684529643,0.08635005362992126,5.859375,4
-0.000519509446359375,0.0020397232064774994,0.07194549206299213,5.46875,4
-3.1891987539062566e-05,0.0017972821334556268,0.055529746183070876,0.78125,4
3.945084414062495e-06,0.0020430661369772412,0.05471423270866142,2.734375,4
-6.815860859374984e-06,0.002383214770462811,0.06882895383464566,0.78125,4
-0.0005142984358593749,0.005072818673989486,0.13758468700787402,6.25,4
-0.00111664316625,0.007319370207402104,0.21594754826771653,5.46875,4
-0.00025945702640624996,0.00942156417289746,0.2545483793700788,4.296875,4
0.0004502128937500002,0.008164128908846465,0.19533511511811022,4.296875,4
-0.01205926335546875,0.03572906223755842,0.4400765614173228,0.390625,4
-0.00547897721765625,0.025586965959744586,0.39072621811023617,0.390625,4
-0.005717713009062502,0.021541856135747856,0.26378797141732285,0.390625,4
0.00678387653515625,0.008418885499526725,0.15549310590551182,3.515625,4
0.004068717087578125,0.00731595359308854,0.14760196244881887,0.390625,4
0.002613643251640625,0.008490545117816913,0.18013400122834644,3.515625,4
0.001538696005859375,0.007554964897336876,0.16094842822834646,3.90625,4
0.008919354754296876,0.022053587176254004,0.3183632306692914,3.125,4
0.00572629161328125,0.02926402527839165,0.5242836114173227,3.125,4
-0.0004788774409375,0.01945955459608697,0.32758148496062994,3.515625,4
0.00171845835953125,0.0063443290713282394,0.09571285425196849,0.390625,4
4.080229812499997e-05,0.002916916036102986,0.05728416000000001,3.125,4
-0.00024829719820312494,0.0028946913350390356,0.05638418253543308,0.390625,4
0.001039767383828125,0.0033808719869982394,0.07472922072440943,0.390625,4
-0.236986906771875,0.3054193472701042,0.9317448960629922,0.390625,6
0.021111942182031253,0.04712255675594566,0.21362799059055124,0.390625,6
0.010119485984375001,0.02570511927180274,0.11914862078740159,0.390625,6
0.00266268595234375,0.012206365588867016,0.10998316338582678,0.390625,6
0.005899551833593749,0.009402317140627546,0.11225619748031497,0.390625,6
0.00042566344624999996,0.005446223321032799,0.09869560998425196,3.125,6
0.0013236854204846874,0.004588009425748985,0.0896195793527244,0.390625,6
0.006005927989859688,0.008891584435464851,0.09510340243933857,0.390625,6
-0.00237804565390625,0.015881027037838117,0.1011547905511811,0.390625,6
-0.009143988554140624,0.010054202268226668,0.10167331362204723,0.390625,6
-0.000793122254765625,0.006597656222043848,0.08826765867716539,0.390625,6
-0.26328375721874997,0.2924267927788969,0.7450062716535434,0.390625,6
0.01051690701875,0.05468976359218188,0.280924279527559,0.390625,6
0.011007427443124999,0.02103827419190816,0.15915933686614173,0.390625,6
0.0050039573196875,0.013122386839895073,0.15955300403149608,0.390625,6
0.00878412262421875,0.014156180197448636,0.21168447027559056,0.390625,6
0.00914787342109375,0.016417323888551542,0.3028743203937007,0.390625,6
0.00291091145,0.0220659713934893,0.40089621377952755,0.390625,6
-0.006850139559374999,0.018017713290650984,0.39136373464566937,3.90625,6
-0.00411409411875,0.011593464032918466,0.2283258285826771,0.390625,6
-0.0005305677749999997,0.011206293778430881,0.18601626181102363,0.78125,6
0.004523698859453125,0.012850847993585279,0.19880409425196852,0.390625,6
-0.0027629700616406253,0.013595028289894692,0.14811232952755907,0.390625,6
-0.008653522778906249,0.012709352943620184,0.22934317755905514,0.78125,6
0.0018789902398437504,0.01490763623560439,0.22540733094488186,0.390625,6
0.00825707243671875,0.010653376181556075,0.16957542110236218,1.171875,6
-0.011113674226562498,0.2125424142910453,3.5086642795275593,1.5625,1
-0.015082981406250001,0.21544411714116737,3.5695012047244097,1.5625,1
-0.0004939898437500015,0.210640788091896,3.6247611889763776,1.5625,1
0.016029037257812503,0.2167761597046407,3.649923574015747,1.5625,1
0.006431684320312506,0.20896125112719557,3.3207373614173235,1.5625,1
-0.002754960106796873,0.20175898592198951,3.145317191598425,1.5625,1
-0.006534863677109374,0.20484341690359614,3.278655104984251,1.5625,1
-0.004351213070312502,0.20923412921907464,3.3066743582677165,1.5625,1
-0.004950794664062501,0.20018701311503473,3.2014765157480314,1.5625,1
0.008244104054687498,0.19931566722886254,3.2689514803149606,1.5625,1
0.014244915024218747,0.20954905942344668,3.3315161496063,1.5625,1
-0.0013474858039062522,0.2014756581839771,3.510840251968504,1.5625,1
-0.0030314914062499975,0.20059633560942577,3.643261354330709,1.5625,1
-0.002724529374999996,0.19342883811944142,3.3085376141732286,1.5625,1
-0.0017232256875000004,0.17533729834600198,2.9833049055118113,1.5625,1
-0.007970670500000004,0.21488451414748758,3.342843350393701,1.5625,1
-0.012843013859375002,0.22945999694899538,3.582610440944882,1.5625,1
-0.019826754265625003,0.22003572824118814,3.517817003937008,1.5625,1
-0.014357340093749999,0.2063787293309158,3.550152224409448,1.5625,1
0.0066267840859374995,0.21642948999271597,3.6605753070866145,1.5625,1
0.022227935403125003,0.22023259072010637,3.6068220973228353,1.5625,1
0.009903473106250001,0.2065283979438745,3.8172937390551183,1.5625,1
0.0006442612656249996,0.19807994359263031,3.629853062992126,1.5625,1
-0.011746176484375,0.20754282447788533,3.3326831850393694,1.5625,1
-0.016958081531250002,0.20964251830174624,3.3981323267716532,1.5625,1
0.0021756447812499944,0.20885035488611817,3.5674917409448827,1.5625,1
0.024835784671875,0.23097659381766703,3.9228425925196855,1.5625,1
0.008321018062499998,0.22891626490344588,3.753196661417323,1.5625,1
-0.009196732773437502,0.20690794801827272,3.4302019921259848,1.5625,1
0.019727417312499995,0.3203477856156804,5.513577927559054,1.953125,3
-0.0056265141015625075,0.31369919267051916,5.804464529921258,1.953125,3
-0.002140096640625002,0.3044397643751403,5.712177818897637,1.953125,3
0.010506518101562503,0.32037089342564,5.194551948818898,1.953125,3
-0.0019039125703124984,0.32166550174424646,5.214108818897638,1.5625,3
-0.0013874713984374995,0.33708678151881144,5.424271879527558,1.953125,3
0.0015783163242187523,0.34203704118922257,5.535276312598425,1.953125,3
0.026458390937499996,0.3246348773776109,5.426413732283464,1.953125,3
-0.0034305912187500027,0.32180529856479095,5.6023362755905515,1.953125,3
-0.025896286671875,0.3275745569546942,5.940403519685038,1.953125,3
0.0033673408281250025,0.39129677383548017,7.344842408661416,1.953125,3
0.006262870437499998,0.37023985610501153,6.528247278740158,1.953125,3
0.005517399781250008,0.3569262161151731,6.314091775590551,1.953125,3
-0.00017572630468750024,0.3679136600757463,6.715584196850394,1.953125,3
0.0148089450390625,0.36310482562364155,6.260761024409449,1.953125,3
0.009028085877578128,0.3712752538004402,6.8868870354330705,1.953125,3
0.0012562169791406237,0.3772783622794594,7.396657940157481,3.515625,3
0.00040390233593750116,0.37156333901304406,7.149745715748032,1.953125,3
-0.006826045687499999,0.34600193671995194,5.961997577952755,1.953125,3
0.005871317401562502,0.36705494346003276,6.055175282677166,1.953125,3
0.0017667044015625003,0.35896982273217526,5.976961543307087,1.953125,3
-0.04732638099296875,0.22577241608014434,3.1998968314960625,1.5625,2
-0.010434754359375003,0.2724509291060972,3.9262061724409447,1.953125,2
0.0347769227109375,0.28059267622999784,4.62235287007874,1.5625,2
0.0135355480859375,0.24811834525295035,4.174895788188976,1.5625,2
-0.0076552378125,0.23273562180997362,3.8061205818897634,1.5625,2
-0.002575720968750002,0.23994408244316248,3.773147993307086,1.5625,2
-0.010603824789062497,0.2188182450103345,3.340969138582677,1.5625,2
-0.0254882848515625,0.19313206389421156,3.24986197992126,1.953125,2
0.0035008644929687507,0.20222301809400053,3.3359172637795274,1.5625,2
-0.01291111584375,0.17997432780387612,2.837422283464567,1.5625,2
0.00024278747656250078,0.23042087574696168,3.6186579921259847,1.5625,2
0.011218438265624998,0.20347009936958832,3.593811544094488,1.5625,2
0.00032288913281249866,0.2014657695535365,3.279282754330708,1.5625,2
-0.0030698670453125033,0.21978363696832118,3.5864960527559053,1.5625,2
-0.025179805373437503,0.2297369736074061,3.7334313084251973,1.5625,2
-0.0439987633984375,0.24997733751538795,4.518775523622048,1.5625,2
-0.020797148281249997,0.22134728119509675,4.19002012992126,1.953125,2
0.0383336418203125,0.2071333891911266,3.326333066929134,1.953125,2
0.037602362762499994,0.2269738793762606,3.423725953543307,1.5625,2
-0.020714115374999998,0.24419865464947002,4.112730574015749,1.5625,2
0.0125326831640625,0.241001754081972,4.090318393700787,1.5625,2
0.016753828890625003,0.2280555264771734,3.7687159023622048,1.5625,2
0.010385496057812499,0.20830382141225126,3.4071522598425195,1.5625,2
-0.012010778340625,0.19820858286066534,3.3618652598425194,1.5625,2
-0.0130120757421875,0.20754678548299518,3.6676203503937006,1.5625,2
-0.004447947046874999,0.19565894056883923,3.314503835433071,1.5625,2
-0.005785546226562501,0.19163216419809614,2.9845804299212606,1.5625,2
0.0012916918050000004,0.014080658960336029,0.28220055121259835,0.390625,5
0.00194109475375,0.004772968256240348,0.0875497062440945,0.390625,5
-0.00026143840703125,0.002461604515746166,0.06451238557480314,0.390625,5
0.000337994881953125,0.0027376192994546626,0.0753141672519685,2.34375,5
-0.00010374591601562504,0.002746753968770357,0.07725468901574803,1.953125,5
-0.00038037271109375,0.002743126064918454,0.07897226933070867,7.421875,5
-2.8023508203124995e-05,0.0025069794441312685,0.07597401881889763,7.8125,5
0.00028143491640625004,0.002048690320333273,0.06232060241732284,5.078125,5
0.00037375070226562494,0.0023140609498824402,0.06094451300787402,0.390625,5
-0.00016938381828125,0.0027720226283774337,0.07205580667716537,1.953125,5
-0.0001242178540625,0.00283253886054459,0.0802196481102362,1.5625,5
0.000591528158984375,0.0024337888876424523,0.0713271518503937,0.390625,5
-0.000316293184375,0.002413609624468627,0.07169465562992125,0.390625,5
0.01485072914765625,0.02029110641089003,0.15402773039370082,0.390625,5
-0.0015124581492187501,0.00439764479997841,0.109757984488189,0.390625,5
-0.000248480495390625,0.0034692425314395243,0.08469060859055118,0.390625,5
-0.0002814334899218749,0.0028759729441936916,0.07433237622834646,6.640625,5
-0.0011173505328124999,0.008375978487901904,0.14434988267716534,2.734375,5
-0.0020000578679687502,0.009917990597048594,0.18306378480314964,2.34375,5
0.0005132257320312501,0.007389165639012364,0.15381507377952758,0.390625,5
0.002775369538515625,0.004405404479932473,0.13259161299212596,3.90625,5
-2.7127594765625042e-05,0.00391158551678491,0.11877534834645667,0.390625,5
-0.001345541368671875,0.0031016095371075025,0.09570638755905513,0.390625,5
0.00017458017875000007,0.002587283845855602,0.06882570600787402,0.390625,5
0.000420103597421875,0.002018118571506736,0.06988612942519684,1.171875,5
-2.0080583710937506e-05,0.0018211263184097855,0.06894661717322835,8.59375,5
0.0002642841120703125,0.002676275292030167,0.10099083517322832,9.375,5
-0.038610664064843744,0.04407214129791793,0.2340851403149606,0.390625,4
0.0013767022368750001,0.008033363955043006,0.09879300228346456,0.390625,4
0.0008094237665625002,0.005250511982447231,0.07441846043307088,0.390625,4
-0.0011950292839843749,0.002541598301002158,0.0699851798425197,0.390625,4
-0.000430474792578125,0.0026913328332227302,0.07942189753543305,0.390625,4
0.00022064702187500005,0.0031794177675698435,0.07835418275590551,0.390625,4
-5.8330710781249984e-05,0.0031430983365654933,0.07646337468503936,0.390625,4
-0.0010666182851656247,0.0023146131582436717,0.06902444831590548,0.78125,4
-0.00018892239797812496,0.0022864153297298176,0.0630036518119685,0.390625,4
0.0007781209603125001,0.002697357741996699,0.071308738496063,0.390625,4
0.00337405887375,0.004551831674198319,0.08921520031496064,0.390625,4
0.00299177990265625,0.005417879253367351,0.12251838939370079,0.390625,4
0.0022595781664062503,0.019970517909696388,0.18780797220472434,0.390625,4
0.00364258549921875,0.009786305234914984,0.13808298393700782,0.390625,4
-0.001608543396171875,0.0031272291649486745,0.07520028377165355,0.390625,4
0.000608263580390625,0.0037713073548866203,0.07489581676377952,4.296875,4
-8.247232578125e-05,0.005844959537821336,0.14488054212598428,4.296875,4
-0.00044055895914062496,0.005945148166841335,0.1675938774094488,3.90625,4
7.19885349218749e-05,0.004273377971149811,0.11340671591338583,4.296875,4
-0.00045899706914062513,0.0026887191129680494,0.07969040287401576,4.6875,4
-0.00011044605710937497,0.00241659263330159,0.07030193484251969,2.734375,4
0.000256971028984375,0.0021017443267692514,0.06383112612204724,3.515625,4
0.00019342835218749997,0.0019431074481928408,0.05687674616535433,3.90625,4
0.00041334320335937496,0.0021409063992097956,0.05701660379527559,7.421875,4
0.00024307545734375002,0.0022170137185992343,0.06347764483464566,6.25,4
-5.5546672187500065e-05,0.003140037262631767,0.08091034169291339,5.078125,4
-0.00036702954921874996,0.003770933532711595,0.10375452551181102,2.34375,4
0.020562384078125003,0.0842043877139617,0.5196625523622048,0.390625,6
0.021739341274999997,0.0382588478844176,0.2516185374015748,0.390625,6
-0.005179134186015626,0.0053325355871237465,0.09335284377165352,0.390625,6
-0.00029086149695312503,0.003412989268047674,0.07354067597637792,0.390625,6
0.00104217912871875,0.0023619123668358263,0.06970102522834644,0.78125,6
0.00041674643699999995,0.0023916413954529654,0.06915175007874017,3.90625,6
-0.0013516077706250001,0.006436259610321375,0.1288072198897638,5.46875,6
-0.0036050115078125,0.00672693623536676,0.14529930125984256,5.859375,6
-0.002606098526328125,0.0036804228989496626,0.07806770409448821,0.390625,6
-0.0009824434538906251,0.0023270091332388064,0.06690707255275592,0.390625,6
-0.00085251792225,0.002758665346845131,0.07812078887559057,0.390625,6
0.00010498802124999995,0.002922412164098625,0.07891402974803148,3.90625,6
-8.554553179687496e-05,0.0027365042412436495,0.06770055091338582,0.390625,6
0.01556404846953125,0.03127405320084298,0.39621162102362206,0.390625,6
0.02427931882421875,0.028172669096024457,0.5167143068110235,0.390625,6
0.026154151567734374,0.044978890270266414,0.6525571322834645,0.390625,6
0.028365445784140624,0.04213936736221768,0.414941948031496,0.390625,6
0.00233697232109375,0.015595506661902302,0.12371885078740158,0.390625,6
-0.003577427422421875,0.0056881529922086435,0.07799273251968504,0.390625,6
3.6962488281250423e-06,0.003791527675042791,0.08859563992125986,3.90625,6
0.00029371144390624997,0.0032464301164103907,0.08524961811023621,0.78125,6
-0.007475493749218749,0.01925482294493039,0.20455728543307092,0.390625,6
-0.010055108178125001,0.01975493149060637,0.22388146271653545,0.390625,6
-0.0023076982584375,0.008233876490248818,0.10087284818897636,0.390625,6
-0.0003591761084375,0.0032213512184135072,0.10416813708661417,8.59375,6
-0.0028363650171875,0.004588600276328123,0.11989998566929135,0.390625,6
-0.0009994592874999998,0.006378730513306791,0.09663120574803151,0.390625,6
0.0047431778859375,0.004595185837254318,0.0817013266141732,0.78125,6
0.0016610487835937498,0.006423017225506929,0.08454898220472443,0.390625,6
-0.00243566470484375,0.004794603673246706,0.09067083496062994,0.390625,6
-0.0017551608590625,0.006386623937528335,0.11302914889763781,3.125,6
-0.002141210536796875,0.00628376644554878,0.10921485385826774,0.390625,6
-0.000692344480390625,0.0037166817827825613,0.09118994763779527,0.390625,6
0.001727017371484375,0.0028596938088900235,0.07934961267716534,0.390625,6
0.005890946784375002,0.16735004027146722,2.472007650708662,1.5625,1
0.01486235183125,0.20041512235521408,2.843453391653544,1.5625,1
-0.00026038578906249863,0.2258514085353742,3.443120433070866,1.953125,1
-0.021201019437500003,0.21321394215681552,3.0854484527559056,1.5625,1
0.009048075257812498,0.21339317256828272,3.117381440944882,1.5625,1
0.012291539492187496,0.217251596222821,3.3573350354330707,1.953125,1
-0.011019575218750001,0.2133421625045957,3.3742328346456696,1.953125,1
-0.012139857187500002,0.20906371235445026,3.1838566692913384,1.953125,1
0.0010457584921874999,0.1857093500923557,2.82662262992126,1.5625,1
0.006775307328906249,0.18295564132679393,2.91665892519685,1.5625,1
0.01510420077421875,0.20606739540798993,3.3174938818897646,1.5625,1
-0.0009287381406249983,0.22779667978714466,3.6070720118110233,1.5625,1
-0.017064350948437498,0.20872976126857737,3.2017499099212596,1.5625,1
0.00033690485937500113,0.1706358293976342,2.4734244129921255,1.5625,1
-0.0143301499265625,0.1853148816706352,2.660421102362205,1.5625,1
-0.002240650237500001,0.20257700199686898,3.08421431496063,1.5625,1
0.0127548496296875,0.20929104876437865,3.2433091692913387,1.5625,1
0.012641143851562502,0.19627190770991315,2.9134093070866136,1.5625,1
-0.0074624257578125,0.2010348599090381,3.035902142519684,1.5625,1
-0.0165457918125,0.19822126880488217,3.1153511700787404,1.5625,1
-0.008882230656249997,0.17633617813624122,2.854657696850394,1.5625,1
0.010303796921875002,0.17667629182139175,2.7266652708661416,1.5625,1
0.015475829375,0.19238845599952012,2.9441216259842524,1.5625,1
0.004597261640625002,0.20315399109945004,3.30189042519685,1.5625,1
-0.01193484571875,0.20726673734539605,3.3691738188976377,1.5625,1
-0.0142030148671875,0.18990256603878305,2.979692096850394,1.5625,1
0.001455971929687501,0.16358651810894742,2.631772542519685,1.5625,1
0.005924163273437501,0.15770242863763112,2.4160829204724408,1.5625,1
-0.0001889023359374995,0.5017184962970435,6.663727338582678,1.953125,3
-0.0150122803046875,0.42318437095145944,5.42017337007874,1.953125,3
-0.0053493320234375,0.3756625332006491,5.011226519685039,1.5625,3
0.03308148883906249,0.40632147022876675,5.249108732283465,1.953125,3
0.015068329846875003,0.4080038216800218,5.35245392913386,1.5625,3
-0.034586245390625,0.43832847129722113,6.109246393700786,1.953125,3
-0.03652195640625,0.5067447740055115,7.043633913385827,1.953125,3
0.01724735808890625,0.4702333976276484,6.430173007874015,1.953125,3
-0.02466404585640625,0.42615934614360856,5.683945775590551,1.953125,3
0.021061096937500003,0.44755260936303987,6.001059381889763,1.953125,3
0.002435769742187498,0.46411748103447453,5.823784645669291,1.953125,3
-0.020610749054687502,0.4385106856195173,5.596855220472441,1.953125,3
0.013497004914062501,0.44343817458052215,5.786917622047244,1.953125,3
-0.0201386571328125,0.4501302182729651,5.879772874015748,1.953125,3
0.0391765732859375,0.4543728126752663,6.159018456692912,1.953125,3
0.02111691135625,0.4220238874885855,5.519700748031496,1.953125,3
-0.025264851703125,0.4117712369380196,5.06802425984252,1.5625,3
0.007135935773437501,0.4489739910554288,6.320797732283464,1.953125,3
-0.007421541242187497,0.4577983087266813,6.531745559055118,1.953125,3
-0.005183402492187501,0.46368984949683867,6.141406106299212,1.953125,3
0.014767631375,0.456203145418525,5.992162440944882,1.953125,3
0.0006844417968749992,0.33842415328977987,4.761476088976378,1.953125,2
0.017543599492187503,0.34065840560651023,4.755831338582676,1.953125,2
0.008618882125000003,0.30591690093396307,4.096905226771654,1.5625,2
-0.027565206578124998,0.31681105929372255,4.288661340944882,1.5625,2
-0.02972717728125,0.30527868831440047,4.219552023622048,1.5625,2
0.009597951132812501,0.2954287997483454,4.1350657559055115,1.5625,2
0.025599703843750002,0.32960848418370187,4.7874710826771665,1.953125,2
0.0091949962109375,0.34209601809127066,4.959687322834646,1.953125,2
0.0008012691562500028,0.31467691464253855,4.108920015748032,1.953125,2
0.020221822351562502,0.3156060282061983,4.487444038976378,1.953125,2
0.002325564304687498,0.28184553316770733,4.009662976377952,1.5625,2
-0.031977632265625,0.296294052163725,4.022803842519686,1.5625,2
-0.022164184046875,0.28662257515029843,3.7198552543307084,1.5625,2
0.020210008234375,0.29861156235947744,3.9540958409448814,1.5625,2
0.018711478062500005,0.3157270358159463,4.287928480314959,1.953125,2
-0.017843499628125002,0.2830184703492896,3.6150885500787395,1.5625,2
0.003212464796875001,0.3352062326463379,4.793998348425197,1.953125,2
0.013898380429687503,0.326855208191963,4.725278795275591,1.953125,2
-0.003771039890624996,0.2648230922603428,3.6440764999999997,1.5625,2
-0.007678470414062501,0.308646343804042,4.18815872913386,1.5625,2
-0.023424173707812503,0.30441875316375644,4.1742823433070875,1.5625,2
0.011505777102343746,0.30726195133201845,4.555301681102362,1.5625,2
0.00582279302109375,0.3338751093239003,5.169746717322834,1.953125,2
-0.02502232925,0.29616714627693025,4.298368371653543,1.5625,2
-0.0040311960953125,0.016256130265340413,0.3343823470866143,0.390625,5
0.0027367152908593746,0.009478134926190662,0.2695345443307087,6.25,5
-0.00140606719703125,0.004495019968300222,0.13388519783464564,2.734375,5
-0.0004128802410156249,0.003495063323828592,0.10878561145669291,0.390625,5
0.0007513106021875,0.0031485669509213063,0.11371231543307088,8.984375,5
-5.896258296874993e-05,0.0027465178201055962,0.09050002456692911,9.765625,5
-0.0004730102184375,0.002278859936258386,0.07403537823622047,3.125,5
-1.0904270164062565e-05,0.002338837110325327,0.0729824187007874,3.125,5
0.00034194081319531246,0.0023998900420869012,0.07013132696456695,3.90625,5
4.718694914062493e-05,0.0021582465501251515,0.05971596051968504,0.78125,5
-0.00014923118021093753,0.0019773002937119788,0.05527818401338583,0.390625,5
-0.00042329945364843753,0.0020980659936185252,0.07230321972204724,9.375,5
-0.00021986601351562502,0.0024419242859703284,0.07870908661417324,3.125,5
0.000219137110359375,0.002215776565606503,0.06862206544409448,1.953125,5
0.00046080031809375,0.0023583262892279667,0.06889599760944881,3.515625,5
0.00604291515390625,0.01805524339126701,0.3003643268503936,0.390625,5
-0.003993104752343751,0.019400882345628822,0.3947423377165355,3.515625,5
-0.00030577869054687493,0.017066956286801962,0.32031776141732277,3.515625,5
0.0016225230121093752,0.004195312451769548,0.12225950400787401,0.390625,5
-9.711578249999997e-05,0.0025200093251374505,0.07263142526771654,0.78125,5
-0.00047805266421875007,0.0023193765729898454,0.06984930484251965,0.78125,5
-0.00039097976640625,0.0035736797401919223,0.1043483752913386,2.734375,5
-0.0009540796294531251,0.00420791613854365,0.14032905381102362,6.25,5
-3.74214832031249e-05,0.0035841667430684906,0.09796956872440941,0.390625,5
6.145185624999999e-05,0.0028086367550069786,0.06992523744881891,0.390625,5
-8.552645476562499e-05,0.0027166051508119514,0.07899212790551179,0.390625,5
-0.018240201924218748,0.017558841676623728,0.11955124409448817,0.390625,4
-0.0017244625564843748,0.004868913100980662,0.07788914766929132,0.390625,4
-0.000635514505390625,0.0028517353244928165,0.0794060536535433,4.296875,4
-0.0013321974856249997,0.004012493162243591,0.10678828322834646,3.90625,4
0.0005241808046875,0.004965020842763554,0.12369987236220473,0.390625,4
-0.00149948079375,0.007528423365276629,0.1763360182677165,0.390625,4
-0.0033518109187500008,0.006737615545694894,0.1763207266141732,3.515625,4
0.00145358681453125,0.004460856587062273,0.09870403656692911,0.390625,4
0.0013490429270312503,0.003463878110357084,0.07752161018897638,0.390625,4
-0.000676044767109375,0.0023715881065056853,0.07674611140944883,4.296875,4
-0.00025917031945312506,0.0022658506864734066,0.0711383372362205,4.6875,4
0.00015588656482031264,0.0019852939871779786,0.06378704933070865,0.390625,4
0.0007905085701328126,0.002015275940540378,0.06253086746456693,0.78125,4
-0.00018458450625000004,0.0021517468198479816,0.05800677518110235,0.390625,4
-0.0012115324224999998,0.0023971955519610727,0.08380147145669292,10.15625,4
-0.00866479893125,0.02806485910565576,0.1887924881889764,0.390625,4
0.004409116294765625,0.008752780048202607,0.13544785708661417,0.390625,4
-0.005303708645859375,0.011102981532121721,0.2437325529133858,1.5625,4
-0.0013892858415625001,0.012829927994866635,0.2658758244094488,0.390625,4
0.00316113498078125,0.006390186215220061,0.17747442318110238,0.390625,4
0.0021448176489062497,0.005973925128357886,0.1811971291653543,8.203125,4
0.00209788884671875,0.004472542659477259,0.12839390369291334,0.390625,4
-0.00030116038585937497,0.0026758516367018028,0.07061032269291338,0.390625,4
-0.00061787876234375,0.0023128246575976103,0.058995002425196855,3.515625,4
-0.00011091519070312498,0.0021157272785585694,0.06279970831496062,4.296875,4
-9.619466625000002e-05,0.0022010185732756885,0.07000662196062991,4.296875,4
0.0002851748170546875,0.0020066075306006924,0.06538989202362205,3.90625,4
0.0002088529918984375,0.0018793805369636276,0.054886697385826765,3.90625,4
-0.00042933225335937497,0.002323823518795769,0.05789749282677166,1.171875,4
-0.00016059199937499999,0.002949992186188274,0.07289392546456692,4.6875,4
0.00033005589960937495,0.0027567435896104406,0.07457660788188976,3.90625,4
-9.813226718750006e-05,0.0022220981199248977,0.0673034774488189,3.90625,4
0.053701958195312496,0.0418772680222343,0.3253521031496063,0.390625,6
0.002110632718750001,0.02881232017491135,0.12943083385826773,0.390625,6
-0.00878019662109375,0.008521236723510465,0.06780294409448819,0.390625,6
-0.001679083079296875,0.002368157982958598,0.06274111175590552,0.390625,6
-0.00046215273007812525,0.005825860617691104,0.09716962128346457,0.390625,6
0.0015096724704687502,0.005880587481855993,0.10404038047244094,0.390625,6
0.0009721386332812501,0.004023648645650197,0.0972729842992126,3.90625,6
-0.0011344481753125,0.0036503048409857316,0.09184170785826772,3.90625,6
-0.0009476774778125001,0.0030786616945511274,0.0745118863937008,0.390625,6
0.0005803423745312501,0.0033213205242562742,0.08825014299212595,3.90625,6
-0.00018175354906250005,0.004097137945590288,0.09906835583858267,3.515625,6
-0.0023883693768749995,0.0037845757919083888,0.08018111102362205,0.390625,6
-0.002718784993203125,0.0025707740254463786,0.06853165329133859,1.953125,6
-0.002409499531390625,0.0028050688912153207,0.07861408988976376,0.78125,6
-0.00235582890990625,0.002893176824040868,0.07726055533070865,0.390625,6
-0.0011815956971093751,0.0025777513641083477,0.07566141503937006,3.90625,6
-0.000796942349140625,0.0023378752019290183,0.07373133758267718,3.90625,6
0.0162130729765625,0.023837140343496425,0.1552845700787402,0.390625,6
0.002933856521875001,0.016114994715226233,0.08942911157480314,0.390625,6
-0.003826438704765625,0.005343682110082333,0.07758206692519684,0.390625,6
6.543371046875e-05,0.0021522448671918953,0.061222977952755914,4.6875,6
-0.00033054171173437505,0.002054048266691921,0.058665123188976376,4.296875,6
-0.000360972707359375,0.0021929435231949827,0.05934514116535433,3.90625,6
0.000700031476640625,0.002700071048013989,0.07020020628346457,3.125,6
0.013650051227343751,0.01864645498674076,0.162732888976378,0.390625,6
0.021583634907859375,0.02386341471247164,0.22032010937480317,0.390625,6
0.005374756655515626,0.022949422601091396,0.16183201961102364,0.390625,6
-0.003238878973203125,0.007806844161328297,0.14248952263779524,0.390625,6
-0.00016818919875,0.004851294484615102,0.10287109356692914,3.125,6
-0.00026047610523437497,0.0017158832618312354,0.057481043094488184,0.390625,6
-0.000397155981484375,0.0017416043358698375,0.0553447542519685,7.421875,6
-0.0005315568096875,0.0014614278494054116,0.0455140031062992,1.5625,6
-0.0003507983154296875,0.0014130360727270753,0.04331390946062993,0.390625,6
-0.0003107719412890625,0.0020528392718807934,0.06138322020866141,0.390625,6
-9.633255000000002e-05,0.0022155358475520657,0.06536111865354328,0.390625,6
-0.00193598806975625,0.008618302568542131,0.08090717539275591,1.171875,6
-0.007783711590225,0.014435281860655246,0.11316032268409448,0.390625,6
0.002394974186718749,0.01870295176771899,0.15520482921259846,0.390625,6
-0.021143724756250003,0.23689458648788514,3.855401338582677,1.5625,1
0.002759988828124997,0.2452478692344083,3.940536484251968,2.734375,1
0.007194104312500003,0.26234500778240155,4.492928765354331,2.734375,1
-0.013240459130468753,0.26146568716501933,4.609207171653543,1.953125,1
-0.0005196312554687534,0.2647727788205758,4.386128433858268,1.953125,1
0.029326450132812494,0.2718033796516688,4.748405203149606,1.953125,1
-0.0016528042890624987,0.26718987720642823,4.576649067716536,2.734375,1
-0.015085550906250004,0.2687159119469801,4.3675652440944885,2.734375,1
0.004887342812500001,0.2575397768623304,4.264034240157479,2.734375,1
-0.0101442067109375,0.24805954047091278,4.041062377952756,1.953125,1
-0.010910580664062499,0.2432837471809767,4.281951921259843,1.953125,1
0.001546763566406248,0.23484883327635253,4.115277962204724,1.953125,1
0.013125248230468747,0.22993583451202526,3.7704377141732284,1.5625,1
-0.015068951992187501,0.2227550231348417,4.002896604724409,2.734375,1
-0.01910612790625,0.23906508301402463,4.331315633858266,1.5625,1
0.011879820886640625,0.24542873471460502,4.290042077874015,2.734375,1
0.011704244019453124,0.23525026105365016,3.871891342440945,2.734375,1
-0.010592278500000002,0.22183761352970635,3.5530036811023624,1.5625,1
-0.010515638726562502,0.21818430849597792,3.6258248755905504,1.953125,1
0.004103587273437501,0.22784248718390987,4.000516621259842,1.953125,1
0.0163530646953125,0.23950500008918563,4.195071357480314,2.734375,1
-0.00404190090625,0.23528571898821404,3.8235062929133856,2.734375,1
-0.01157884496875,0.2239578715766946,3.6196628519685037,1.5625,1
0.016102696234374998,0.2406643888803676,4.3699768393700795,1.5625,1
0.006949671046875,0.24794541367801143,4.314478894488189,2.734375,1
-0.013541378945312502,0.229572073280999,3.9454832818897634,1.953125,1
-0.02791894800859375,0.5026328520600559,7.140122623976378,2.34375,3
0.041300199765625004,0.47765959950941084,6.77620768503937,1.953125,3
0.03285484482812499,0.4362143840638885,5.991539543307085,1.953125,3
-0.02279459728125,0.435877920973311,5.806583070866144,1.953125,3
0.0010115142656250027,0.46566180734469914,6.476834905511809,1.953125,3
-0.014062463000000004,0.4865622205540857,7.083467629921261,1.953125,3
0.003765479546874999,0.4866556206969302,6.673948566929133,1.953125,3
-0.01608461796875,0.4718804956934369,6.571951448818898,1.953125,3
0.021843344203124997,0.4234555179815002,5.986777213385827,1.953125,3
0.0375808119375,0.42048246379825605,5.589034898425196,1.953125,3
-0.030647454843750005,0.4525011155247342,5.497636692913386,1.953125,3
-0.0152604426796875,0.47487803851468374,7.029696007874016,1.953125,3
-0.011150536820312501,0.5036114438556241,7.407565677165355,1.953125,3
0.01397723725,0.4928703201448661,6.460966803149606,1.953125,3
-0.002803798585937501,0.4769893845310846,6.39255248031496,1.953125,3
0.025705934578125006,0.4988630944322407,6.634968346456693,1.953125,3
0.019126838937499998,0.4585801978767198,6.211901,1.953125,3
-0.025839565499999998,0.4382364997640351,5.958685999999999,1.953125,3
-0.003559333789062499,0.46022085541066043,6.3329715748031505,1.953125,3
0.021023457109375,0.512476194858171,6.926221625984253,1.953125,3
-0.015010186249999998,0.4855648043106835,6.717886354330707,1.953125,3
-0.0129994078359375,0.3314593444535138,5.301529317322833,1.953125,2
-0.007571491578124999,0.34181182422211287,5.605130511811023,1.953125,2
-0.005994234812500001,0.3116238787007767,4.4916336496063,1.5625,2
-0.002244863867187497,0.31737957166799546,4.597060496062992,1.953125,2
0.016480378421875004,0.3510182165045222,5.394036472440945,1.953125,2
0.021933295109375004,0.33752412658266256,5.400577049606299,1.5625,2
-0.01604089148125,0.31395055243354286,4.7979226874015755,1.953125,2
-0.0240473181765625,0.30196727527663214,4.351010602362203,1.5625,2
-0.0006130413828124952,0.34153794491845657,5.181581392913387,1.953125,2
-0.003420610664062498,0.3473524355089406,5.734145825196849,1.953125,2
-0.0083129248671875,0.3227785006534338,5.213828073228346,1.5625,2
-0.01695706928125,0.31347220297971146,4.711212262204724,1.5625,2
-0.022987134151960936,0.30909471986339304,4.818049393700787,1.5625,2
0.028809413426164065,0.3478836478973483,5.5110509606299205,1.953125,2
0.023908735468749998,0.3434347671512719,5.247996803149607,1.953125,2
-0.0177244814296875,0.28395314780328584,4.368027952755906,1.953125,2
-0.0220149433125,0.3104793768381329,4.636913267716536,1.953125,2
-0.0197696106953125,0.3482890701271376,5.573754393700788,1.953125,2
0.0175221249796875,0.3183462737925212,5.0352163496063,1.5625,2
-0.0006314005749999997,0.3103133791982031,4.44576237007874,1.5625,2
-0.021881968124999998,0.3114977213018568,4.252545213385828,1.5625,2
-0.012468657039062504,0.3019952337638192,4.423655496850393,1.5625,2
0.026682429296874997,0.32751032091325566,5.175163150393701,1.953125,2
0.028485413195312496,0.30816510801688374,4.7033785118110245,1.5625,2
-2.5477773203124994e-05,0.0041479788374432945,0.08720100737795276,0.390625,5
-0.0014518211012109375,0.002898487008133706,0.07794179154330709,0.390625,5
-0.0009320125721484374,0.002810438012928436,0.08087105377952754,0.390625,5
-0.000885667451875,0.00270697075699294,0.07128380819685042,0.390625,5
0.000261656229375,0.002400649668168078,0.06089610461417321,0.390625,5
-0.0005338349183593749,0.002427303839286059,0.06003688855905511,0.390625,5
-0.0006476552785156251,0.0021539237825142863,0.05857288651181103,2.34375,5
-0.000365264822578125,0.0018615392415605547,0.054827467086614165,0.390625,5
6.692993203125e-05,0.002017748475369705,0.058205711283464565,0.390625,5
0.00029580855703125006,0.0019471897989914104,0.05851451926771654,2.734375,5
-0.00020574532140625,0.001837592102860164,0.050058261921259825,0.390625,5
0.00013329777148437497,0.0019933165887939083,0.04781718287401574,0.390625,5
0.00028439336695312503,0.002124823881303619,0.05395219082677166,0.390625,5
8.892376734375001e-05,0.0018148072459131782,0.05470296905511811,1.5625,5
-1.0822013515625e-05,0.001549383339766753,0.047356201118110244,2.734375,5
9.860909453125e-05,0.0018166087926983919,0.049806741633858266,2.734375,5
0.00027128751859375,0.002234894470963229,0.06133487574803149,2.734375,5
0.0005102369704687499,0.0022945832682548396,0.07781605716535432,8.203125,5
0.00024867123628125,0.002097742855343511,0.07387992723307087,1.5625,5
-9.923711793750003e-05,0.00204422631744043,0.05900559586299213,1.5625,5
0.072939048890625,0.06836818984326717,0.15037807244094484,0.390625,5
0.00019706137265624983,0.02345497945989711,0.08646394023622048,0.390625,5
-0.0031833881874999996,0.00862975783553105,0.06736136984251966,0.390625,5
0.00159878359875,0.002887185312181664,0.06579153787401576,0.390625,5
-0.000229989438515625,0.0022587200876450345,0.06812433484251967,4.6875,5
-5.6406441093750015e-05,0.0024029195854527712,0.07327891235433072,0.78125,5
-0.000676798406875,0.0022854235734717405,0.0678625048976378,0.78125,5
-0.000704057215234375,0.0023015228148794086,0.07197868281889763,4.296875,5
-0.0011139916937578124,0.002761315414857418,0.07728954390472442,0.390625,5
-0.0011266602527421872,0.002519983912399295,0.06812241075511812,0.390625,5
0.001276371387890625,0.0025086903248089892,0.06393670937007874,0.390625,5
0.00024213407953124988,0.003403201952526664,0.06268590413385827,0.390625,5
-0.0017565166722109376,0.002523616716375654,0.06802804236220471,0.390625,5
-0.0001009942365078125,0.002704065992907483,0.07637768907874014,0.390625,5
0.0008156991533593751,0.0021720862224757507,0.06520686331496063,6.640625,5
0.00045746739187500004,0.0022230332813953065,0.06020709379527559,0.390625,5
0.058023921705468745,0.10700404483746805,0.16907776692913384,0.390625,4
-0.013769834132031249,0.013803699090054602,0.07202791157480314,0.390625,4
0.0010710550354687501,0.00628056295375167,0.07282696957480317,0.390625,4
0.003714177845625,0.006059351074155611,0.09641199492913388,0.390625,4
0.009727797524218748,0.013951161642441083,0.161058481496063,0.390625,4
0.0101885205234375,0.019185745242140992,0.3577253259842521,2.34375,4
0.00021532026562500015,0.015186554445944087,0.2869247450393701,0.390625,4
-0.0018059963559765625,0.00326830687926922,0.07251858538582677,0.390625,4
-8.412173933593746e-05,0.0022787118683606335,0.07578133611811025,4.296875,4
-0.00037774256343750003,0.00195560356060578,0.06979799041732283,4.296875,4
-0.00022376555765624994,0.0021286452761884716,0.06905585830708662,2.734375,4
0.000334381202265625,0.0021148819574975763,0.06817055527559054,7.03125,4
9.864950882812498e-05,0.002057566368608448,0.06420260474015749,2.34375,4
9.264250921875e-05,0.002015847429320515,0.06115924481889763,8.203125,4
-1.4898791562500027e-05,0.0019090934452478839,0.05691604145669292,0.390625,4
-0.007132233329687501,0.010336701952114107,0.13071959157480312,0.390625,4
0.0017130787875,0.003963119659911878,0.08417904622047241,0.390625,4
0.0012833742724218749,0.003025200820746462,0.08458025033858267,0.390625,4
0.000349643915390625,0.002841828592466796,0.09036795044881889,5.078125,4
0.00046157531646796873,0.002712733404523997,0.07946092767881889,5.859375,4
0.00025120386540546867,0.0022986374941023273,0.06710191840637796,3.90625,4
0.00032441923940625,0.0019568358192754705,0.06222918319212598,3.90625,4
-3.898152484375e-05,0.002235939903194608,0.059107807952755914,0.390625,4
-0.00025395063640625,0.002546845234064751,0.06201383674015748,4.296875,4
0.0003135072453125,0.0025895062312514174,0.07320263653543305,4.296875,4
0.000264924508125,0.002120093517095021,0.06815568727559053,4.296875,4
0.00028305848484375,0.001669994463266429,0.052741105984251975,4.296875,4
-9.776022890625006e-06,0.001872905918408928,0.05217373698425198,5.46875,4
-0.00047580808953125,0.002248737314961864,0.06995115725196852,3.90625,4
0.00023543963925000001,0.0021923090579893775,0.06487027689763782,3.90625,4
-0.0036182679366093757,0.02222734526390419,0.22602813902362207,2.34375,4
0.017308076817187504,0.02336315442903379,0.12460887866141734,0.390625,6
-0.0036102110727343753,0.006452591937316634,0.08417003575590551,0.390625,6
-8.534530874999995e-05,0.005606436911835242,0.0818630339527559,0.390625,6
0.0018966062611718748,0.0036108413404271258,0.08490947981889761,3.515625,6
-6.962858281250005e-06,0.0034400271869816615,0.08348503713385826,3.515625,6
-0.001354767825,0.003326196092901806,0.08283532224409448,3.515625,6
-0.00059621760640625,0.003604852981482262,0.08727507522834647,0.390625,6
0.0006191417303125001,0.0034548711574333224,0.09059803751181104,3.90625,6
0.000389399693125,0.0028868966804293733,0.07618875047244092,3.90625,6
-8.8103175078125e-05,0.003093793554021268,0.07743308133858269,3.515625,6
0.0006185266575781251,0.004617697292119316,0.11532777118110238,3.515625,6
0.0012066111945312498,0.0051424995033452995,0.13115929795275588,3.515625,6
0.000315716240859375,0.004501812505958924,0.11039399251968504,3.515625,6
5.3803979070312494e-05,0.0037265463949425356,0.0883755090551181,3.515625,6
0.0004338205264921875,0.0035145734257734647,0.08876560409448819,3.515625,6
-0.000184246959375,0.003929704856340077,0.09910445440944882,3.515625,6
-0.0013166834751562498,0.004121683324226145,0.09545021831496063,3.515625,6
-0.035427481992187496,0.07948975894695123,0.19500162834645665,0.390625,6
0.0089663714671875,0.014873621159056431,0.10701950078740159,0.390625,6
-0.00134302281484375,0.006481836001580239,0.08312598062992128,0.390625,6
-0.000138929794921875,0.004860723414754719,0.07821559562992125,0.390625,6
0.00059085855234375,0.00471816869575522,0.0827384883858268,0.390625,6
0.001446324538671875,0.004194016643820089,0.0861532750393701,0.390625,6
0.00046971790929687497,0.0034182599204987396,0.08114481181889766,0.390625,6
0.0003294494981250001,0.003600441464634028,0.09335413792125984,0.390625,6
0.0014044539932031252,0.00529969579259148,0.10341656346456693,0.390625,6
0.00334382805828125,0.005011092419657653,0.0943507012598425,0.390625,6
-0.0004661788953125,0.005433567110214533,0.08506849692913386,0.390625,6
-0.001506342095390625,0.004658639469447916,0.09306135244094489,0.390625,6
9.619592070312502e-05,0.004216005602866451,0.09746545672440947,3.515625,6
-0.000527704592109375,0.004108907385248491,0.09616483407874014,3.515625,6
8.582493515624993e-06,0.004179039273432927,0.1055694912519685,3.515625,6
0.0007384256634375,0.0040364583613141545,0.10724539929133857,3.515625,6
0.00082994803140625,0.0034662922066307157,0.09437102181102362,3.515625,6
-0.0001877922621875,0.0053061395404332854,0.11640755460629922,0.390625,6
-0.008588439470312497,0.17306666822172803,3.2298912165354325,1.5625,1
-0.010056988892187497,0.1925400441573091,3.6516461653543306,1.5625,1
0.009437004140625,0.1966423773262654,3.7457767086614178,1.953125,1
0.007100552158593752,0.19491140146910185,3.7812950944881885,1.953125,1
-0.010546405099218753,0.18612163762264322,3.5444889527559056,1.953125,1
0.00016830632812500114,0.20410507763152827,3.6011259881889766,1.953125,1
0.017860679796874997,0.20810499622200668,3.752671295275591,1.953125,1
-0.0090400358671875,0.20633336302188224,3.8122896299212594,1.953125,1
-0.0149871469375,0.1991446684738232,3.660654881889764,1.953125,1
0.010785261312500002,0.19502594157304529,3.8510032125984246,1.953125,1
0.0009304030468750019,0.1931561956241488,3.7365267795275594,1.953125,1
-0.00848037276171875,0.17260147456070504,3.1188185590551183,1.5625,1
-0.0031070676484374997,0.13474312521154064,2.531373685433071,1.5625,1
0.0009232970624999985,0.16193081773724496,3.385085842519685,1.5625,1
0.0001466613359375011,0.17530129640722772,3.5786138267716536,1.5625,1
-0.007644700718750001,0.17989277888042834,3.3384990708661415,1.5625,1
-0.003447926007812501,0.1895027083909236,3.450730881889764,1.5625,1
0.011124292695312496,0.19573926195846247,3.7782421653543308,1.953125,1
-0.014544059179687504,0.19897258463828757,3.9151911889763786,1.953125,1
-0.013387154390625,0.2003769022581223,3.9893392874015743,1.953125,1
0.013138908968750002,0.19748215666273966,3.9948780551181104,1.953125,1
0.010048594531250002,0.20691386976266224,4.2180910708661425,1.953125,1
-0.010030161324140625,0.2039146459988481,3.9647718031496066,1.953125,1
6.025789460937375e-05,0.18203977797918403,3.3097807637795276,1.5625,1
0.016285619853125002,0.1658152612350771,3.1982808503937012,1.5625,1
-0.0020194703734374994,0.15625016688635282,3.4533715488188976,1.5625,1
0.0391559684375,0.350631049361713,4.420333700787402,1.953125,3
0.014760170569374998,0.33836412576711555,4.444795842519684,1.5625,3
-0.0196799702509375,0.3031057592883223,4.026462220472441,1.5625,3
-0.0230501026953125,0.3202624904635275,3.941537559055118,1.5625,3
-0.015674743050000002,0.33966247215856693,4.151391952755906,1.5625,3
0.017681324989062497,0.34091827160149407,4.315795877165354,1.5625,3
0.026490438999999998,0.35889094988347103,4.569448476771653,1.5625,3
0.0008718097890625005,0.3593981846134425,4.377390157480315,1.953125,3
0.0339815840703125,0.326982278044171,4.223865889763779,1.5625,3
0.026459254828125,0.34213081000455775,4.497324007874015,1.953125,3
-0.024938101148437496,0.3189192483336061,4.149769154330709,1.5625,3
-0.025206170578125,0.32680524718273707,4.0981690440944885,1.5625,3
0.010750082499999997,0.3555016520934948,4.43930968503937,1.953125,3
0.0178575950234375,0.37379188666085716,4.477912921259842,1.953125,3
-0.019678761773437498,0.3901967851273095,4.873767212598425,1.953125,3
0.003589751562500001,0.4042240967743837,4.873077047244094,1.953125,3
0.038333803453124995,0.38496219023561973,4.775745078740157,1.953125,3
0.018857716109375,0.38090753692966745,5.079836688976378,1.953125,3
-0.028092251,0.3395455429453053,4.768769948818897,1.5625,3
-0.0250693854109375,0.3528909594245457,4.837409962204722,1.5625,3
0.002084770612499999,0.35640437387718127,4.84651863937008,1.5625,3
0.024700228226562503,0.3667370746410188,5.0344017598425195,1.953125,3
-0.015179590000000001,0.37971586892629045,4.776985000000001,1.953125,3
0.004519230914062501,0.3813298959410256,4.464925511811025,1.953125,3
-0.0410169317734375,0.21454828591229275,3.0375415354330713,1.5625,2
-0.013332298906249995,0.22891124674926092,3.3373322125984255,1.5625,2
0.0029898589523437522,0.21833666169270274,3.20609401023622,1.5625,2
-0.002248370345312502,0.196804418709693,2.9140496417322836,1.5625,2
-0.0021123677664062514,0.19780684037651025,2.9006295866141736,1.5625,2
0.0023213575367187493,0.20848332361934802,3.323019043307087,1.5625,2
0.0030537320679687556,0.20948617576585082,3.4211665078740157,1.5625,2
0.0011183373773437505,0.2037832832207506,2.9186539023622045,1.5625,2
0.007182904092187501,0.19438653998818956,2.549851682283465,1.5625,2
-0.041268969680468746,0.200891815690967,2.6162385590551174,1.5625,2
0.01139972609296875,0.2101872805066156,2.806511596062992,1.5625,2
0.0008848603898437574,0.20808690790480525,3.0686087652755902,1.5625,2
-0.012370955391406245,0.18912539989023855,3.068787114094489,1.5625,2
0.002365148968749998,0.1928590973106798,2.760832456692913,1.5625,2
0.009529935015625001,0.18471356727923102,2.632091716535433,1.5625,2
0.007764329960937501,0.1724120964019774,2.4775380275590555,1.5625,2
-0.0031859907109375004,0.17440688833832732,2.265981692913386,1.5625,2
-0.006962033303125,0.176142986855791,2.2913951946456694,1.5625,2
-0.031675610765625,0.17911609026974054,2.3133949464566927,1.5625,2
-0.007016704523437499,0.19306462051475648,2.6034652535433076,1.5625,2
0.0017210762578124955,0.18232254463064096,2.690244096850394,1.5625,2
-0.004364926819531252,0.1718119187485694,2.503333772440946,1.5625,2
-0.0033753137750000013,0.17747068887351936,2.5025206787401566,1.5625,2
0.0018201936851562506,0.17091574400889867,2.3500251874015747,1.5625,2
0.008187712820312497,0.17416715466188085,2.288610352755905,1.5625,2
0.003606364984375001,0.1804842567690462,2.3452150417322835,1.5625,2
-0.006966072585937502,0.16178312424363228,2.150321291338582,1.5625,2
0.001359088899765625,0.004979330158796205,0.12771502307086613,0.390625,5
-0.001169103184921875,0.002693205298683289,0.06480567681102362,0.390625,5
0.000263353760546875,0.0023059703864457587,0.05005829359055118,1.171875,5
0.001569308078546875,0.002734169589388973,0.07973641205511811,4.296875,5
-7.346874215624996e-05,0.0034881015642126163,0.09633337674015746,0.390625,5
-0.001339866936484375,0.0028669981179897655,0.07156761981889762,3.90625,5
-4.210277749999998e-05,0.0027334827530677256,0.06503714805511811,2.734375,5
3.7314904218749953e-05,0.002096012552795268,0.0611845312992126,0.390625,5
-0.00010293256781249998,0.001927513166664048,0.0549774403543307,0.390625,5
-0.00016270368156250003,0.0020505756992273754,0.05608203059842519,0.390625,5
-9.632162914062497e-05,0.005164719100038634,0.11291955933070866,5.078125,5
0.0009803705521875,0.007308599545430611,0.1927451410472441,3.125,5
0.0005342238359375,0.005796009712137824,0.15988526094488187,3.90625,5
-0.00041518897742187503,0.002543271764838287,0.08621554130708663,4.296875,5
-0.00013791962401562503,0.0023707413867408876,0.06858535040551182,3.515625,5
0.0009639529291875001,0.002518641330615495,0.062144419566929135,3.125,5
0.0007327458379687501,0.003679111198752814,0.08311536798425197,0.390625,5
-0.000655524152109375,0.003678871121632811,0.0874842343622047,1.5625,5
-0.0012708890746875,0.0027010370714020777,0.06785312442519684,1.5625,5
-0.000118075072265625,0.0029492775732253497,0.06889495545669291,0.390625,5
0.0005196154326562499,0.003148229769489332,0.08305456634645668,2.734375,5
3.307902500000002e-05,0.0028944349998576793,0.07451592244094486,2.734375,5
0.00024084175421875008,0.0029153599157127645,0.06910537858267717,1.5625,5
-0.000429146156796875,0.0035088062947751875,0.09023884408661417,0.390625,5
0.02654596808515625,0.023073484191942068,0.08936512889763781,0.390625,5
0.0016459186484374998,0.008160067336615156,0.10815389338582676,0.390625,5
-0.00035812572890624996,0.004578060672228216,0.12822882031496066,0.390625,5
0.0011957103869531251,0.004232839054670752,0.09776755339370076,1.5625,5
-0.0019596761372656256,0.016012028308370528,0.2967012711496063,2.734375,5
-0.0008597547779687502,0.01602979856771163,0.28295018177165354,2.34375,5
0.001504208578359375,0.0029839502256383123,0.07491723874803151,0.390625,5
0.00099953830921875,0.002745896026273309,0.06952036538582677,0.390625,5
0.001264116028125,0.0027217430218875816,0.07728591333070868,0.390625,5
-0.000354996965703125,0.004074778340887408,0.09476662451968502,0.390625,5
-3.878952273437495e-05,0.007614708243228615,0.16906094635433072,1.171875,5
-0.001137313774375,0.010374891623441415,0.22822285591732283,1.5625,5
-0.0010421846709531251,0.008277699593928545,0.1693852839228347,1.953125,5
-0.000546450271421875,0.00326717839880208,0.10116634526141732,0.390625,5
-0.0003533406949328125,0.0032227616648156823,0.0699692060472441,0.390625,5
0.0021978803494421876,0.003332913178383565,0.08170103140157481,0.390625,5
0.00072649241625,0.003632987735966583,0.08270343504724409,0.390625,5
-0.001143709328984375,0.00398017164780911,0.08145042654330707,1.953125,5
-0.0054413821820390625,0.007422334218878538,0.07114073132362204,0.390625,4
-0.0006314282171953126,0.002605731580260966,0.06959206356771654,0.390625,4
-0.0010050816481718748,0.002328156574495786,0.06218192396062992,3.125,4
-0.00012775405059375,0.0018567628202907722,0.054046649377952755,3.125,4
-0.00022628214296875002,0.0021149054334872793,0.05881322577165354,2.734375,4
0.000880576090546875,0.0025644068098523796,0.05489958223622047,0.390625,4
0.0007970325504687499,0.0026537169376888684,0.0585026837480315,0.390625,4
-0.0009069969478124999,0.0024068059216863814,0.06736024137007873,0.390625,4
-0.00019922957187499992,0.0026848079429546597,0.059418198976377956,0.390625,4
0.000541661686328125,0.0028413448224258397,0.06718801499212598,0.390625,4
0.0006407414489062501,0.0028563729916406006,0.08516485381102361,0.390625,4
0.0005702335507007814,0.0024374049072232685,0.07378085720929133,4.296875,4
0.00012048502773203123,0.002120666634406371,0.053018554171102364,0.78125,4
-0.00018680593984374998,0.0021393797031221407,0.054777290291338585,0.390625,4
-5.5652812890625027e-05,0.0023099752174781663,0.07408055271653545,7.421875,4
0.00044642682646093743,0.002209340820104418,0.07450884340157476,0.390625,4
0.0007935915686171875,0.0020985680877746594,0.06182076468503935,0.78125,4
-0.00044479289727343747,0.0026637949067685562,0.0686064119,0.390625,4
-0.00018581110364843746,0.002679330009063994,0.06541230223070864,0.390625,4
-3.3227587421874935e-05,0.00249880075967029,0.0592684575984252,0.390625,4
-0.0009937867111718748,0.0022515944700593547,0.0633237145511811,3.125,4
-0.00032541805812500005,0.0030858956601639994,0.07806862978740157,0.390625,4
-0.01047761257109375,0.015830357109024296,0.1633000318897638,0.390625,4
0.0018769694464375,0.005067784015515132,0.12331248193385828,0.390625,4
0.00011479359956250004,0.004966456017767832,0.1323280762645669,0.390625,4
-0.00045061033140625004,0.004851331451267519,0.12430735692913385,3.90625,4
-0.0002808256210937499,0.0039570283902018505,0.10708619354330709,3.90625,4
-0.000885821201015625,0.0032702422868681126,0.10650950299212597,7.421875,4
-0.00013427189393750002,0.002844213725956244,0.08198221365433071,0.390625,4
0.00071548329715625,0.00234451086630182,0.061559460536220474,4.296875,4
-0.0001807648303125,0.0025950213861690025,0.0658135834566929,4.296875,4
-0.0006538391873562499,0.0025304759187529807,0.07461364554062995,5.078125,4
0.00036253148576875,0.002539657495171893,0.07375754993826772,1.171875,4
0.00020929189765625002,0.0023617994085074817,0.06557981270078739,3.90625,4
-0.00026781631281249995,0.0026811272276379664,0.0740010109448819,3.90625,4
-0.000415534841171875,0.0026729226105516673,0.06830023348031496,0.390625,4
-0.0006000659067187501,0.002092183582743927,0.05882407976377952,0.390625,4
0.001300064090546875,0.0062171840141787,0.1054024696456693,1.5625,4
-0.00248155339296875,0.022299640464015436,0.1643172228346457,0.390625,6
-0.013683647049218747,0.01157086022031942,0.11967927086614172,0.390625,6
-0.0125284193984375,0.004781640876195431,0.08758472125984251,3.125,6
-0.00893160615,0.005417704046435011,0.07418213685039372,0.390625,6
0.00102043371015625,0.007900174511998533,0.07921815519685038,0.390625,6
-0.0010413797624218752,0.010534362231377246,0.08545526252755904,0.390625,6
-0.007808830956171875,0.006806315158420418,0.08975656575590552,0.390625,6
0.00304006516890625,0.011294654697204648,0.08740185582677165,0.390625,6
-0.0014160353176562502,0.015668910467485548,0.1052548842519685,0.390625,6
-0.003730170390703124,0.014884773687827627,0.10993976045669288,0.390625,6
0.006006594890390625,0.01050419118504696,0.08760846282677168,0.390625,6
-0.001653043626328125,0.011294115607653591,0.08326635167716534,0.390625,6
0.0031868573346093753,0.013238585213145478,0.08858092569291338,0.390625,6
0.00010672649921875018,0.015723703567295768,0.08197395511811022,0.390625,6
-0.008699123640625,0.011817029620609187,0.08511737157480316,0.390625,6
0.0033234419640625,0.012583133004176017,0.09507908354330707,0.390625,6
0.0008512407117187501,0.012816646087005402,0.10378450881889764,0.390625,6
0.0029555625640625,0.014237412630328362,0.1131037901574803,0.390625,6
0.0014845728624999998,0.014619742084816064,0.10109317440944882,0.390625,6
0.0058768243265625,0.03463433462810131,0.29110721118110233,0.390625,6
0.00633745902265625,0.01634893870577316,0.19856608125984251,0.390625,6
-0.01091688557734375,0.009501690119348566,0.11764527480314961,0.390625,6
0.0031586504921875,0.0197578607110508,0.11199500708661418,0.390625,6
0.008260313031250001,0.015612710722374901,0.11671458228346455,0.390625,6
-0.0017969638593750004,0.012126074627171893,0.11301301023622046,0.390625,6
0.0014682071067187502,0.010625366613505037,0.10680052236220472,0.390625,6
-0.0018924984698437501,0.006739114180161788,0.0936297471653543,0.390625,6
0.0005639255976562501,0.007898283865374717,0.09589475763779526,0.390625,6
0.0094341423328125,0.0067070277699108095,0.11231453803149606,0.390625,6
-0.00335598798984375,0.018346458443688044,0.17514250960629923,0.390625,6
-0.0136850444625,0.015144705823846184,0.16909838228346458,0.78125,6
-0.0018848493944687503,0.013892441700452644,0.1129233676377953,0.390625,6
-0.00022973084446875007,0.007238021998220112,0.10054393299212597,0.390625,6
-0.0062162943968750006,0.00447417773856407,0.0993249229133858,3.515625,6
0.002345413375,0.012123894833609216,0.10618751346456694,0.390625,6
-0.005814903906250002,0.17169740505730344,2.653541,1.5625,1
-0.0081260693515625,0.20001011349733905,3.525599060629921,1.953125,1
0.0027341666484375013,0.20813572255653967,4.096317874015748,1.953125,1
0.0008507830546874966,0.21175121251871945,3.965043078740158,1.953125,1
-0.005316709968749998,0.21775667650361935,3.3634871811023626,1.953125,1
0.006819731646875002,0.21901408670282926,3.373011467559056,1.953125,1
-0.003227374081249998,0.20596256112461034,3.178048172283465,1.953125,1
0.0024682438515624995,0.1974585361264349,2.9112477670866137,1.953125,1
0.018449637259375,0.20355156688100207,3.623233463937007,1.953125,1
-0.0081254393671875,0.20277938634302267,3.884880338582677,1.953125,1
-0.0091701386875,0.20042686529354892,3.5225986141732277,1.953125,1
0.00709829965625,0.1961711279086551,3.542614527559055,1.953125,1
-0.012870528984375,0.17774702403871515,2.870202896062992,1.5625,1
0.0079904114609375,0.19562189828208365,3.2567188653543306,1.953125,1
0.0180129204140625,0.20197475437389747,3.4735518669291334,1.953125,1
-0.010250850984375,0.2130242399089652,3.637738173228347,1.953125,1
-0.0041501342734375,0.21785404258612198,3.7609773149606305,1.953125,1
0.012034339742187497,0.2072908479571546,3.974317281889763,1.953125,1
-0.014223709421874998,0.20276925958318046,3.8399939,1.953125,1
-0.0023471522414062473,0.20219368997522777,3.5324858913385824,1.953125,1
0.012910133104687499,0.19731490147772265,3.4309904200787398,1.953125,1
-0.01642280148984375,0.19761132846884935,3.3567370629921256,1.953125,1
0.0032324424999999966,0.2044956947308826,3.4160660196850396,1.953125,1
0.016518579164062498,0.19400819496635818,3.676718228346457,1.953125,1
-0.007517590437500004,0.18047511483947168,3.917586228346456,1.953125,1
0.0125250150859375,0.4221087120357905,5.8693853740157484,1.953125,3
-0.003100544896093748,0.430847846491057,6.077188830708662,1.953125,3
-0.01244109445078125,0.4043299705546751,5.4521831496063005,1.953125,3
0.0110173718984375,0.4366527198812555,5.622475866141732,1.953125,3
-0.016540169742187496,0.45418824520425916,6.071877409448819,1.953125,3
0.015945754687499997,0.46774124943170525,6.670319653543307,1.953125,3
-0.009629204765625,0.4765289443396585,6.0288675984251965,1.953125,3
-0.0013212396718749984,0.40401595046747907,5.177581962992126,1.953125,3
0.015545599234374999,0.4330905399558897,5.8739631598425195,1.953125,3
-0.003951626406250002,0.42454477044847516,5.83948074015748,1.953125,3
-0.00522723070312499,0.4330428129331699,6.067122035433071,1.953125,3
0.00884304625,0.4257730171014362,5.802562842519685,1.953125,3
-0.0304099231015625,0.3772146875200901,4.6789692755905525,1.953125,3
0.0255850303125,0.4427080921757301,5.526240855118111,1.953125,3
0.019849077210937496,0.45965449415113147,5.999234594488188,1.953125,3
0.028659670234375,0.45528362446537074,5.8408604330708656,1.953125,3
0.017338862921875,0.4546866550638213,5.867333700787402,1.953125,3
-0.039156911093749996,0.40013673429006147,5.197237874015749,1.953125,3
0.024472220304687504,0.4442173986741877,5.928890527559053,1.953125,3
0.013950802093750003,0.4288730081707046,5.388376263779526,1.953125,3
-0.0314703837109375,0.358991759185787,4.658604216535433,1.5625,3
0.0323530131640625,0.4235169845607441,5.491058287401574,1.953125,3
0.0180893786328125,0.47908730130481725,5.711986464566929,1.953125,3
-0.0381350326875,0.20257385030343136,2.671596712598425,1.5625,2
-0.017485846648437504,0.2124658915201314,2.9862949448818896,1.5625,2
-0.014645786273437501,0.19586790459420617,2.805046124409449,1.5625,2
-0.009590339953125002,0.18178452285414895,2.422420348818898,1.5625,2
0.0068851550312499996,0.19084680009578606,2.758969188976378,1.5625,2
0.011602075199218749,0.19945514801718472,2.81421226496063,1.5625,2
0.0034108738789062516,0.18857609537769224,2.451230662598425,1.5625,2
-0.0072700424031249995,0.2032726734229423,2.5651682640944884,1.5625,2
-0.0184077507328125,0.20809430096954612,3.0533007862204724,1.5625,2
-0.027697123304687498,0.22321226048294732,3.277026911023621,1.5625,2
-0.005825793712499999,0.1993854153676067,2.9165895039370078,1.5625,2
-0.0036849880390625,0.1830020758717791,2.6865213818897637,1.5625,2
-0.004808442260937499,0.19281449003640347,2.5117632039370084,1.5625,2
0.004668549059375001,0.20466976995154865,2.8373598433070866,1.5625,2
0.015561003078125003,0.2003655461329946,2.8515696173228346,1.5625,2
0.0215911730390625,0.1875771984103479,2.6245019661417324,1.5625,2
-0.019816993843750005,0.2158312908885276,2.745186302755905,1.5625,2
0.014509315645312501,0.21738311450248288,3.0032400448818897,1.953125,2
0.0104633040828125,0.2053760903262731,3.137603199212599,1.5625,2
0.00026345229687499633,0.19577464646010256,2.8035121283464575,1.5625,2
-0.0062109671484375,0.20096026648598544,2.837557101574803,1.5625,2
-0.009773830351562502,0.20989446016871652,3.0506804637795275,1.5625,2
-0.0143484186015625,0.2189219256298745,2.8994288692913375,1.5625,2
-0.006212448984374997,0.2126936128271436,2.7378425039370073,1.5625,2
-0.00118387220125,0.008948207656645285,0.24363081462992126,1.171875,5
-0.003093477766953125,0.0048059378461727175,0.08798588666929134,0.390625,5
-0.0031950520015625,0.004706801429537967,0.07678232622047244,0.390625,5
0.0018215034695312502,0.00439512355270538,0.07572109456692915,0.390625,5
0.0019174248657421874,0.004043196310451813,0.08334927532283465,0.390625,5
-0.0022077492319140628,0.003724790189358082,0.08155233067716536,0.390625,5
-0.00174781694765625,0.003899197993340405,0.06553215582677167,0.390625,5
0.001951735806640625,0.00292069628584066,0.06342376115748032,0.390625,5
0.00038600632381249997,0.003530600050283349,0.06973838021496062,0.390625,5
-0.001658207167984375,0.0020436694730150283,0.06924477299448818,0.390625,5
0.00015531043624999994,0.0026490549098611774,0.08013568244094486,0.390625,5
0.0002496943363281249,0.003030517408967772,0.07953810866929137,3.125,5
-0.00100309755328125,0.0028359396464767944,0.06657653022047244,1.171875,5
-0.0011605235466562499,0.0025862068573974857,0.06797356682677166,0.78125,5
0.00013089241115625,0.0025158030437807673,0.07119259939370078,0.390625,5
0.0014519853010703126,0.0019350655016250184,0.06284005439606298,6.640625,5
0.0010803065027890624,0.0017212857845186472,0.04736216988425197,0.78125,5
-0.00046831512375,0.0025373629489800083,0.057764772511811016,0.390625,5
-0.0001913312190625,0.00282653322529355,0.06111636093700787,0.390625,5
0.000999861803828125,0.0023890905313262265,0.06365228902362204,0.390625,5
-2.54224100000003e-06,0.002723073579504797,0.0765366522519685,0.390625,5
-0.0010211687353749999,0.0023613841407941678,0.0624092270472441,1.171875,5
-0.001375363947109375,0.002084548796374307,0.048403992992125985,0.78125,5
-0.00029384436410937495,0.002164351166725736,0.0450175848425197,0.390625,5
0.00131442708628125,0.0019053810690696342,0.060788800590551174,3.125,5
0.0006866253953124999,0.0022186153064038547,0.06613879836220475,0.390625,5
-0.00020646501990625,0.0018065364834678333,0.05796088592913387,1.171875,5
-0.00032240552303125004,0.0017326944096037501,0.05050100036220473,0.78125,5
-0.0016254274381796874,0.0024758373589585984,0.06321162229370078,0.390625,5
0.00671905829296875,0.02660236007783053,0.17145620999999997,0.390625,5
-0.0018576748139843748,0.006780751488530377,0.07282290135826773,0.390625,5
0.00098798416265625,0.0037315276110422404,0.0689105320551181,0.390625,5
-0.001922424161015625,0.0027541589631210578,0.05961794347244093,0.390625,5
0.0002672109560937499,0.003532244125032437,0.06559411476377952,0.390625,5
0.001939526912265625,0.0025095094941754562,0.06796594606299214,0.390625,5
-0.0017086881142968748,0.0035102410013069514,0.07314732854330709,0.390625,5
-0.0014660939860937504,0.0039202945293175155,0.06852782647244095,0.390625,5
0.001528582223359375,0.0027967227819062487,0.0629432972519685,0.390625,5
0.00017654126992187495,0.0027707116969437136,0.06706461851181102,0.390625,5
-0.000957270591859375,0.0024840995349779678,0.06848798992755904,0.390625,5
-0.0014847456797500002,0.0028153427050065303,0.08481038227401574,0.390625,5
-0.000823683623203125,0.0030178753485025256,0.07884462294488188,0.390625,5
0.0021511440221875,0.002639672548165071,0.06537357869291338,0.390625,5
0.01192918558515625,0.020030863782501334,0.13209107220472435,0.390625,4
-0.00251002567125,0.0027560423942989314,0.05056199940944882,0.390625,4
-0.0005570705175,0.0020597863302422655,0.04491094828346457,0.390625,4
8.029068445312495e-05,0.0019463588181117635,0.058776520488188974,2.734375,4
-0.000178577802140625,0.002166151772081594,0.07192802710551183,4.6875,4
6.220144332812498e-05,0.0019688762303217418,0.06873151277480316,5.078125,4
0.00023779507226562503,0.001975313486760965,0.05872504566929134,2.734375,4
0.000233229932890625,0.002106299511906656,0.05733691507086615,5.078125,4
-0.000146725895,0.0019506178638630358,0.06975488792125983,6.640625,4
-0.00025361412749999997,0.001951386672838607,0.06799354021259843,9.765625,4
0.000108214139296875,0.0018777947299207223,0.05335155337795274,3.90625,4
7.168750796875e-05,0.0021126268720721773,0.05540648906299213,0.390625,4
-0.0005841234886718751,0.0022478627239790614,0.06079713277952756,0.390625,4
-0.00025363932765625,0.0022426005434552283,0.06124195624409448,1.171875,4
0.0005538095464843751,0.002384498663219547,0.06605693418897637,1.171875,4
0.00018816199347656252,0.0022478860280169296,0.06705387925748031,1.171875,4
-0.0006545424489062502,0.00986226654049923,0.171274463480315,5.859375,4
-0.00349774825203125,0.004212778522270663,0.06251452552755905,0.390625,4
-0.006687407604531251,0.0037570181151658803,0.07529710535433072,0.390625,4
-0.004430417901484376,0.004879030165474077,0.08342631811023621,0.390625,4
-0.002964437262578125,0.004334563392870956,0.07549161629921257,0.390625,4
-0.003139072991398438,0.0035469497260446304,0.06736376606299212,0.78125,4
-0.0008128587066328126,0.0027811072515102255,0.061697617401574804,0.390625,4
0.0005584786861484376,0.002047484228344109,0.06690113719173228,3.515625,4
0.00012804508896093755,0.0022502942069144213,0.06931257245669291,7.03125,4
-0.0005618314846874999,0.002309440829468611,0.06015252811023622,4.6875,4
0.00019497542460937496,0.002375457110607293,0.05504915905511811,0.390625,4
0.0013559163526562499,0.0018772547652315481,0.051698554480314955,1.953125,4
0.00046242922492187495,0.002214839306087835,0.05727209798425196,0.390625,4
0.00027978170432031246,0.0020620499177984677,0.05913614810472441,2.34375,4
0.00013637632635156243,0.002228101446838543,0.062200919088976375,0.390625,4
-0.0002113048477578125,0.0022327798180935177,0.06012713247007874,4.296875,4
0.0005560067714609375,0.0018343325685876242,0.04942464628897637,4.6875,4
0.0088505203671875,0.06359068549496882,0.45855662677165354,0.390625,6
-0.020329773383593756,0.024523875061591673,0.20539764417322834,0.390625,6
-1.015144218749996e-05,0.009024908446661385,0.1024887303937008,0.390625,6
-0.0022223750671875,0.0060698294417941044,0.08947442133858267,0.390625,6
-0.0031791139747500002,0.004329978369688993,0.08784033601732283,0.390625,6
0.00048934669790625,0.0032433328639751772,0.08921363885196851,2.734375,6
0.003998596762500001,0.004231562515005617,0.08644843551181104,0.390625,6
0.0027710484718750004,0.005096894061531378,0.09083674173228348,0.390625,6
-0.001716290523203125,0.0032550580965156803,0.08489544435433072,0.390625,6
-0.0018865362529453121,0.0031166651246984406,0.08305147459055118,0.390625,6
-0.0013737178181015626,0.0032429588592876794,0.08653463038582677,0.78125,6
-0.0038765568555468753,0.003714168847565266,0.08022658912598425,0.390625,6
-0.005760946125781249,0.002805473246295332,0.07994446275590551,5.859375,6
0.003945365071875,0.015585424067848257,0.19623649732283469,0.390625,6
-0.0145797078203125,0.05873902537347454,0.570706711023622,0.390625,6
-0.02329532100390625,0.04240250930625937,0.5793834744094488,0.390625,6
0.0056059483515625,0.013688944889516306,0.2648866057480315,2.34375,6
0.0036989484504687505,0.005130705114741704,0.12112261862204723,0.390625,6
0.0005586310607031249,0.0030411813320967906,0.09219001771653543,5.078125,6
0.0014509209882890624,0.0029282151614079327,0.08443425952755905,5.078125,6
-0.0015977011024140625,0.004857302361588835,0.08714201228346456,0.390625,6
-0.0031552661126562497,0.005081580381027092,0.10162620322834645,0.390625,6
0.00170072062203125,0.005247974076961701,0.0928653542992126,0.390625,6
0.001770573565546875,0.0038439703830422532,0.08374021033070866,0.390625,6
-3.535549265625e-05,0.002731973981569021,0.09045735096850394,5.46875,6
-0.0006642043567187501,0.003454533436664125,0.08072386911023621,0.390625,6
-0.002952382826171875,0.0038403389522125185,0.0790499175984252,0.390625,6
-0.00013897442593749994,0.004950331292818798,0.09009596794488188,0.390625,6
0.0019143218353906252,0.0037562222785608515,0.1045169948031496,0.390625,6
0.000753615947265625,0.0033982333122673674,0.09670960607086614,0.390625,6
0.0002477544867187499,0.0033747911163663578,0.10052400779527558,0.390625,6
-0.00107083913484375,0.003576136275399972,0.0926200541574803,0.390625,6
0.0005891443925,0.003943299546141693,0.08495680236220472,0.390625,6
0.00076744355234375,0.0037517798501752486,0.09703542141732283,0.390625,6
-0.000736956337421875,0.0074630113360018594,0.1485103744094488,2.734375,6
-0.0017142010468750007,0.16698515403553502,2.7301418897637797,1.5625,1
0.002879097546874999,0.18484553584590466,2.997667897637795,1.5625,1
0.0037543505,0.21471190559049622,3.526882314960629,1.5625,1
-0.0013095745078125012,0.2170508462803948,3.549751748031497,1.5625,1
0.0006576516796874977,0.20977266826590005,3.633989999212598,1.5625,1
-0.0024372185546874987,0.2066130168942173,3.406487770866141,1.5625,1
-0.004905450078125,0.1918784186576335,2.7781380708661416,1.5625,1
-0.0020206155312500022,0.20070396234879728,3.128435527559055,1.5625,1
-0.0016265862968749979,0.20464769264247076,3.367041182677165,1.5625,1
0.003769601031249995,0.20289293148689072,3.3317006629921257,1.5625,1
0.0010455076718749977,0.205983706564939,3.4465436377952754,1.5625,1
-0.0034969543593749985,0.19889156328359425,3.282672507874015,1.5625,1
-0.002949467906250001,0.20924049455026428,3.4365641417322834,1.5625,1
-0.0015854182656249993,0.21923074797524103,3.80081025984252,1.5625,1
0.004819189463281248,0.20663333280377025,3.4718006792913387,1.5625,1
0.001356675455468746,0.2011941035695139,3.146539285590551,1.5625,1
-0.002459617398437506,0.19236445246679607,3.0745905314960638,1.5625,1
-0.002070347375000001,0.18146962723985785,2.7030618779527553,1.5625,1
0.0037381942617187493,0.1933678468774068,2.9633013385826774,1.5625,1
0.0011384110039062492,0.20385169316657242,3.56227968503937,1.5625,1
-0.014489063320312502,0.21985925459482103,3.7625873385826774,1.5625,1
-0.014982020265625003,0.21660066722124788,3.3530877401574806,1.5625,1
-0.007600590390624997,0.219399405249837,3.9932036220472447,1.5625,1
-0.0014683218124999992,0.2249054100060413,4.182258417322834,1.5625,1
0.0114024825625,0.2237672954243345,3.8280304370078735,1.5625,1
0.015838425078125003,0.22755278942261653,3.6744511968503932,1.5625,1
0.0113167018984375,0.2300417293839042,3.915876448818898,1.5625,1
0.0010552557031250007,0.2312466517759885,4.367064043307087,1.5625,1
-0.0034179662812499996,0.22522825974627386,4.177021984645669,1.5625,1
-0.004306653882812498,0.21865474233447427,3.8745727716535434,1.5625,1
-0.011251823484375001,0.22010769188541895,3.8241199291338583,1.5625,1
-0.010697781250000003,0.2154350308382645,3.619791968503937,1.5625,1
0.0019763344531250025,0.33264956178540367,4.829876673228347,1.5625,3
-0.012337983515624998,0.3275621133369514,4.341831283464566,1.5625,3
0.008307523234375,0.31269191502030447,3.7962594803149603,1.953125,3
-0.012876322578125,0.35526152676664036,4.563449220472441,1.5625,3
-0.007633800750000003,0.30851500930684833,4.186493975590552,1.5625,3
-0.008892450281250002,0.3127539531434975,3.951211747244095,1.5625,3
-0.009569553554687502,0.36015746787102654,4.58497498425197,1.5625,3
0.023311435765624992,0.39095359157343523,5.181772485826772,1.5625,3
-0.0499574373671875,0.3096097067550043,4.3098271259842535,1.5625,2
-0.023047385226562498,0.289605970107991,3.9288491409448825,1.5625,2
0.006278965828125002,0.2737079097729646,3.943072985039369,1.5625,2
0.027358249156249997,0.30863889253419974,3.8726585039370085,1.5625,2
0.005253196953124999,0.3128360020960161,3.9565727622047246,1.5625,2
-0.0089681361640625,0.2810663723855717,4.114030062992126,1.5625,2
-0.016168685515624996,0.26646974125477396,3.632692066929134,1.5625,2
-0.021735856890625,0.27610344212662213,3.4339041889763777,1.5625,2
0.0446716959453125,0.42521577116212506,5.785430740157479,1.953125,3
0.021340140195312496,0.4277571211624541,5.581910377952756,1.953125,3
-0.0277565994296875,0.36384442387190785,5.122917157480315,1.953125,3
0.006353169914062503,0.35682468770606657,5.210013125984251,1.953125,3
-0.0005321571640624998,0.3643658126362639,4.93876022047244,1.953125,3
0.011220337601562502,0.38814719119102525,5.684167984251968,1.953125,3
-0.006458580851562503,0.3923225765170041,6.0549552519685035,1.953125,3
0.0007996210140624998,0.3741372815586729,5.423856566929132,1.953125,3
-0.054029045390625,0.325613410620299,4.304494603937009,1.5625,2
-0.0294598091390625,0.31875987812093504,4.179179281889764,1.5625,2
0.041752887525000004,0.3539779456354667,4.70819013464567,1.5625,2
0.010287449296874997,0.34803311196854525,4.708130523622048,1.5625,2
-0.019826276164062503,0.3182946512215793,4.344279488188975,1.5625,2
-0.02136425015625,0.2962381005942407,4.234369511023623,1.5625,2
0.0006666640078124998,0.26219502177145565,3.604571486614173,1.953125,2
0.024254399093749997,0.2614064073236751,3.2010762787401585,1.5625,2
0.012336690179687505,0.44446636792781324,6.518286775590552,1.953125,3
-0.0008340237499999924,0.44493239234830373,6.489840999999999,1.953125,3
0.008126005710937505,0.40647799110574945,6.216993866141732,1.953125,3
0.009928519617187506,0.3988604174221416,6.5086116929133855,1.953125,3
0.007656563734375003,0.39137040432887754,6.245742889763777,1.953125,3
-0.005014569625000003,0.4309022448946897,6.531047299212598,1.953125,3
-0.0083099320859375,0.43868466602216016,7.125083846456694,1.953125,3
-0.013902108617187499,0.32941265018267474,4.6583507795275585,1.5625,2
0.011470320828125002,0.30837777890794627,4.439607412598424,1.953125,2
-0.019826811575000002,0.31332367683769835,4.213392507086613,1.953125,2
-0.008681203778125,0.3081946414357329,4.00871888976378,1.5625,2
0.0270344004375,0.32912399444736323,4.5634470094488195,1.5625,2
0.007495650500000003,0.333435884087062,4.907395140944882,1.953125,2
-0.014511468000000001,0.29728550011894506,4.230199822834645,1.953125,2
-0.012415358664062503,0.2828791950910855,4.0308768795275585,1.5625,2
0.0004709543051562501,0.01688436672163601,0.6086008424409449,9.765625,5
-0.0020883177646796878,0.010086378821605858,0.2435751826377952,5.859375,5
-0.0020146969499140626,0.00738985659429092,0.13125025123622047,0.390625,5
0.000500433963046875,0.002702321907662951,0.05598364186614174,0.390625,5
-0.00025004834515625005,0.0024655166774882236,0.05818240838582677,0.390625,5
0.00013985673734374996,0.002404431152699846,0.06370788913385828,1.953125,5
0.001250310413046875,0.0020915721705176307,0.05965144903937007,6.25,5
-0.00034695861164062505,0.002931442130052249,0.056257332937007874,0.390625,5
-0.001838332536796875,0.002463484670795266,0.06076023073228345,0.390625,5
-0.001128448839453125,0.0023148789003842995,0.06626535311811023,0.390625,5
-0.00024071573218750004,0.0028165859430976142,0.06842686462992127,0.390625,5
0.000842355330546875,0.003151114543952292,0.07111295951181103,0.390625,5
0.000159580293046875,0.0026892254588580123,0.05415160147244095,0.390625,5
-0.00047215606664062504,0.001980778408143271,0.04885668730708662,3.515625,5
5.2563128281249967e-05,0.0019984851099665154,0.05297747122834645,0.390625,5
-0.00039943363023437503,0.00209542367787344,0.056733752763779524,0.78125,5
-0.000739689414375,0.001995645594733013,0.05931946010236219,2.34375,5
0.03420138733046875,0.05623913046001168,0.11157072125984253,0.390625,5
-0.007224120842187501,0.0068590277579769375,0.07144905204724408,0.390625,5
-0.0019538955510937503,0.003378948360660778,0.08696938715748032,0.390625,5
-0.00178793102640625,0.0027910761580806896,0.08447377114960627,0.390625,5
-0.00249052502328125,0.0022452411455800084,0.07074736580314961,1.5625,5
-0.0013717807374218748,0.0021337013923220295,0.05834447964566928,0.390625,5
9.53310536484375e-05,0.002072795597797822,0.05479513711811024,0.390625,5
0.0001671383788828125,0.0022289082466579527,0.05815219270866141,0.78125,5
-0.0005815595519531251,0.0023298835376410368,0.06021113871653543,0.390625,5
0.0006100276478125,0.0027921527758289506,0.0700522705590551,0.390625,5
0.00064963811796875,0.002866428356849389,0.06114504868503937,0.390625,5
-0.002604849934765625,0.0030288780682177275,0.05408502802362205,0.390625,5
-0.004068070546171875,0.002224893107411578,0.06485221503937007,2.734375,5
-0.0012298496911718748,0.0033664644300323335,0.06890918985826772,0.390625,5
0.0015877860640625,0.0023117986743507895,0.07144377989763781,2.34375,5
0.001478986735234375,0.0021558807819509495,0.06715656754330711,1.171875,5
0.001060240344296875,0.001968247213486253,0.05814861930708661,3.515625,5
0.0005212751990624999,0.006430008461414476,0.10827160299212599,3.90625,5
-0.001526770907734375,0.009225834245289955,0.13855926287401577,0.390625,4
0.0016687256121874997,0.0029065084037943876,0.05641798607086615,0.390625,4
-0.0005444486732812501,0.0020011087866368786,0.06112078335433071,3.515625,4
0.00033189939499999997,0.0032821425947951993,0.09935170145669288,0.390625,4
0.001765489718828125,0.0033324674999590464,0.10745581059842521,5.078125,4
-0.000493880299140625,0.004165202998427035,0.08584775414173228,0.390625,4
-0.001946934664375,0.0032108391159968,0.07736620653543305,0.390625,4
0.0005077555936953125,0.0020675731526611663,0.05361831444645669,0.390625,4
0.0010269055615078127,0.0019045826838661195,0.059319618832283455,0.390625,4
-9.468419445312502e-05,0.002335410701319955,0.07329164348031497,4.6875,4
-0.0006847769003124999,0.002182572243761965,0.06558486685039372,0.390625,4
0.0002481276444531249,0.002191994714283788,0.056389755212598425,0.390625,4
0.0007619840142187499,0.0019008472723556465,0.05476483438582676,0.390625,4
-0.0001258042165625,0.001711022919813818,0.052540135440944886,3.90625,4
-0.000314259445859375,0.0017619207886765895,0.05117906562992126,0.78125,4
-0.0005668804862500001,0.0023287281020529823,0.060983625188976376,5.859375,4
0.00928202568515625,0.02100338132340921,0.17952099188976378,0.390625,4
-0.00318576236625,0.003808820905860027,0.0557754443464567,0.390625,4
-0.0005180185065078124,0.0027695259619271726,0.06160378576377952,0.390625,4
-0.0001360924240078125,0.0022273367658522743,0.05338250433070867,0.390625,4
0.0008066856755468751,0.0018968940694062812,0.043551972023622064,0.390625,4
0.00075169780921875,0.0016853574596671513,0.043272969960629924,0.390625,4
-0.0009428434006249999,0.002170819045858558,0.0585457040472441,1.953125,4
-0.0005721579478906249,0.002606826669281667,0.0737486565590551,0.390625,4
0.000988005321875,0.002107768315137242,0.06660135318897639,1.5625,4
0.0006246349403125001,0.0020177339127493608,0.054468038401574805,4.6875,4
-0.0006031037813203125,0.002257853939667896,0.06025813420551181,1.5625,4
-0.0007730078228828125,0.002475906460551472,0.0662674225677165,1.171875,4
0.00032792805140625,0.0022268199143002996,0.052545777929133855,0.390625,4
0.0009969666260234375,0.0014463057171964307,0.0418776358590551,4.6875,4
0.00036234056728125003,0.0014734928489822724,0.04297874455984252,0.390625,4
-0.046162339495312496,0.10897281347047928,0.7374983337795276,0.390625,6
0.022806790731250002,0.03248783183653821,0.5587023286614172,1.171875,6
-8.89201874999995e-05,0.0292515354753069,0.30140887165354324,0.390625,6
-0.007251180532734375,0.010923391877216493,0.1952192604724409,1.5625,6
-0.003801257098203124,0.0059159731639395014,0.15878799000787402,5.078125,6
-0.0011812804951562498,0.004707768609506899,0.11178780607086614,0.390625,6
-0.0008725945546875001,0.004386627405114108,0.1002502809448819,0.390625,6
-0.00313652880546875,0.0031078725534078,0.08219682181102364,0.390625,6
-0.000674889856484375,0.003343764780777168,0.07187799052755905,0.390625,6
0.002781717334140625,0.0025658631087710775,0.06318630021259843,0.390625,6
0.0017246935993750004,0.003986097192620298,0.06636192763779529,0.390625,6
-0.00372900127015625,0.004372436986250339,0.07009795228346458,0.390625,6
-0.0031819657828125003,0.004422713322487735,0.07136057141732283,0.390625,6
0.0023504684695312503,0.0035840004452438257,0.0662553212598425,0.390625,6
0.0007228501601562498,0.0048763514322816386,0.08223648381889764,0.390625,6
0.01304737948828125,0.05449799837847501,0.3359435366141732,0.390625,6
-0.022898440046875,0.018785446059853047,0.2873705165354331,3.125,6
-0.009027501367656251,0.01223689416505035,0.1507180093228346,2.734375,6
-0.002575442167578125,0.003374064483158117,0.10110485296850394,0.390625,6
-4.836773453124997e-05,0.003294168641272172,0.08150755002362203,0.78125,6
0.00028007828257812497,0.003006109611061861,0.057788303543307086,0.390625,6
-0.00180289831703125,0.0030391938623095397,0.06856015678740156,0.390625,6
-0.0004202701068749998,0.003550220490643272,0.0841112377322835,0.390625,6
0.00049287586953125,0.003782550000704465,0.09539585976377953,0.390625,6
-0.0017106996371093752,0.0035884832297865556,0.0889945411417323,0.390625,6
0.0002764151939843749,0.0041062446795688285,0.09098282980314959,0.390625,6
0.0035878842654687502,0.003384423371283868,0.08983056015748032,0.390625,6
-0.00037842242578125,0.005549576388314203,0.07754532196850394,0.390625,6
-0.00316053486515625,0.0032080429795472124,0.07499239907874015,0.390625,6
0.0006827893925,0.0036857201404386637,0.0799217143937008,0.390625,6
0.0042525456990625005,0.0032080556214826284,0.07356975425196852,0.390625,6
0.004242907508359375,0.002953875527998618,0.06480347921259841,0.390625,6
-0.002529472327578125,0.006039646112099178,0.06785133913385827,0.390625,6
-0.0061513190187499995,0.0035785153404946438,0.06857407708661417,0.390625,6
-0.0021452104487499997,0.0038729184975852945,0.07380191649606296,0.390625,6
0.0010841251075,0.004952367882244488,0.1107967570866142,0.390625,6
-0.0077453369765625,0.2087061217050191,2.932241410236219,1.5625,1
0.002356843455468754,0.2255797844322222,3.521252145669292,1.5625,1
0.0051875642703125,0.22946203957731892,3.947582377165354,1.5625,1
-0.00034601632578125027,0.2313560702479079,3.8497932866141733,1.5625,1
-0.0047164093828125,0.22853267183040088,3.775603751574803,1.5625,1
0.005177195843749996,0.23432894316590716,3.844984790551181,1.5625,1
0.00825916885546875,0.23582446252984587,3.8855919283464564,1.5625,1
-0.0010393851835937464,0.2221908590658843,3.6855655669291334,1.5625,1
-0.005454420492187501,0.21888674750310969,3.4205130944881894,1.5625,1
-0.00845270515625,0.2196429158601385,3.569231299212598,1.5625,1
-0.006928133601562501,0.22383045306474972,3.62686705511811,1.5625,1
-0.007753186125,0.2264306043972896,3.7891320236220474,1.5625,1
-0.005698583007812501,0.22029485170183194,4.008420381889763,1.5625,1
-0.0036925080156249984,0.2136931616877037,3.601041236220473,1.5625,1
0.0007044646484375,0.21219521711244058,3.318358244094488,1.5625,1
-0.005045583257812503,0.23115740107017743,3.704348391338582,1.5625,1
0.0028196843125,0.25417301201616055,3.983966107874016,1.5625,1
0.010935959132812497,0.2606039521116354,4.125972905511811,1.5625,1
0.012170598304687499,0.24570575953640453,4.1354711527559065,1.5625,1
0.0032257312031250015,0.24405386771944954,4.3534471448818906,1.5625,1
-0.0156252088203125,0.2550887161095805,4.214188118110236,1.5625,1
-0.018980372726562507,0.25942367162139945,4.184262047244094,1.5625,1
0.011449441796875001,0.2538342764552971,4.2169293622047235,1.5625,1
0.023794133281250004,0.25519792323801677,4.3451084566929135,1.5625,1
0.002518130937499999,0.25005014652549457,4.441862582677165,1.5625,1
-0.010681061140624998,0.24842844569192887,4.324644795275591,1.5625,1
-0.019181472578125004,0.25532974483995563,4.218813913385826,1.5625,1
-0.008475875918750004,0.24361709897966982,4.01903479527559,1.5625,1
0.007440340706249998,0.2275329078411109,3.9058864409448812,1.5625,1
-0.006453458260156249,0.34115364701810913,4.3576960866141725,1.953125,3
0.02003448996640625,0.38014464211995636,4.824195078740156,1.953125,3
0.0026515056015625005,0.3703633000812716,4.508102559055118,1.953125,3
0.0028006348437499967,0.3919607149455601,4.992804488188977,1.953125,3
0.024488034140624997,0.3793734838415629,4.846622307086614,1.953125,3
-0.014388125445312504,0.34850223751681647,4.445262976377954,1.953125,3
-0.010770490210937497,0.3959970427204757,4.871121673228345,1.953125,3
0.011374325468749998,0.392177530173328,5.137868677165355,1.953125,3
0.027904672500000005,0.4122349203901122,5.093616952755905,1.953125,3
0.017550342601562505,0.41458323576565415,5.480297082677165,1.953125,3
-0.0021458820781250013,0.38575893072366024,5.3590750314960625,1.953125,3
-0.008892780187499998,0.3815197063082363,4.99787420472441,1.953125,3
-0.007532349109374998,0.37616644961199214,4.962321299212598,1.953125,3
0.0024118528984375005,0.38754751339628096,5.052579803149607,1.953125,3
-0.0012686340468749998,0.42371239413617984,5.6070930314960625,1.953125,3
-0.010822048211718747,0.2925803523925649,3.6189672181889763,1.5625,2
-0.03619742184375001,0.31003479883173674,3.7189602236220476,1.953125,2
0.0003717546070312501,0.28284987886282154,3.620973383464567,1.5625,2
0.024670797099218753,0.28892084183284034,3.9923514055118106,1.5625,2
0.0009316316250000019,0.2830912283692336,3.629532874015748,1.5625,2
-0.0141746896640625,0.25614592832476096,3.2110364803149603,1.5625,2
-0.0029738729921874995,0.2456657827529139,3.133293181102363,1.5625,2
-0.006045081664062502,0.2596480434998412,3.1815858779527555,1.5625,2
-0.01907208428671875,0.2928432119957618,3.794395467637796,1.5625,2
-0.03322872512265625,0.3094175856279748,4.136557703858267,1.5625,2
-0.003175055992187502,0.3342777865046943,4.492275393700788,1.5625,2
0.022454422046875,0.33037604604096515,4.237914487401574,1.5625,2
0.017620034617187495,0.3157071552305053,4.0591779244094495,1.5625,2
0.005420161898437501,0.3139930030915916,4.437572086614174,1.5625,2
-0.014739375359375,0.2948507000244004,3.9377540377952753,1.5625,2
-0.029129263492187505,0.29600601478057986,3.460845746456693,1.5625,2
-0.0164907641875,0.32594116348966146,4.246313900000001,1.5625,2
-0.0357347052890625,0.3655719379595483,4.711219496062991,1.953125,2
-0.015351077093749995,0.337800461092578,4.505912637795276,1.5625,2
0.0186382322734375,0.30867115733422873,4.10845863543307,1.5625,2
0.0305439458203125,0.32512463830013516,3.9393692267716536,1.5625,2
0.0087308320546875,0.3094851721874636,3.6443370464566933,1.5625,2
0.010965776967187502,0.31495718262697303,3.954709500787401,1.5625,2
0.0018182470742187508,0.3256419410771921,4.351653147244095,1.5625,2
0.02415913384609375,0.35368195405684527,4.743654910236221,1.953125,3
0.023561082578125003,0.4136479521633852,5.637171118110236,1.953125,3
-0.0252782556015625,0.3811080125311159,4.914499377952757,1.953125,3
0.012598592835937505,0.40327677516512483,5.383529732283463,1.953125,3
0.015334908745312499,0.3935540029432472,5.084722850393701,1.953125,3
0.001666563745312499,0.38742698828910604,4.565227519685039,1.953125,3
-0.01393965390625,0.4455522696502771,5.760337834645667,1.953125,3
0.003243780867187499,0.4383217592705144,5.69666744094488,1.953125,3
-0.0014142095175,0.011957239134184682,0.3521811673543307,5.46875,5
-0.001160544480703125,0.00425355367621628,0.10858502211023618,1.171875,5
0.0014155022600781252,0.005693396668952011,0.13854627133070865,3.125,5
0.000618615324609375,0.005696605134422796,0.13320784777165354,0.390625,5
-0.0008639774473281249,0.0037031890812984753,0.10337054744881889,2.734375,5
0.0006543524968125,0.002588848643678736,0.07055695068031494,0.390625,5
0.0001843459326562501,0.0029216025348076206,0.08232600540944883,0.390625,5
-0.00032163777414062503,0.0027367313713044824,0.08712805523622047,0.390625,5
0.000543318565765625,0.0020286158209950386,0.05429047575433072,0.390625,5
0.00023085010428125003,0.0020947503795375392,0.055483668667716535,1.5625,5
-4.7772130859374995e-05,0.0021084942022518223,0.06395167525196851,1.171875,5
-0.000167645667734375,0.002344591037418148,0.06779781781102363,3.90625,5
8.556160787499996e-05,0.0024216525502259068,0.062231589754330706,3.515625,5
-0.00025250553040625004,0.00248794637780554,0.07113219987244096,3.515625,5
-0.0006139572505937499,0.0023751661596605428,0.07119077051653541,4.6875,5
0.00021683749807812497,0.0020768601872105837,0.05873877638267715,1.953125,5
0.0005288527526562499,0.002381696240131934,0.06765664252755904,2.34375,5
0.001248731737265625,0.004145227480186271,0.10731907217322832,2.734375,5
0.00188742788265625,0.003850379133731433,0.09837179440944882,3.125,5
0.0007741239675625,0.002425816331108016,0.06995145646614172,5.46875,5
0.009805917961953126,0.02116410209350648,0.29595469858267714,0.390625,5
-0.001694817981484375,0.016233563150951747,0.3677851108582677,6.640625,5
-0.0027758802558515627,0.008186649316253606,0.1828074219606299,6.640625,5
0.00034392365325781253,0.0027515445404066607,0.06146876720944883,0.390625,5
0.00011722916043749993,0.005311716246760135,0.11749326770551181,3.90625,5
-0.0009505235909375,0.005730981316320727,0.1423078393307087,3.515625,5
-0.0002173176721875,0.0033903432093371996,0.0827968881102362,0.78125,5
0.00029852474648437495,0.0025460563397740523,0.05689287086614172,0.78125,5
0.000659137715859375,0.002135710611729481,0.05829364716535433,1.171875,5
0.00046799163898437514,0.0018601022058845947,0.0574126825984252,0.390625,5
3.817343937500001e-05,0.0017550453190389136,0.06317465840157481,4.6875,5
-4.545890460937494e-05,0.001983455183876027,0.0649173063937008,0.390625,5
-0.0004246428725984375,0.0021177360950741914,0.055900355236220466,2.734375,5
-0.0003222635554109375,0.0027032871492065685,0.07524765826771654,2.734375,5
-0.0007150850892968751,0.003210332445152869,0.09322636018897638,3.125,5
-0.001142046060078125,0.0026012273887607517,0.07187879943307086,0.390625,5
-0.0007352483282421876,0.0026457476351244343,0.06316487055118111,0.390625,5
0.00013078892011718758,0.0028224708352745237,0.07041566582677164,0.390625,5
0.000214055552375,0.0024299765952136084,0.06988750266141734,0.390625,5
0.0008671606407343749,0.00252166792884812,0.0627511097086614,0.390625,5
0.0008631855095312501,0.0027100230951463216,0.07456335212598425,3.515625,5
-0.012847833748437499,0.04498599094803714,0.12186998795275589,0.390625,4
0.005317210529921875,0.011926060997377018,0.09323202470078742,0.390625,4
-0.008238589513046875,0.007742863050732634,0.10746419848031497,0.390625,4
-0.009367972125703125,0.007708374940449789,0.12540985984251968,0.78125,4
-0.00318274435484375,0.0066391433347536685,0.1347757481653543,0.390625,4
0.00015055867312500004,0.007253944235705102,0.1520059128031496,0.78125,4
0.0030303392104687505,0.007591935152792753,0.1344604212519685,0.390625,4
0.002247118435546875,0.006772738805597218,0.12314610677165352,0.390625,4
2.410985781250009e-05,0.005626246438358332,0.09421124818897637,0.390625,4
0.00014086586281250005,0.00586744090933808,0.07351001866141732,0.390625,4
-2.972141765624994e-05,0.0057367460568984,0.08611155346456693,0.390625,4
0.0014901437297656249,0.0052915486633844195,0.07213286708661418,0.390625,4
8.3930231640625e-05,0.005247177640051524,0.06048029760629921,0.390625,4
-0.001728979924296875,0.004949834654144618,0.07637562870866142,0.390625,4
-0.0008545138811171876,0.004406577903967707,0.08704338013622047,0.390625,4
0.0005474810325546875,0.004428995369325363,0.09403285623858267,0.390625,4
0.00027670417968750013,0.005387383525208598,0.08181794700787401,0.390625,4
-0.0009810882171875002,0.005082275609588296,0.06381796464566929,0.390625,4
-0.00075896497203125,0.00493286844949164,0.06908537198425198,0.390625,4
0.010557470907031252,0.03850348140396069,0.18798748566929135,0.390625,4
-0.00491088829609375,0.009443051265872448,0.11905209551181102,0.390625,4
-0.005922386696875,0.013636792854513293,0.15954083818897638,0.390625,4
-0.01783988466171875,0.01560333312820392,0.19285327401574798,0.390625,4
-0.006363421282500001,0.019815242917261663,0.1916321247244095,0.390625,4
0.00907096659796875,0.00830124062005027,0.14658103456692914,1.953125,4
0.0026736947125000007,0.010810769648456587,0.13061649842519688,0.390625,4
-0.00733581229296875,0.008899131235741988,0.15408446874015747,0.390625,4
-0.0027618405653124997,0.009722157290489659,0.10092012291338583,0.390625,4
-0.0001875002504687501,0.006673405543655342,0.0691409034645669,0.390625,4
-0.000663664664765625,0.006664176699038603,0.1053530881102362,0.390625,4
-0.0006855901600781249,0.006565694211690945,0.1166843533464567,0.390625,4
-0.0002290706296874999,0.006514844466816173,0.10672409480314962,0.390625,4
-0.00023649035234375005,0.006775183363917949,0.10975917606299214,0.390625,4
-0.0008685759593749999,0.007119859684569128,0.10732245685039372,0.390625,4
-0.0015004667242421877,0.007620217406448011,0.10922918826535435,0.390625,4
-0.0020536642961171874,0.00758191853866994,0.10399526653307085,0.390625,4
-0.00016134596328125,0.006592949770582832,0.10606049944881892,0.390625,4
-0.002902329971171875,0.004083479128943172,0.10411784473228346,0.78125,6
-0.002079727107265625,0.0034563725545017614,0.08806706499212599,4.296875,6
-0.000517015044765625,0.0036562619674761613,0.08609168215748031,0.390625,6
-0.00023945574765625,0.00416573259156569,0.09098264716535433,1.953125,6
-0.000776114974296875,0.004046912275520665,0.10015473653543305,3.125,6
0.001079574986640625,0.003262606265795531,0.07788243881889763,0.390625,6
-0.0005990066375000001,0.004439505402061626,0.07878720267716538,0.390625,6
-0.001502019634140625,0.005237140403585159,0.10634009577952758,0.390625,6
0.0010340153128125002,0.00504045172826652,0.12792341254330708,0.390625,6
0.000929371169765625,0.0035366474637372157,0.09915704404724408,0.390625,6
0.000674962514140625,0.0032374066373809197,0.08722544062598424,2.734375,6
0.0001511331085156251,0.004091801178434146,0.10732571767716535,3.125,6
9.567368953125003e-05,0.00396697160696237,0.11150008971653544,2.734375,6
8.630380609375008e-05,0.003434352257553101,0.099970717,3.90625,6
-0.0012313688736015624,0.0032444614544896223,0.08112048319685039,1.953125,6
-0.0012306970247734374,0.0028891789236543254,0.07757882803937008,3.515625,6
0.000643882318203125,0.0030266104203260434,0.08093210106299212,3.90625,6
0.0003470901746875,0.0034787498000798524,0.08422731070866141,3.125,6
-0.00063936029,0.003073843173380527,0.08338671346456694,2.734375,6
0.00085104078671875,0.003030927883552217,0.08173639488188976,0.390625,6
0.001381750134609375,0.0028694929946890594,0.0735996951968504,3.515625,6
0.0021666771968750003,0.01851850253992148,0.21508204401574804,0.390625,6
-0.00200675489609375,0.007328832215382714,0.1333249981102362,0.390625,6
0.001152751659375,0.00567900730915955,0.15068332409448817,0.390625,6
-0.00327714946796875,0.005201947284799684,0.12908689968503936,0.390625,6
-0.003303106061640625,0.004000848931203097,0.0933986339606299,0.390625,6
-0.002102110388046875,0.004080214971175138,0.10632309482677166,0.390625,6
-0.0019772239135937503,0.00422751305042059,0.1287810197716536,3.125,6
-0.0010180866663281251,0.0032777913309874696,0.1078426920393701,3.125,6
5.8298403671874956e-05,0.003581144175711636,0.09357286994488188,0.78125,6
-4.3066762500000095e-05,0.003537622800498484,0.08870786881889763,0.390625,6
0.000957694096875,0.004150874769715456,0.10229057598425197,0.390625,6
0.0002067114778125,0.004661612226288165,0.10050074912598425,0.390625,6
-0.00129451291421875,0.003178981993918508,0.08060958725196853,0.390625,6
-0.000402756115390625,0.003392417586645753,0.09283652902362204,3.515625,6
2.772909453124998e-05,0.003828731338517051,0.10071255778740157,0.390625,6
2.106823593749995e-05,0.003904505384335009,0.10610501418503937,0.390625,6
-0.00015076948648437495,0.004477545454738507,0.12999816362992125,3.515625,6
-0.00024791519062499997,0.004220120940748815,0.12632861070866142,0.390625,6
0.00017926227015625004,0.004639933599290987,0.11954548783464566,0.390625,6
3.80191359375e-05,0.0065493843431229165,0.15990373889763776,0.390625,6
0.0009796064117187477,0.2694510023877708,5.443510677165355,1.953125,1
-0.006217679609375004,0.2981686285465252,6.494144716535433,1.953125,1
0.006773207554687499,0.28763988828657544,6.551236057480314,1.953125,1
-0.0103415338125,0.2718312064910889,5.77549477007874,1.953125,1
-0.002536495328125,0.2754723554583414,5.737846039370079,1.953125,1
0.005114031640625001,0.28974856740688454,6.3444324842519695,1.953125,1
-0.007702663375,0.29233681700300773,6.431712340157478,1.953125,1
0.008540693140625,0.27970674299138143,6.1697823322834635,1.953125,1
-0.0033215633671875005,0.2770268492199447,5.94363177952756,1.953125,1
-0.0023329541250000016,0.3048807089856606,6.683659787401574,1.953125,1
-0.0032958949765625007,0.2830547047816323,5.911313851968504,1.953125,1
0.005580142789062501,0.22801515188690447,4.45021668543307,1.953125,1
0.014602704203124999,0.22796880929131455,5.0208440078740155,1.953125,1
-0.005281912468750004,0.2531704127839229,5.28997642519685,1.953125,1
-0.012788680453125,0.24668336496733992,4.995658288976378,1.953125,1
-0.0097071519375,0.3139120216104381,6.452626888188976,1.953125,1
0.0003414228218750013,0.3164447866231736,6.704342151968504,1.953125,1
0.014287930173437498,0.300678107284853,5.864610047244094,1.953125,1
0.011532754054687499,0.3298986463908446,6.609832940944881,1.953125,1
-0.0094535004765625,0.3422915729040587,6.882679070866142,1.953125,1
-0.01733163075,0.32062744525700665,6.448186925196851,1.953125,1
-0.0003843398281250035,0.2929025112076931,5.550002608661417,1.953125,1
0.004238550843750001,0.31007066940737926,6.07928732480315,1.953125,1
-0.015383855975,0.3288134148973677,6.910869201417321,1.953125,1
-0.0031331683187500008,0.30592544710630626,6.523765117952756,1.953125,1
0.0135323968515625,0.27992338118055055,6.319307251968502,1.953125,1
0.008567052101562497,0.25364741260406637,5.53295094488189,1.953125,1
-0.0019258713624999996,0.478161539423415,7.301912976377952,1.953125,3
0.018308390156250007,0.49350874875487344,7.153461409448819,1.953125,3
0.0063557613203125,0.4222963081195275,6.317498759842519,1.953125,3
-0.0125868434453125,0.3931217628398154,6.115173763779526,1.953125,3
0.004817769289062503,0.4109599906054062,6.09427140944882,1.953125,3
-0.0062533810390625,0.40795858115801953,5.752612802755905,1.953125,3
0.01319095084375,0.44737453763851115,6.8225505078740145,1.953125,3
-0.005140645624999995,0.5032752241201186,8.321794346456693,2.34375,3
-0.010577324453125004,0.5650843777546022,8.754169913385827,2.34375,3
0.011939470765624995,0.5776497321697831,9.114463292913383,1.953125,3
0.0018279337187500008,0.5126782168815484,8.300921111811027,1.953125,3
-0.04715425689062501,0.5409629658987161,8.474550259842522,1.953125,3
-0.010055815703125002,0.6162868975080612,9.400675275590553,2.34375,3
0.0333222074921875,0.5630613759386839,9.35859645511811,2.34375,3
-0.0473949166015625,0.2644650827719041,3.996006838582677,1.953125,2
0.0019430788578125007,0.23869976439062332,3.5077774488188975,1.953125,2
0.0320353586625,0.2814937755807182,4.548072393700787,1.953125,2
-0.0015350767500000063,0.29918282433396814,4.8783637952755905,1.953125,2
-0.011858493335937496,0.250284256272648,3.8992584519685036,1.953125,2
-0.009446795078125,0.2495206709116618,3.7995340385826775,1.953125,2
-0.006219444289062501,0.27456346716215746,4.143565889763781,1.953125,2
-0.040366470859375,0.29880239453790586,4.448350307086615,1.953125,2
-0.0021373403125000013,0.28638099641785114,4.581724614173229,1.953125,2
0.013161600781250001,0.30859026307570053,4.7155934685039345,1.953125,2
0.004050741390625001,0.3208764999206634,5.214894513385826,1.953125,2
-0.0010665357968750004,0.2833342930009815,5.2163758283464565,1.953125,2
0.0007118665781250027,0.29967617693538345,5.07878777007874,1.953125,2
0.009105614343750002,0.2901730669475525,4.65144934488189,1.953125,2
-0.025519227273437504,0.4895646364400234,7.62326024645669,1.953125,3
0.034988495351562496,0.49995841241316374,7.887628762204724,1.953125,3
-0.009776567585937498,0.4908907453875264,7.609772413385826,1.953125,3
-0.012700065234374995,0.5111982851618383,8.239173862204725,1.953125,3
0.041182579687500005,0.5250946983922115,8.078420039370078,1.953125,3
-0.028909460226562503,0.5228909092428053,7.837747440944883,1.953125,3
-0.017592449835937513,0.5573966231970131,8.695123751968504,2.34375,3
-0.0315756671484375,0.2808006667408692,4.375881731496064,1.953125,2
-0.009747690539062503,0.2793162376348585,4.683028164566931,1.953125,2
0.010791835743749999,0.3187638797872966,5.632128858267715,1.953125,2
0.004715426603125003,0.32281765849575705,5.476941988188977,1.953125,2
0.009980511726562504,0.3281295038291801,5.481095070866142,1.953125,2
-0.0007230604374999974,0.3261479779337008,5.200814267716535,1.953125,2
-0.0178729499375,0.2799213496658232,4.184217997244095,1.953125,2
0.0006010139025,0.011403169806753523,0.3464254237007874,5.078125,5
0.001282693576171875,0.009659787238477628,0.2520386585433071,5.46875,5
-0.00062144144278125,0.004217364332135744,0.11469403555118111,3.125,5
-0.000320323065046875,0.002948084141366452,0.09248462905511812,6.25,5
-3.5904560703125897e-06,0.0029270947467162586,0.09217070858346457,5.078125,5
1.258813108593747e-05,0.0025754417074282084,0.09054451102440945,8.984375,5
0.00028788383949999996,0.0026962638232606896,0.096486481496063,8.984375,5
0.00014076512124999997,0.0028487134066915993,0.08680307065748032,0.390625,5
-0.0007631715365624999,0.0027285266252577733,0.08741296857480314,9.375,5
-0.00012797172398437494,0.002658448559175926,0.0842430701968504,0.390625,5
0.00033746867773437513,0.005348143938546545,0.12029176448818898,5.078125,5
-2.972082484374995e-05,0.006148176151063957,0.17154343110236214,5.078125,5
0.00225662124375,0.004729545672960115,0.12292648362204721,0.390625,5
0.0023349461621093746,0.004133744261197658,0.0965248859527559,0.390625,5
9.341204179687506e-05,0.005612885357719002,0.14078435098425196,3.515625,5
0.0004584763675781249,0.005683711556764202,0.14543290330708664,3.125,5
-0.001118996718828125,0.006272090265111931,0.16872186196850397,4.296875,5
-0.00574391782515625,0.012580742477467838,0.18492152440944878,0.390625,5
0.002231809418125,0.0038808561630198283,0.08967307362204724,0.390625,5
-0.000448368152734375,0.003410524874044636,0.07447394488976379,0.390625,5
-0.00151670978609375,0.0025465622124660327,0.0783222602440945,0.390625,5
-0.0007593099826562499,0.0026443460009479445,0.07882771326771655,0.390625,5
-0.0029770334136718746,0.003521754944204308,0.07411997531496063,0.390625,5
-0.002153552967265625,0.006798584790407306,0.13176080992125985,0.390625,5
-0.0002232472689062499,0.009174023002984923,0.24506767787401573,0.390625,5
-0.002175590872734375,0.00889137606199993,0.25429764464566923,7.8125,5
-6.183720937500006e-05,0.0070277355296769145,0.16947213283464568,0.390625,5
0.002297507693984375,0.0052206462487369544,0.16047603,2.34375,5
0.004215516418750001,0.007371367347819208,0.20085638910236217,0.390625,5
0.004549203041953125,0.007419325410365854,0.16600414862992124,0.390625,5
-0.00029725025781249996,0.006173788116513458,0.10077271771653544,0.390625,5
-0.00111333621625,0.005148115619764952,0.08867602321259842,0.390625,5
-0.002454316684375,0.02412938557427563,0.13876256062992126,0.390625,4
-0.005549680792187501,0.010334038917153923,0.06233590012598425,0.390625,4
-0.0025322477186718747,0.006962387818231055,0.06186888815748032,0.390625,4
0.001463026630546875,0.003961654774660943,0.06650061188976378,0.390625,4
0.0004760857695312501,0.009831520992420706,0.14054726496062994,3.125,4
-0.00160736069140625,0.009815286789081848,0.16699083708661422,3.515625,4
0.0013672937163281252,0.0064465837443681145,0.09527157111023622,0.390625,4
0.001573563360078125,0.006084435647228633,0.07334762559842518,0.390625,4
0.0011130678015625,0.006084462518114931,0.07887026031496062,0.390625,4
0.00045721078046875017,0.006648509508879954,0.07884470566929133,0.390625,4
0.0004458002335937501,0.006748762412266346,0.07787870303149606,0.390625,4
0.0005832454451562498,0.007014470215083901,0.08378116322834647,0.390625,4
-0.0014780936446874998,0.005451514213583675,0.07509709472440944,0.78125,4
-0.00040178783984375,0.005675834010273534,0.06470943834645669,0.390625,4
0.0002823766609375,0.0059798140739236085,0.0722596644094488,0.390625,4
0.011313942658984376,0.04675357924598952,0.17002086299212602,0.390625,4
-0.00492977579078125,0.010900471909487574,0.09447048944881888,0.390625,4
-0.00027503450562500005,0.005672669715840477,0.0942822003937008,0.390625,4
-0.0005587775632812499,0.005049702099410322,0.07175973464566929,0.390625,4
0.0008412867424218747,0.004101253084955905,0.06846107627165354,0.390625,4
0.0007778512908593749,0.004431141461787858,0.09211837200787401,0.390625,4
9.069554687499441e-07,0.005055258851348111,0.10596003858267716,0.390625,4
-0.007436340310625,0.009282659109939752,0.1775069360629921,0.390625,4
-0.0084854800871875,0.011928498555885089,0.20134678031496056,0.390625,4
0.00425171414296875,0.013310482745503057,0.1564436958267716,0.390625,4
0.007425814764140625,0.00829938355203855,0.1288345246535433,0.390625,4
-0.000579780288203125,0.005642884865081161,0.10676530945669291,3.90625,4
-0.0026641421054687496,0.006574684683151499,0.10426802535433069,0.390625,4
-0.0005265025232812499,0.00594794493398407,0.07826219785826771,0.390625,4
0.0018560579564062501,0.002389802017348635,0.07679388261417325,7.03125,4
-0.00111670536046875,0.007692186968209586,0.1486144441259843,0.390625,4
-0.0018377991732031252,0.007474312384214482,0.14946829362204725,0.390625,4
-0.00014549241507812494,0.0038913190663762733,0.09326317685039369,3.90625,4
0.0018344484546874997,0.006453563481939059,0.12095413712598427,0.390625,4
0.001465434726484375,0.006221936626477032,0.10513576857480315,0.390625,4
0.002804482809296875,0.009039517608602573,0.13751335637007872,0.390625,4
-0.012513307553125002,0.04128375918832385,0.22327851818897637,0.390625,6
-5.647639578124986e-05,0.010220589185460706,0.10896236144881892,0.390625,6
-0.026365969742656252,0.02673090642732522,0.2809671552283464,0.390625,6
-0.0270622201796875,0.032216423126945,0.27326710409448823,0.390625,6
-0.0004925598359375006,0.023900146223225373,0.1337809647244095,0.390625,6
0.00917651779765625,0.015056289690407275,0.12641309929133857,0.390625,6
0.00037168525468749973,0.015111140623561455,0.1443393762992126,0.390625,6
-0.00047510447343749966,0.01251308244532977,0.1360531127559055,0.390625,6
0.01032981416328125,0.007274108957971728,0.08761230393700788,0.78125,6
-0.002372529080625,0.016693828304040044,0.14671877392125987,0.390625,6
-0.01357377106109375,0.012926247204533614,0.18328561250393702,0.390625,6
0.00017126979921874998,0.021227595534913057,0.14885655732283468,0.390625,6
-0.0007569229421875,0.020941857052246698,0.12501039078740153,0.390625,6
0.008123727953125,0.024190069836799322,0.11062404527559055,0.390625,6
0.01613618965234375,0.018436730544586062,0.11616510551181103,0.390625,6
0.0037659457781249995,0.018955561837266356,0.11325236889763779,0.390625,6
-0.01349689807421875,0.026200696023595618,0.1324159503937008,0.390625,6
-0.0038893294843749997,0.03055711367738347,0.13317758622047246,0.390625,6
-0.0003667685648437492,0.026000544154977746,0.11355456322834646,0.390625,6
-0.0029244580171874993,0.02420495329854651,0.11870399905511808,0.390625,6
-0.00147059117890625,0.022943085841544097,0.12402954527559054,0.390625,6
-0.003028170328125,0.02294249156438396,0.11813253228346457,0.390625,6
0.0009739307398437501,0.020421723161747812,0.11334969133858268,0.390625,6
-0.0154275968515625,0.03418619589999326,0.21843812440944887,0.390625,6
-0.0033091635117187502,0.014998083095213017,0.16081927866141732,0.390625,6
-0.0076332486125,0.01025590885496308,0.13540252015748036,0.390625,6
-0.00241489887890625,0.012035213025234678,0.1555454991338583,0.390625,6
-0.0007744869657031249,0.01040482969811652,0.14174561181889767,0.390625,6
-0.003918573146953125,0.0066794864593242576,0.13064480945669293,0.390625,6
0.00463334434140625,0.014041456579925414,0.1384335875590551,0.390625,6
0.00040519470703124973,0.017811950429367625,0.1616417940944882,0.390625,6
-0.0017023814549218747,0.01593937200157626,0.14982947322834647,0.390625,6
0.008353848740390624,0.017653662559674217,0.12078955629921259,0.390625,6
0.0493077371796875,0.045693826100039525,0.13765473385826768,0.390625,6
0.051665391765625,0.05712709441581033,0.19949502677165354,0.390625,6
-0.009256931984375001,0.04638296075097068,0.19995094803149613,0.390625,6
-0.01607114384789063,0.018486984072270066,0.1585132523937008,0.390625,6
-0.020648015332265623,0.021381277819209975,0.13947214609448821,0.390625,6
-0.029202135679687498,0.014187973128728312,0.15399244251968497,0.390625,6
-0.01239604320625,0.009314634084497828,0.1585884185826772,0.390625,6
-0.0006039896437499998,0.009771760695211655,0.09994524732283468,0.390625,6
5.675538359374994e-05,0.009896336115181781,0.0880954216535433,0.390625,6
0.006391526338281245,0.27685656658368274,5.62929035511811,1.953125,1
-0.0018601682890625089,0.32422802606043816,6.4477374267716545,1.953125,1
-0.004872863031249997,0.3320320662083948,6.277161150393701,1.953125,1
0.0029341015117187487,0.33330687706411616,6.13523085433071,1.953125,1
-0.01701634562109375,0.3497660332561787,6.721865303149607,1.953125,1
0.000504734859374998,0.35266973630880577,7.233861855905513,1.953125,1
0.008777730109374998,0.32219273854443214,6.576912966141731,1.953125,1
0.0037883260546874957,0.32520694685437074,6.7366852047244095,1.953125,1
-0.014398174843750007,0.33212853065366077,6.885953248031496,1.953125,1
-0.000768459148437501,0.31170026753248276,6.134996055118109,1.953125,1
0.0164468641796875,0.2909648340802101,5.300280440944882,1.953125,1
0.010413026820312499,0.3130663785920165,5.703588551181102,1.953125,1
-0.015850958828125,0.3447924366196477,7.3053014881889755,1.953125,1
-0.0179121536484375,0.30749804985517226,5.246595188976378,1.953125,1
-0.00048631190624999834,0.3396799856208177,6.504250651968504,1.953125,1
0.011216733742187504,0.3730505151006384,7.021015951181102,1.953125,1
-0.018686465304687497,0.3684215782066122,6.737455926771652,1.953125,1
0.004134054156249997,0.3554765306062073,6.515386396062992,1.953125,1
-0.008911740015625006,0.36588977722059685,6.609164356692912,1.953125,1
0.004052619429687498,0.3833925203896699,7.691178651181102,1.953125,1
0.0031577650234374983,0.3595959146051693,7.217582903149607,1.953125,1
0.007782425335937497,0.316437859507013,5.6459982700787394,1.953125,1
-0.0007971692968750006,0.3019525533326053,5.410576703149604,1.953125,1
-0.013897749984374999,0.31885718433687515,6.301561669291339,1.953125,1
0.011925004012500002,0.29982811207573973,6.529672949921261,1.953125,1
-0.024090469765625004,0.5683509952488335,9.469808480314958,2.34375,3
0.010025254468749994,0.5621698265986284,8.679173480314962,2.34375,3
0.006681586390625001,0.5379238347849707,9.000362007874015,1.953125,3
0.031075301687499998,0.49245020115548954,9.068490472440944,1.953125,3
0.003431654124999989,0.5247405164511331,9.556906244094488,1.953125,3
-0.04672328288281251,0.5546953733292257,9.165972094488184,1.953125,3
-0.051329321953125,0.5818201515269409,10.097107125984252,2.34375,3
0.029117539609374993,0.608849713606233,11.07459233070866,2.34375,3
0.0700718221875,0.5796364891779621,9.97314359055118,1.953125,3
-0.005607984453124999,0.5383494899789314,9.376417031496064,2.34375,3
-0.090400074328125,0.5894845593776474,9.859974362204722,1.953125,3
-0.033672704796874994,0.6486752398611967,11.144524385826772,2.34375,3
-0.02397461652734375,0.3045826608913734,5.386974,1.953125,2
-0.017201563767968754,0.2700575395665236,4.9891028661417325,1.953125,2
-0.0018156024843750014,0.2960878959867371,5.179778304724408,1.953125,2
-0.005610331851562502,0.2978225985116564,4.953903315748032,1.953125,2
0.0006733759648437471,0.2951574496903083,4.634900677952755,1.953125,2
-0.00949777813671875,0.2951065489571389,5.563926267716535,1.953125,2
0.002101462343749999,0.29413349483698753,5.570163511811023,1.953125,2
-0.051509512921875,0.2756730597058902,5.184263852755905,1.953125,2
-0.0368526723046875,0.28878283264729715,6.054132345669291,1.953125,2
-0.001017327367187498,0.26120383179804524,5.624163272440945,1.953125,2
0.010821408791406247,0.2343697593529608,4.62642057480315,1.953125,2
0.004317436416406251,0.2142038865648278,4.5983577992125975,1.953125,2
-0.0003624549771093742,0.22979694563934358,4.517141086614172,1.953125,2
0.004894023304687498,0.5343714803216015,9.052847496062991,2.34375,3
0.0321192959140625,0.5317720174017976,8.659261976377955,2.34375,3
0.011643245945312498,0.5345539680249616,9.105811937007875,2.34375,3
-0.0518327283046875,0.5322414493493188,8.855744488188975,2.34375,3
-0.026303849392187502,0.5387618435530688,8.645815929133857,1.953125,3
0.03350431590468749,0.6012040944988664,9.47366219496063,2.34375,3
-0.0697824611953125,0.2718693983271757,5.375810572440945,1.953125,2
-0.0013971678046874984,0.3209231677186421,6.628835452755904,1.953125,2
-0.002641185539062497,0.30932365168402065,5.313612655905513,1.953125,2
0.010021911838281251,0.2573183842209147,5.069119875984251,1.953125,2
0.0012531606585937452,0.2632598157862892,5.271182078740157,1.953125,2
-0.006357527984375003,0.27355382308362225,4.627564318897638,1.953125,2
-0.006641124223437499,0.05087378501767382,1.044560465984252,0.390625,5
0.008618343938046875,0.01207476152539724,0.23186482718897633,0.390625,5
0.0005775621669531249,0.016206689570730723,0.21373395388188973,0.78125,5
-8.031715218750023e-05,0.016817293884991282,0.3162838107874016,1.171875,5
0.0016274657142187501,0.008247964837940576,0.20830979905511815,7.421875,5
0.0018354032406250004,0.008388325258593728,0.14223710519685043,1.953125,5
0.0006621635108593751,0.008196564954734016,0.15493634611811022,3.515625,5
0.0008920243950781249,0.0030519840502851426,0.09807781300393698,9.765625,5
-0.0002370180603125,0.0028097478178144178,0.07433063924409448,0.390625,5
-0.000396975046484375,0.0025820265948538344,0.06432229456692913,0.390625,5
-2.5909358132812494e-05,0.002308187131308219,0.05873286643661417,0.390625,5
5.39038656015626e-05,0.0027419931291418984,0.06779282681732283,0.390625,5
0.00097229705928125,0.002437423533212631,0.06528949068346458,0.78125,5
0.0006671292828125,0.0029062934251510293,0.07210472425196852,3.125,5
-0.000717883225,0.0036781181657248993,0.07771868401574805,0.390625,5
-0.0002539702809375001,0.0034804287099226452,0.07398968771653543,0.390625,5
2.499018820312499e-05,0.0029879286647058623,0.08015403492125983,0.390625,5
-0.000601272008203125,0.002391561012511319,0.06642135200787401,0.390625,5
0.00022584680781250003,0.002246219186205285,0.06936674051181103,0.78125,5
0.00027743212812499996,0.0022347287040304794,0.07254992385826772,7.421875,5
-0.000246868504453125,0.002316502399427105,0.06095603771653544,1.5625,5
-0.00014385404281249997,0.003106684995388002,0.085791041496063,3.515625,5
9.975157734374971e-06,0.0031388780779568227,0.10074809094094488,3.90625,5
-0.0006832648833765625,0.007471036198440574,0.1497515606299212,0.390625,5
-0.00046038710204843755,0.0033229543220128065,0.09127957425196852,0.390625,5
-0.0023181110972656247,0.004806844814664361,0.11200289937007875,0.390625,5
-0.007335564731718751,0.00537340979374301,0.13178356755905513,0.390625,5
-0.00150470721484375,0.009942296053596577,0.13019649133858266,0.390625,5
0.00067452267109375,0.010104523957941447,0.12043533944881887,0.390625,5
-0.0015013677246874999,0.009158464233726979,0.10444796826771652,0.390625,5
0.0032011201792187497,0.00561542865852761,0.10212645842519687,0.78125,5
0.0035243995078125,0.003895513202101656,0.12022049614173229,1.171875,5
0.000149806209296875,0.004236923171200144,0.11044989212598426,0.390625,5
-0.00025030650710937494,0.0036177948089844885,0.09343914968503936,0.390625,5
0.00019581473281250007,0.004194179990743496,0.11620304452755907,0.390625,5
-0.0018546582225781251,0.003813940255306011,0.10816293652755907,0.390625,5
-0.0003393871167968751,0.003204074799884159,0.08213409323622047,0.390625,5
0.001169017335390625,0.0026847253260374724,0.07828786182677164,2.734375,5
0.000110740196953125,0.0028120366512253488,0.07197119381102363,1.5625,5
-0.001068612720078125,0.0027921063550434624,0.09714576299212596,3.515625,5
-0.0010923613174999998,0.002765844073589177,0.10251478580314959,3.515625,5
-0.00030062124804687497,0.002692860196529784,0.08703245748818896,7.8125,5
0.000480523728078125,0.002504407714073665,0.0810750648031496,8.984375,5
0.0011143823535039064,0.002656885180863515,0.0766776125625984,4.6875,5
0.0002895688835507813,0.0033691548787199116,0.08868692083031497,0.390625,5
-0.00631295638984375,0.015715945737992756,0.09144414940944882,0.390625,4
-0.00042353633984375,0.006836267709708962,0.06914766708661418,0.390625,4
0.0014012897930468751,0.0034770857389411244,0.07047436442519685,0.390625,4
-0.00068342319609375,0.0033546121432638685,0.1031402791023622,2.734375,4
0.0008533335896875,0.003280888345062199,0.09170876759842518,0.390625,4
0.0008423573671093751,0.0024743234558177634,0.06468135111023621,0.390625,4
-0.0006182180378125,0.002160875636368078,0.063692707992126,5.078125,4
-0.00046207448703125005,0.0025745260946993917,0.07489773901574803,0.390625,4
0.00050240573984375,0.0026708298765918473,0.07797380248031498,0.390625,4
0.00037410774062499996,0.0022294917239349807,0.061112621220472445,1.171875,4
0.000343699050234375,0.002343618034030863,0.06459265045669292,2.34375,4
0.000686966697421875,0.0022055498568934453,0.05584402170472442,1.953125,4
-7.890970046874998e-05,0.0022497570313079634,0.05268761952755906,0.78125,4
-0.000342627393046875,0.0027377955764988,0.0684470037401575,0.390625,4
0.0005352154452343751,0.0029656666444453357,0.07345436181102363,0.390625,4
0.0009955459478125,0.0028977991561793563,0.08007084998425197,0.78125,4
8.690035687500004e-05,0.002678092830121971,0.07378248069291335,0.78125,4
-0.000227434838984375,0.0022333240284252965,0.0676789648031496,0.390625,4
0.0006675759186015624,0.0023158930247568015,0.06797983530629921,0.390625,4
0.00011186235660156247,0.00300497682548657,0.07333902743228346,0.390625,4
-0.000430336519109375,0.002847275501211864,0.07341452468503937,4.296875,4
7.936427514062495e-05,0.0022485281156680243,0.060077050300787395,1.171875,4
0.00042731299756250006,0.0021952678947029804,0.05756509716692914,0.78125,4
0.0029509724867968746,0.012349966056296482,0.17108055582677167,0.390625,4
0.000580401658671875,0.0032930046095495597,0.08745003759842518,0.390625,4
0.0008266949834140626,0.003034184944474884,0.07329492582677163,2.34375,4
-1.5593148617187544e-05,0.002863550111949317,0.0839056672440945,4.296875,4
-9.919124140625006e-05,0.004308063956546076,0.09917945925196851,3.90625,4
-0.00015836228437500003,0.0043668546071111295,0.10128880579527556,4.296875,4
-0.00026226754781249995,0.003116936529298862,0.10295779044094489,4.296875,4
-0.000240605539765625,0.002584378726791343,0.09343166585039371,8.59375,4
0.00039163330000000006,0.0024849511820811206,0.08539002522047244,4.296875,4
-4.4158255703124994e-05,0.0030291883744013514,0.09639654038582679,3.90625,4
-0.000327189399375,0.002923518716026798,0.08768050684251967,3.515625,4
3.247955765624995e-05,0.0025820160927757054,0.08121090771653545,5.859375,4
0.00029018069960937495,0.0025685843185344463,0.0969823770866142,8.984375,4
-0.0005068710290664063,0.003265384252965273,0.11631279303149605,6.25,4
-0.0003709554831757811,0.0032494724061615213,0.09940451568188977,5.078125,4
0.000356097547375,0.0028186893989881117,0.1027566600992126,8.984375,4
0.00028611521906250005,0.002997516172074358,0.11203660717322834,3.90625,4
0.00011949162190625007,0.0027407093128315207,0.0852182175590551,3.515625,4
-0.00015529997153124997,0.0021992698142531,0.06711854456692914,3.90625,4
-0.000497338879140625,0.0027505881594805165,0.10177450078740156,10.15625,4
-0.00022468436887500005,0.0029420194254411247,0.10532875683464565,8.984375,4
0.00038410882370312494,0.002549785030711225,0.07887838772047243,5.078125,4
4.200581166406253e-05,0.0030557840822855614,0.09603899553543307,5.078125,4
-2.549168739843745e-05,0.0037726397984847804,0.1335964218110236,4.296875,4
-0.04257137293882812,0.07398871619232998,0.3411273419921261,0.390625,6
-0.0031407796190625003,0.014977115825050322,0.11048730892125987,0.390625,6
-0.00835003606109375,0.010571139822313315,0.08791357137795276,0.390625,6
-0.0029084499603515626,0.009296671469938362,0.08000475618110237,0.390625,6
-0.0017681842208984377,0.00896153359099072,0.08434357858267713,0.390625,6
-0.0010370264187499999,0.009960705189119633,0.07509584574803149,0.390625,6
0.0019967010429687497,0.00968899046553047,0.06072884795275589,0.390625,6
-0.0013302176189843751,0.008697286116049079,0.05919827845669292,0.390625,6
0.00016479139195312514,0.009162176407759345,0.06585735640944881,0.390625,6
0.0007203780257812503,0.009456066384511633,0.06843252787401574,0.390625,6
-0.006520958778515625,0.007752140974139609,0.07579049417322833,0.390625,6
0.0025897856355468754,0.011993717389172476,0.07494215842519683,0.390625,6
-0.00027099728671875023,0.013081717272373906,0.06360491968503937,0.390625,6
-0.0012511894390624999,0.012423617355608497,0.06550180984251969,0.390625,6
0.0056341857140625,0.007758111558451205,0.07580299637795275,0.390625,6
-0.0043847810088984375,0.007961315142175147,0.07671648913385827,0.390625,6
-0.0008090640028984374,0.01092626777265701,0.07073387843700787,0.390625,6
0.00013606212865625001,0.010178372239190143,0.06470318903937008,0.390625,6
-0.0016339667359374997,0.008481582565486583,0.0628697198031496,0.390625,6
-0.05257464383984375,0.1518753040700717,0.7091915478740158,0.390625,6
0.01125267462734375,0.030793225408693364,0.195744984488189,0.390625,6
-0.005964445003125001,0.012071445052109891,0.22193809354330704,0.390625,6
-0.0037608600546874997,0.009674230241576423,0.15831460905511816,0.390625,6
-0.00300951242421875,0.009620000777780148,0.09390330677165355,0.390625,6
0.000595289121953125,0.009073298773222136,0.08250204251968506,0.390625,6
0.00032592739320312517,0.009154161769501042,0.07740814173228347,0.390625,6
-0.00119091938890625,0.009110044588569437,0.08359610322834647,0.390625,6
-0.0009564847337500003,0.010623129113582087,0.08203217322834644,0.390625,6
0.0024087901592187502,0.010911941981106359,0.08734357606299212,0.390625,6
0.00011033571953125007,0.009732470522409588,0.08324027692913386,0.390625,6
-0.00035520217499999994,0.00966600732065945,0.07169535236220474,0.390625,6
0.0025400656742187505,0.008593388831413664,0.09613068464566926,0.390625,6
-0.00104738571640625,0.006538588957100393,0.09454047913385828,0.390625,6
-0.0056743795879101565,0.003730819542514801,0.07151991216338581,0.78125,6
0.0023200795167773436,0.009560379028461699,0.07962240539173229,0.390625,6
0.00251925810078125,0.010999554469228593,0.1013649257086614,0.390625,6
-0.001085209567859375,0.008426100772492017,0.10484828444094485,0.390625,6
-0.0010150034113671873,0.005638362002917932,0.08966811325984252,0.390625,6
-0.004606769672335937,0.003985209179999939,0.08276200220472442,0.78125,6
0.003938241771171875,0.009838504525118388,0.08219293220472441,0.390625,6
0.0012586330359374996,0.012089103210707592,0.06713212850393702,0.390625,6
-0.0011832632664062499,0.010617988702114618,0.07879016393700786,0.390625,6
3.773359375e-05,0.01023411619025657,0.08715338472440944,0.390625,6
-0.00012450895781249995,0.009791567639346667,0.07898963023622046,0.390625,6
0.004006425078124999,0.21344618450997557,4.5452355440944885,1.953125,1
0.0001331878984375005,0.226129801026304,4.655603437795275,1.953125,1
-0.009300183625,0.2070518096519657,4.1745103291338586,1.953125,1
0.018527530414062503,0.21094538935565865,4.2380355503936995,1.953125,1
-0.0012929118906249986,0.2238519156017442,4.411666751968504,1.953125,1
-0.0029304528046875025,0.22149016013889616,4.677821370078739,1.953125,1
-0.001696372296874997,0.20719396208729376,4.480841888582677,1.953125,1
0.0036315180859374987,0.20269314074933129,4.311678051181103,1.953125,1
0.0034617221490625006,0.21854245634255862,5.0143596141732285,1.953125,1
-0.013784156475937502,0.22024871845291139,4.644442818897637,1.953125,1
0.0012242196640625006,0.2313566773812996,4.724453277165354,1.953125,1
-0.0023469277109374985,0.2203692379423164,4.588105449212599,1.953125,1
0.004224948812500001,0.19416865320074045,3.8804545035433073,1.953125,1
0.013569483953125001,0.17933491080777447,3.7513897637795273,1.953125,1
-0.019324796625,0.17504866396617527,3.3963549472440953,1.953125,1
0.004675386429687499,0.19680004694271738,3.848360545669291,1.953125,1
0.0010791337734374993,0.19654109939500716,3.9560302700787395,1.953125,1
0.006208088187499999,0.18255901834989643,3.691064178740157,1.953125,1
0.0045030224843749965,0.20234598977791196,4.108973672047244,1.953125,1
-0.010145725320312503,0.2024467710416385,4.207538203937009,1.953125,1
0.0009327843203125012,0.2066597196948239,4.320234329921259,1.953125,1
0.0012587531250000021,0.2207714863335358,4.629239685826771,1.953125,1
0.005489047312500002,0.21300810945500068,4.619772748818898,1.953125,1
-0.00440326063671875,0.21232765829357375,4.590886748031496,1.953125,1
-0.0066212686367187485,0.21268887416386592,4.465743456692914,1.953125,1
-0.0031393367812500043,0.19067131039054705,3.8181207440944873,1.953125,1
0.010991127328125001,0.18161306964267127,3.7043774818897632,1.953125,1
0.037305532828125,0.42460962160878146,6.650299560629921,1.953125,3
0.020597856953125,0.41300129814866193,6.097132283464566,1.953125,3
-0.007813458828125001,0.38511768367160526,5.245798661417322,1.5625,3
-0.020180353906249997,0.3856456332171671,5.4639305196850385,1.953125,3
-0.015576865859375,0.3641489809340172,5.432568511811024,1.5625,3
0.009972267890625004,0.36188819635352476,5.401135696850393,1.5625,3
0.03234293078125,0.3931926599153553,5.923633464566929,1.5625,3
0.0341065062421875,0.3037154451504039,4.238587905511812,1.5625,3
-0.007965479296875,0.3463361496465159,4.591729874015749,1.5625,3
-0.00990588609375,0.35939701810186264,4.897403566929133,1.5625,3
-0.010688069125000001,0.35580944317301305,4.6155886062992115,1.5625,3
0.027084322046874998,0.40138675310611993,5.353768425196851,1.5625,3
0.028665828828125007,0.4138828593469277,5.348923574803149,1.5625,3
-0.0192780022421875,0.40420572358132784,4.93783820472441,1.953125,3
-0.0243380223984375,0.39401443800188063,4.825275015748031,1.5625,3
-0.026614813171874998,0.23699892397540637,3.1220125866141726,1.5625,2
0.011643150718750002,0.23358668950281053,3.121820648031495,1.5625,2
0.007561102335937502,0.2350059645253551,3.4530765377952752,1.5625,2
0.012404236179687497,0.23107383483769897,3.3694501055118113,1.5625,2
5.093351562499883e-05,0.21370071911930472,3.0136420779527553,1.5625,2
-0.008803298296875001,0.19883483307887237,2.869670826771654,1.5625,2
0.0027562209195312482,0.19643697077809338,2.7286885818897635,1.5625,2
0.008273370753125002,0.21272136727930435,2.850599846456693,1.5625,2
-0.00042772593984374656,0.21674485617369565,3.1226113818897643,1.5625,2
-0.0281380548203125,0.22853531106567718,3.117255645669291,1.5625,2
-0.018931789484375,0.23194229219293125,2.8991577913385824,1.5625,2
-0.00823479248515625,0.2194331185881027,2.883385996062993,1.5625,2
0.01845035460078125,0.2429197621350577,3.0793930811023618,1.5625,2
0.007914815092968751,0.24870547291265727,3.3337701283464565,1.5625,2
0.0029598273351562512,0.24128931953543228,3.52270962992126,1.5625,2
0.021444441890625,0.25021713769717924,3.4517267795275584,1.5625,2
0.0007626748593749966,0.23896034007875794,3.2097515118110236,1.5625,2
0.065919310296875,0.39795925443211533,5.021276173228346,1.5625,3
-0.0006663806249999991,0.39527565037811163,5.186588322834646,1.5625,3
-0.022452473984375,0.36401603383057424,4.680247228346456,1.5625,3
-0.004040459531249997,0.33661388775648277,4.406067503937008,1.5625,3
0.013804816324999997,0.3516560614679893,4.698049708661417,1.5625,3
-0.010872527800000004,0.3684065887043394,5.009445188976378,1.5625,3
-0.012654584593749997,0.40681923602561665,5.2995100472440955,1.5625,3
0.025937510624999997,0.41770068889211603,5.4376387007874,1.953125,3
-0.035494789119531245,0.2565242446947728,3.736944783464567,1.5625,2
-0.0033309711664062476,0.24095241898621392,3.068326634645669,1.5625,2
0.010921435890624998,0.22199578904185835,2.8345251385826757,1.5625,2
0.0048334095234375,0.2270186629900885,3.0483168582677167,1.5625,2
-0.011637881999999999,0.2556890468580475,3.635974527559055,1.5625,2
-0.019645273640625002,0.2675261941719344,3.7134327795275595,1.5625,2
-0.003965239974999998,0.2689314385962043,3.6093497874015754,1.5625,2
0.0150039897671875,0.2670392948854394,3.406113811023623,1.5625,2
-0.0342803997984375,0.037247072508535095,1.1062585696850396,0.390625,5
-0.008101131953125,0.026838592568718907,0.6686864728346457,0.390625,5
0.004359464331484375,0.01309365314289605,0.3400307208661417,4.296875,5
0.0026905141533593753,0.019769304531518834,0.4353659390551181,4.296875,5
0.0009691862257812501,0.02308530668100544,0.5101080418110235,4.296875,5
-0.00153708302734375,0.01839831912293292,0.37704360456692915,4.6875,5
-0.00338865196359375,0.014666531189183804,0.26815077913385826,1.171875,5
-0.00024056234093749996,0.014434696875785611,0.2442309450393701,2.34375,5
0.0038129401765625,0.00955046479270275,0.20296010795275587,2.734375,5
0.0006209168988281251,0.006826520420775692,0.13555020553543307,0.390625,5
-0.0016002308449218749,0.004813761602981607,0.13894823088976374,0.390625,5
0.0009597952144531249,0.0049714307434349765,0.1529903962598425,0.390625,5
-0.0003203321471093751,0.004515792092236727,0.10729402523622046,0.390625,5
-0.0004548333935937501,0.005163949844058371,0.10719037141732282,0.390625,5
0.0032451003339843748,0.006030971390099304,0.1301399359055118,2.734375,5
0.0018849690683593752,0.006765219137217841,0.15539272007874017,0.390625,5
-0.0025484587998437502,0.005456434959440376,0.1329281191338582,0.390625,5
-0.0018543078680468752,0.004543918672202881,0.07851186477952755,0.390625,5
0.000757597365859375,0.004574814424012179,0.09580833974015748,0.78125,5
0.0011420680790312498,0.004238120063436177,0.09935597846456692,2.34375,5
0.00025028920778124994,0.0022610971937236848,0.05429957294488188,0.390625,5
-0.000693053899296875,0.0029406203950525884,0.06650035897637797,4.6875,5
-0.001269217649609375,0.0034542662512332648,0.09367974144094487,1.171875,5
0.024025789054140625,0.03332839984682604,0.3849829837322835,0.390625,5
0.004262930506484375,0.011282487105876218,0.2579640766456693,0.390625,5
0.0035812882371875,0.01038142148420115,0.23655037611023627,1.953125,5
-0.003608286489375,0.008924196882201113,0.2368970217795275,0.390625,5
-0.0049670325921875,0.00860984118186425,0.18290269070866141,0.78125,5
0.002854326003125,0.008590416797103378,0.12254079149606296,0.390625,5
0.0039667410453125,0.00626813398018141,0.1154572394488189,0.390625,5
-0.0034057378742187497,0.007893132738808277,0.14163409795275586,0.390625,5
-0.0015071807078125,0.008856202403570023,0.14620056086614175,0.390625,5
0.0020669904022656248,0.005127398038015036,0.11728093059055118,0.390625,5
-6.129340828124999e-05,0.003816804169078673,0.09324076303149605,0.390625,5
-0.0004331081232265625,0.0027289344226862707,0.07623441268267718,1.171875,5
0.0024029214349765627,0.004044661888996096,0.09242863224960629,0.390625,5
0.00225291956875,0.00497759858215921,0.11372364393700786,0.390625,5
-0.00216637066953125,0.00400902096498618,0.08398278291338583,0.390625,5
-0.0023898598421875,0.002888631982182232,0.07001570181102361,0.390625,5
-0.0010418013561718752,0.0035969995369463533,0.09109998968503938,0.390625,5
-0.0012296255832500002,0.004044882303578569,0.10391915771968505,0.78125,5
-0.0011335322614531248,0.0038854836741059866,0.1040929714992126,4.296875,5
0.00031963609109375,0.004214493335639992,0.09948766422834647,4.296875,5
0.0010696857492187499,0.003554714428044994,0.09787370389370079,2.734375,5
-0.009941234329687501,0.02338260818288854,0.1416492848031496,0.390625,4
0.00545405691671875,0.006286392558545101,0.1375172897637795,0.390625,4
-0.00030087778015625,0.003938713576100766,0.11913596614173226,0.390625,4
2.2241296874999972e-05,0.003983090259172396,0.10556618055118111,0.390625,4
0.001786327530390625,0.003626056020856868,0.10720957536220471,0.390625,4
-0.00053885303875,0.0038038007036549676,0.09483591058267718,0.390625,4
-0.0008472764347656248,0.00357199160097199,0.106367211992126,0.390625,4
0.00037183941234375,0.002836110144045415,0.10429512614173228,0.390625,4
0.00044767838796875,0.0023049157217024064,0.07512508391338583,0.390625,4
0.0005304104427343749,0.0025840854617756267,0.07155242568503933,0.390625,4
-0.0003574792440625,0.002924677789478879,0.08985919858267716,0.390625,4
-0.00021926996749999995,0.002543006666603742,0.07515857505511812,0.390625,4
-0.0005024763614296876,0.002948447759602758,0.0807702337559055,0.390625,4
-0.0014660821433046876,0.0032168091261575407,0.11003765310236222,10.15625,4
-0.001458163216328125,0.002797439500347932,0.10735512278740157,1.953125,4
-0.00032649711679687493,0.0027111845682026574,0.08589440889763778,0.390625,4
-0.000479247154921875,0.00235017691326388,0.07163822153543306,0.390625,4
-0.000657107018203125,0.0023946470384150252,0.07645628082677164,0.390625,4
0.0006532761914062504,0.01962892698171572,0.3659901466141733,3.515625,4
0.003937560745312501,0.011569835216996133,0.27417255708661414,3.90625,4
0.0005789358090703124,0.00823209093614208,0.20378077626850394,3.90625,4
-5.070456348437492e-05,0.004015453075939748,0.10443009225275592,2.34375,4
-0.00020273492255468747,0.005705951661882687,0.15228362531496065,3.125,4
-0.00046725998515624996,0.006671771267159536,0.16331977,3.515625,4
0.00069189124390625,0.005705604439267702,0.13534090007874014,3.90625,4
0.0012006820110937496,0.0056202766571310184,0.14411391507874016,3.90625,4
0.000290859302265625,0.0050686391834628974,0.12800457815748031,3.515625,4
-0.0004459302102343749,0.0030696358159813817,0.09520112201574804,1.171875,4
-7.870595781249998e-05,0.0033397842103724228,0.09674525244094488,3.125,4
0.00038810009187499996,0.004349891218321687,0.11492398966929132,4.6875,4
-0.000342535202734375,0.003774628811963465,0.0846935947637795,5.078125,4
-0.000205448294296875,0.002672009868466355,0.06858802533070865,4.6875,4
-0.00015229424625000002,0.003078802421259061,0.07967414768503937,4.296875,4
-0.00010335310984375,0.003765078303776468,0.0905568559133858,3.90625,4
0.00044309266531249994,0.0036123884855547776,0.08628804726771655,3.90625,4
0.000660996001640625,0.002278227546081147,0.07244099328346455,1.171875,4
-0.0005122838141875,0.002836314476721591,0.08312768954645669,0.390625,4
-9.591686995312495e-05,0.003558827169083327,0.08619274380629921,0.390625,4
0.03913973918984375,0.04945656839035355,0.6468206944881888,0.390625,6
0.01247991570703125,0.048342343989619806,0.2505426102362205,0.390625,6
-0.01409838263671875,0.02478647131406639,0.11801577716535433,0.390625,6
0.00526334136046875,0.020113386894410237,0.0940461559055118,0.390625,6
0.0011991893049999997,0.012733160682555752,0.08959634,0.390625,6
-0.0078980863359375,0.00452823978860887,0.11626093488188978,0.390625,6
-0.0009326801945312497,0.01026403098147869,0.120627861496063,0.390625,6
0.00613116319296875,0.01083814005185669,0.15310528708661417,0.390625,6
0.00394266915703125,0.009180815205350438,0.1734311584251968,0.390625,6
-0.0031511802438281247,0.006964302856056826,0.1522360503937008,0.390625,6
-0.004803113866484375,0.00461510078007959,0.10770570527559054,2.734375,6
-0.002154914794609375,0.0029725970235947564,0.06976946303149605,2.734375,6
0.0009286617840624999,0.0042840578348053715,0.10262117771653544,0.390625,6
0.004143475537265625,0.0059793339406223256,0.11906204984251967,0.78125,6
0.0035301921726562492,0.007680605874155933,0.12408469811023624,0.390625,6
-0.0035837687273437497,0.010386522156826075,0.13129631535433073,0.390625,6
0.0017645813031249998,0.014675067002171813,0.10654461669291337,0.390625,6
-0.003832546584375,0.01931542388883783,0.1078361220472441,0.390625,6
-0.0028547752504687503,0.02068993133497236,0.1258197661889764,0.390625,6
0.00515912599875,0.01639252428712977,0.12357754571653544,0.390625,6
-0.0017188477375000002,0.013631675249461227,0.12810263070866137,0.390625,6
0.001037820228125,0.014455539659440129,0.11647664574803149,0.390625,6
0.00263954950625,0.013395756449896157,0.10271906700787399,0.390625,6
-0.00473429641328125,0.022442067276435516,0.3624151598425197,0.390625,6
-0.0221079839421875,0.06999901225647527,0.45702909952755905,0.390625,6
-0.0057465085515625,0.020388107227028215,0.1918962526771653,0.390625,6
-0.006343895916875002,0.018010429343721712,0.08862156519685041,0.390625,6
0.004431602040234375,0.007765629968049875,0.07369410251968503,0.390625,6
-0.006234299285078125,0.007241487427227713,0.0726559103937008,0.390625,6
-0.003204921096875,0.015208043884339979,0.09372231503937008,0.390625,6
0.009378346360468751,0.017258774291928354,0.10259354440944882,0.390625,6
-0.00260262675359375,0.020322299981464564,0.08004856377952754,0.390625,6
-0.00547310576640625,0.018021733432688883,0.07601067007874017,0.390625,6
0.010049568803906249,0.017632943636588173,0.09057733149606298,0.390625,6
-0.0056816356171875,0.022845295115381782,0.07544954488188975,0.390625,6
-0.0020530744851562505,0.023278251867209093,0.06707342755905511,0.390625,6
0.0013499338117187506,0.02110850219020607,0.08268062125984253,0.390625,6
-0.00190727061484375,0.019595702373191356,0.08228362086614173,0.390625,6
0.00286502523046875,0.01737101547025019,0.07281437598425196,0.390625,6
-0.0036527090296875,0.015783880665328435,0.07138777795275589,0.390625,6
-0.00121445775546875,0.014056497321054826,0.07449413511811023,0.390625,6
0.0014876273179687503,0.013210043976862849,0.07045747811023624,0.390625,6
0.00307851821484375,0.013304854317130545,0.07422047740157481,0.390625,6
-0.006888623875781251,0.012998996246647748,0.06675102,0.390625,6
0.00213476801953125,0.018899494999052874,0.06348781377952757,0.390625,6
0.0047897336249218755,0.017209700131302845,0.08747588914173228,0.390625,6
-0.005843769560937501,0.222028841746483,4.531223472440945,1.953125,1
-0.002778703992187501,0.24922319557303374,5.3060053236220455,1.953125,1
0.012173689506249998,0.2926013355197214,6.241582922047244,1.953125,1
-0.0006390395804687487,0.30147517424416226,6.311825972440945,1.953125,1
-0.007085953649218744,0.25809505944005595,5.412468897637795,1.953125,1
0.008653416563281249,0.2484855080803174,5.16084940551181,1.953125,1
0.005411214532031245,0.26126918687078987,5.478430913385827,1.953125,1
-0.003190462406250004,0.2626116960131469,5.42350184015748,1.953125,1
-0.00045685919921875304,0.2430345295352397,5.03106388503937,1.953125,1
0.005765981949218749,0.24838844210977504,5.471343119330709,1.953125,1
0.0015820406250000008,0.2684957996506478,5.791646724409449,1.953125,1
-0.007240946164062504,0.25062686011190605,4.917792877952755,1.953125,1
0.03208265942890626,0.25151220727647045,5.081971181102363,1.953125,1
0.002731628928906248,0.28164758733437906,5.51801334566929,1.953125,1
-0.023699596843750004,0.26558389994037807,5.399041975590551,1.953125,1
-0.003526218140625004,0.25467903937463215,5.423974093700787,1.953125,1
0.0014623285468749999,0.2582355484427465,5.748305105511811,1.953125,1
-0.0011939091890624956,0.2630947065655415,5.683704937007874,1.953125,1
-0.005863540821875001,0.26275755507337833,5.3706919291338595,1.953125,1
0.0006819814289062455,0.2535356693189036,5.701426377952755,1.953125,1
0.006841043647656246,0.2582784506218061,6.021496850393701,1.953125,1
-0.000662856328125001,0.23918815313898042,5.161128075590551,1.953125,1
-0.0025997283984375025,0.20589663464824168,4.319806379527559,1.953125,1
-0.0035900337812500016,0.20870121458712307,4.406828922047243,1.953125,1
-0.0007162608515624991,0.2106723465584709,4.348961559055118,1.953125,1
0.04921341151562501,0.41643809512905733,5.697646125984252,1.953125,3
0.021066457281250006,0.4455563574053927,5.8759516771653555,1.953125,3
-0.019584538546875,0.4234709760276781,5.74372537007874,1.5625,3
-0.0030129703671874994,0.38567404784501746,5.634247671653543,1.5625,3
-0.0068289279140624996,0.38308762295433907,5.9581774669291345,1.5625,3
-0.014966641679687503,0.3828661592754106,5.563147775590551,1.5625,3
-0.015388701679687502,0.380054841565598,5.371753468503937,1.5625,3
0.02510978453125,0.42443973573936733,5.6978710787401585,1.5625,3
0.023048000578125005,0.4240067143376337,5.792472653543307,1.953125,3
-0.001191943187499999,0.3729022730551951,5.180898921259844,1.953125,3
0.027568439296875004,0.42230156904053057,5.99199371496063,1.953125,3
-0.016526499,0.4317221514621697,6.330205238582677,1.953125,3
-0.011376467078125,0.4326479178332442,6.503889551181102,1.953125,3
0.012397740343749991,0.44209794119084694,6.331776539370078,1.953125,3
-0.0102984969609375,0.4662871001395998,6.394611236220474,1.953125,3
-0.019429984304687502,0.2708600329135354,3.626974961417323,1.953125,2
-0.04512771040625,0.25264866358988275,3.278458425196851,1.953125,2
-0.026297644234374997,0.25028223640660174,3.6085969291338587,1.5625,2
0.011928000335937501,0.24073283561420583,3.761691535433071,1.5625,2
0.012350926664062498,0.23215036466612793,3.646319307086614,1.5625,2
-0.0161600433490625,0.23249194488438482,3.518376192913386,1.953125,2
0.004623587861875,0.24334638793484042,3.095497110236221,1.953125,2
0.029581596703124997,0.2359229855936799,2.952744622047244,1.5625,2
-0.013513049406250003,0.2937323502880283,4.1586901496063,1.953125,2
-0.024409400445312496,0.2899729496846448,4.167549976377952,1.953125,2
-0.0014613117421874953,0.2932753349642159,4.076293070866141,1.953125,2
0.029531376851562503,0.28062622724743835,4.088477826771653,1.953125,2
-0.0075524023749999995,0.28011887170406585,4.0108778188976375,1.953125,2
-0.012768639861303124,0.2732588796952569,3.6590856062992128,1.5625,2
0.009563901341821878,0.2437833088447971,3.245056031496063,1.953125,2
0.028095826257812505,0.4342142452570993,6.141965874015749,1.953125,3
0.029238725320312502,0.4436577708977694,5.893907582677164,1.953125,3
-0.03292524921875,0.3853679642764038,4.770505047244094,1.5625,3
0.013391867421875002,0.4069165857699103,5.63321990551181,1.5625,3
0.040087086875,0.43540997182116437,6.018752196850395,1.5625,3
-0.0034399726249999974,0.40138339140967866,5.905814590551181,1.5625,3
-0.041478184265625,0.4088871574687433,6.054406787401574,1.5625,3
-0.022840519164062496,0.26871355183023105,3.480358866141732,1.953125,2
0.00284566125,0.27191122882319013,4.065773011811024,1.5625,2
-0.00561323051875,0.267573841371918,3.94164637007874,1.953125,2
-0.004093580909374997,0.2673006095827301,3.673462075590551,1.953125,2
0.0007227298750000014,0.25326626595094226,3.524138496062992,1.953125,2
-0.007996516460937499,0.23553243133438684,3.2591395669291336,1.953125,2
0.0264389793203125,0.2539356878928182,3.8905501102362203,1.953125,2
-0.0009988645124218757,0.031388850516289986,0.6926530817322835,2.734375,5
0.0012796997190625001,0.007090134863257268,0.12271473543307085,0.78125,5
0.0007146046259375,0.0034658454155548834,0.0752977962992126,1.953125,5
2.2844022960937513e-05,0.0021983061150805372,0.05694997748110237,1.953125,5
0.0001572048510859375,0.0028017661720505112,0.06721565444960631,2.34375,5
-7.449539226562504e-05,0.002970957212114351,0.07740917858267717,1.953125,5
0.00027341813929687497,0.0026200827953172367,0.07083437159055118,0.390625,5
0.00019419551820312492,0.0024723973513444777,0.06577353560629921,1.5625,5
-0.001182543231640625,0.002926162796654844,0.08034721960629922,3.90625,5
-0.00044007302039062503,0.0031861497104397167,0.07691228074015749,3.90625,5
0.000881132859453125,0.002018469838641445,0.053950146629921265,1.171875,5
0.00019955807000000003,0.00220264773569267,0.056960024586614165,0.390625,5
-3.7510353125e-05,0.002988902257049867,0.07955167210236219,0.390625,5
-0.00024999666156249993,0.002794025277438405,0.0707975973070866,0.390625,5
-0.00058687968359375,0.0022140732428259633,0.05811015646456693,3.90625,5
0.00139354034078125,0.007836158653494612,0.14999571663779532,0.390625,5
0.0002421889568750002,0.004243868750862998,0.11288778182677163,6.25,5
0.0005623310862499999,0.0031294276041880765,0.07702262709448819,2.34375,5
5.86264320312499e-06,0.0034715854210216252,0.0860166198976378,2.734375,5
-0.0005670313770312499,0.005606358270037463,0.16157527211811024,8.984375,5
-0.00132549195015625,0.005334184566472358,0.14822807432283464,0.390625,5
-0.00015676077531249998,0.0029774828872366453,0.07548369222834643,0.390625,5
0.00089454295390625,0.003550352390216943,0.093810380496063,2.734375,5
0.000863934151875,0.0032557582223833315,0.08154560693700787,2.34375,5
9.27523671874974e-07,0.0030771357672164028,0.07005334108661418,2.734375,5
-0.001225265766484375,0.003507416085174856,0.08488113186614173,3.515625,5
-0.0003625952374218749,0.00299254430061764,0.07197194019685038,0.390625,5
0.0011542154823437501,0.0027120762582081006,0.07866972236220471,0.390625,5
0.00160443307421875,0.003226091622263075,0.08793953452755904,1.5625,5
0.0003922938846874999,0.0031479028494201633,0.0811154216062992,0.390625,5
0.0017226541620312499,0.01072543225154663,0.22375720566929136,0.390625,4
0.0023791868690625,0.0058291893557224925,0.15577235748031498,0.390625,4
-0.00110785379453125,0.005667321492785436,0.07960809606299213,0.390625,4
-0.004493349038984375,0.004020946909087284,0.06794757650393699,0.390625,4
-0.000741219293828125,0.0052741973669916346,0.07385678547244093,0.390625,4
0.001002731153359375,0.004904840725657009,0.09206466306299212,0.390625,4
-0.000914584434765625,0.003618586449967621,0.07658381267716534,0.390625,4
-0.002079939553046875,0.006024339526963293,0.11812211842519686,0.390625,4
0.001462828746953125,0.008202126086635779,0.12514012748031497,0.390625,4
0.0039657491607031255,0.005411670722479447,0.07446868522834647,0.390625,4
0.001188336727890625,0.0038522351376569764,0.06360673137007875,0.390625,4
0.000176603445234375,0.003255517607042454,0.06915080718110236,0.390625,4
0.001099508687421875,0.0032473569128203,0.07612568288976376,0.390625,4
0.00034621397296875,0.0035757323854638495,0.07212935999999999,0.390625,4
0.00079488178328125,0.004321014318235997,0.06917517411023623,0.390625,4
-0.015851915864843746,0.03662694117789661,0.17251395456692914,0.390625,4
0.007421423211640625,0.007151285043962841,0.07734912381889766,0.390625,4
0.002238644278046875,0.003096337933988655,0.07600400393700789,0.390625,4
0.0014020053709375,0.0038436444666917037,0.06942974622047242,0.390625,4
-0.0007014882337500002,0.0032109041384211674,0.06039369511811024,0.390625,4
-0.0011107989734375,0.0028409034529716126,0.06158879692913386,0.78125,4
-0.000730842151015625,0.0029295599584967516,0.08867746761417322,4.6875,4
0.0020314804830468755,0.004460813011089974,0.1015456676929134,0.390625,4
-0.00059750850734375,0.0063201020972628195,0.0937060888976378,0.390625,4
-0.0011436167063984374,0.0078606986620457,0.09947584730787401,0.390625,4
0.0029303783498515626,0.007508626326626046,0.09532111494566929,0.390625,4
-0.0012937964500000002,0.0066964816506812595,0.10147023929133855,0.390625,4
-0.001957437087578125,0.005159073451982466,0.08454626315748032,0.390625,4
0.00026844854109375,0.0035360900490170252,0.058013700118110224,0.390625,4
-0.001051765607265625,0.0030921903683197296,0.06646477034645668,0.390625,4
0.003373388416640625,0.005403718615798521,0.06752566966141732,0.390625,4
0.0035220703103906246,0.00639877226687233,0.06971646785039372,0.390625,4
0.07168693448437499,0.08167171076359317,0.1591202905511811,0.390625,6
-0.00414085600109375,0.016848254973016053,0.11416190889763779,0.390625,6
-0.0026880450565625004,0.008658295702966662,0.09822888751968503,0.390625,6
0.0006737735599374999,0.004186239542526682,0.08745940548031496,0.390625,6
-0.000569849272328125,0.003491219441669268,0.09093527007086612,0.390625,6
0.000733244088046875,0.0028378574225155833,0.08574561951181103,3.90625,6
0.0013918937640625,0.003177098175430218,0.08218390606299214,3.90625,6
0.0006632220830468749,0.003405074972883163,0.08112571275590552,0.390625,6
0.00014864652843749995,0.002863647484333869,0.07305646697637794,3.90625,6
-0.00042851063210937494,0.003126777557673702,0.06890940791338583,3.90625,6
-0.00023340232203124999,0.0034352888772962,0.08364994755118112,3.90625,6
0.00037155454062499997,0.003345785591390671,0.08943351779527557,0.390625,6
-0.0007936360541406248,0.0034232493339984523,0.08061640259842519,0.390625,6
0.00020810319710937495,0.0034049390320702293,0.08590759267716534,0.390625,6
-7.121167515624992e-05,0.0031935842670030717,0.08520220818897635,0.390625,6
0.025605004503125,0.05658284723591186,0.33092999653543304,0.390625,6
0.00593628608984375,0.02683484082692111,0.21112279519685037,0.390625,6
-0.0043957713981250006,0.011096055781572198,0.13979635235433072,0.390625,6
0.00042926825140625,0.0040139813002591646,0.09122169344881889,0.390625,6
-0.0013028441098437498,0.004948749109726291,0.11793539853543306,6.25,6
-0.0003576701068750001,0.0047446150985332525,0.11678603897637793,7.03125,6
-0.001368776760546875,0.0046651304073770045,0.11781286818110234,2.34375,6
-0.0004697410013281248,0.004901446301775387,0.11549864471653541,0.390625,6
0.0006347994144531249,0.002849055272801826,0.0792242896929134,0.390625,6
-0.0005810173923281249,0.0023848844465463107,0.07077001209448819,3.90625,6
0.00033466450243749995,0.0030792939889894614,0.06929250818897636,3.90625,6
-0.0007432823885156249,0.004434157810004926,0.08347347586614175,0.390625,6
-0.000526169114453125,0.004032462712328986,0.07914168218110236,0.390625,6
0.0008079773341171876,0.0027191280306000584,0.08533103049606298,8.59375,6
9.870762597109382e-05,0.0035324688609850016,0.09199925735433069,0.390625,6
0.0018905868212289061,0.004039584159777564,0.0899952171062992,0.390625,6
0.00018363645023437465,0.0065357230832387755,0.14595928210236217,3.515625,6
-0.0016583468591406252,0.006022307593853541,0.14559950800787405,3.515625,6
0.001108385194765625,0.0036581758355943386,0.08438422503937007,3.125,6
0.002760646089765625,0.002810141705600113,0.07227334851181103,0.390625,6
0.00171672460109375,0.0033988773167274626,0.08191726394488189,0.390625,6
-0.0010095855521875,0.0035525004792443934,0.08523797584251966,3.90625,6
-0.0002804341640625027,0.32962786775591796,6.1771759055118105,1.953125,1
-0.003974740726562504,0.3169676532673018,6.078497086614173,1.953125,1
-0.0033851198984374995,0.31731954185267897,5.523116259842519,1.953125,1
0.0011912380156250003,0.33965032983292265,6.001603771653544,1.953125,1
0.004484966039062499,0.33096611587259267,6.171855149606299,1.953125,1
0.0058698168515625,0.303075402410713,5.220387897637795,1.953125,1
0.004242253625,0.29432712113954923,5.425067653543306,1.953125,1
-0.008222662578125001,0.30509047252302496,5.778433078740156,1.953125,1
0.0005932887031250026,0.29817065406602145,5.741904472440945,1.953125,1
-0.009389752625,0.30263702998066144,6.223915212598424,1.953125,1
0.011474963859375003,0.31387947258843935,6.430223944881889,1.953125,1
-0.005627770570312502,0.2982915038490073,5.575645854330709,1.953125,1
-0.01530228699976563,0.35187033463885864,6.834461377952755,1.953125,1
-0.007123804757812501,0.32465934829466275,6.2051211811023625,1.953125,1
-0.001058118664062498,0.32975210918640097,5.363681661417323,1.953125,1
0.004134146914062499,0.35081043605804657,6.033933303149606,1.953125,1
0.0005975446484375009,0.3431351705085755,6.756808614173229,1.953125,1
0.0006725033226562512,0.31383514740644713,5.444679897637795,1.953125,1
-0.0012417843023437517,0.32008716792163666,4.970446118110237,1.953125,1
-0.0076297332109375015,0.32556093038799083,5.5660314566929125,1.953125,1
0.0019228172421874973,0.3000815803178019,6.04525431496063,1.953125,1
0.018884239429687498,0.30401452761467357,5.5516196259842525,1.953125,1
0.008355843203124998,0.3270505129288329,5.543965212598425,1.953125,1
0.02113843125,0.4518253978876961,6.524974212598424,2.34375,3
0.03608800265625,0.47691624230437407,6.954764881889764,2.34375,3
-0.020563141875,0.44511583555210993,6.229073700787401,1.953125,3
-0.0022952974999999962,0.4420596055982956,6.24816805511811,1.953125,3
0.032634260312499996,0.4808237196910922,6.401291204724408,1.953125,3
-0.034846269554687496,0.4693761404900837,6.548552692913386,1.953125,3
0.023191953429687495,0.4208104039882219,6.453204409448819,1.953125,3
-0.02056228280468751,0.42876373936143153,6.117815452755907,2.34375,3
-0.023326495234374998,0.4599488582773556,6.59738566929134,2.34375,3
0.02981716625,0.4698543993466213,6.64702722047244,2.34375,3
0.014689731640625,0.4662508247701535,6.411971708661418,1.953125,3
-0.0291472747578125,0.46545656830499044,6.49572153543307,2.34375,3
-0.0306630696484375,0.356466482326097,5.1620936511811015,1.953125,2
0.0033726639531249988,0.3746538050786767,5.445127650393701,1.953125,2
0.02246268046875,0.3568242043440257,5.264765409448819,1.953125,2
-0.029025643335937497,0.3509837282523146,5.1629387724409455,1.953125,2
0.0073550689921875,0.3489951310386764,5.35189031496063,1.953125,2
-0.001922331244531253,0.33542290895436494,5.449938070629921,1.953125,2
0.0019250875289062428,0.34747477585250713,5.259927354094488,1.953125,2
-0.0560291647890625,0.36981432174427886,5.852750456692914,1.953125,2
-0.0007529639843750005,0.3298529533920085,5.367663496062992,1.953125,2
0.0324124297421875,0.319740986384471,4.707524309448818,1.953125,2
0.007633800914062502,0.3420553856528241,4.866006081102361,1.953125,2
-0.030814982132812502,0.33519208872759876,5.261980712598425,1.953125,2
0.006176804703125004,0.34566361242830523,5.569383992125984,1.953125,2
-0.013414271023437504,0.34028327280602666,5.217163421259842,1.953125,2
-0.004567455390625003,0.4079785180912254,6.699314055118109,1.953125,3
-0.004793748929687499,0.39614592158026274,5.839093677165354,1.953125,3
0.0274728630234375,0.42542949621789644,6.444040921259844,1.953125,3
-0.02867786009375,0.4449906342618973,6.314647850393702,1.953125,3
0.0011596013359374963,0.4496255103839512,6.019563322834645,1.953125,3
0.045984846585937496,0.4711651696669866,6.663706807086615,1.953125,3
-0.029869861679687502,0.3647524028087883,5.9938144944881895,1.953125,2
0.0010459377968750003,0.3755765827149191,6.072622703149605,1.953125,2
0.015612056328124995,0.37412233001602546,5.489201244094488,1.953125,2
-0.010624329375000002,0.3714170878755258,5.878443078740157,1.953125,2
0.0009721139843749992,0.3622521487719395,6.480062708661419,1.953125,2
0.007037216249999997,0.4012841093794359,6.0971014724409445,1.953125,2
0.024922149921875,0.40822888276842206,5.91135222047244,1.953125,2
-0.0018082181027343747,0.019710358694721406,0.7294446132677165,7.03125,5
-0.0005322649011718749,0.01634819859245707,0.5322228818503935,2.734375,5
-0.002111576845,0.006893755373425685,0.2205245960629921,2.734375,5
-0.00520635890390625,0.019518155307858238,0.2770210006299213,0.390625,5
-0.002717992608515625,0.03992647487653654,0.731714386535433,7.03125,5
0.0025872273696875003,0.03483576197288127,0.5421709472677165,3.515625,5
0.00239709458046875,0.003674369872008291,0.09169886492913383,0.390625,5
-0.0005119714325781251,0.004952105913033753,0.15261707730708665,5.46875,5
0.0003614532137499999,0.005961071762019642,0.18500834188976376,0.390625,5
-0.0002739296300000001,0.011832640388281147,0.3386957173622047,5.859375,5
-0.0005357771156250001,0.011407918745426592,0.30752788543307086,3.515625,5
0.0015185775929687497,0.003245635117383328,0.09233756535433069,6.25,5
0.0019271296674218748,0.003124462411223793,0.06583688281102364,0.78125,5
0.0012470545190625,0.0034466299951405183,0.0622678121023622,1.171875,5
-0.000704110612265625,0.0026120155169718643,0.06327123771653544,2.34375,5
-0.00081659360828125,0.0023739793611408464,0.06466154754330707,2.34375,5
-0.000318975187421875,0.001982132677076878,0.0627407976929134,0.78125,5
-0.0001385861409375,0.0023536452810677543,0.06564391903149605,3.515625,5
0.01648682230546875,0.017728524919538618,0.17514433858267717,0.390625,5
0.0007427768031250001,0.005102702833606676,0.11354507196850394,0.390625,5
0.000949556462109375,0.003861437051009627,0.09681526208661416,2.734375,5
0.0013253878460156249,0.003004515636927174,0.08294915325196851,2.734375,5
-9.994083749999994e-06,0.002693833323699255,0.07717471425196852,2.734375,5
0.00015798245203125003,0.002228426092812442,0.061529358503937,1.171875,5
0.0006650994777882813,0.0025831289986279747,0.06456005582677163,0.390625,5
-0.0006648041678679687,0.003077754517230636,0.07305674142992126,0.390625,5
-0.0020396109595625,0.0027788490311348325,0.08609656391023619,4.6875,5
-0.00046189894765625005,0.004019494833285479,0.09432178141732282,0.390625,5
0.0012236717101562497,0.003532786553677079,0.07779324480314961,0.390625,5
0.001103078797734375,0.005254259027639154,0.0987521118897638,1.5625,5
-0.00024989981132812506,0.005422753554438983,0.10738253263779526,1.5625,5
-2.3518814531250053e-05,0.003168861289515427,0.07983949440944882,0.390625,5
0.001994006131328125,0.004778163943043901,0.10084954661417325,3.125,5
-0.0329338757890625,0.02617883162822202,0.3843407960629921,0.390625,4
-0.005436599392187501,0.019819318823179635,0.23962152921259844,0.390625,4
0.002197390087578125,0.007688560479947668,0.09969011148818897,0.390625,4
-0.005038854561640625,0.0038744332510023483,0.07542614975590549,0.390625,4
-0.0016652230171875,0.010486112613517635,0.1524711977952756,0.390625,4
0.0021173024335156246,0.01707075276255506,0.3108760151181102,0.390625,4
-0.004430628683671875,0.015898861368854954,0.2742041269291338,0.390625,4
-0.004937086175734375,0.006487351746712798,0.13139051779527558,0.390625,4
-0.00026763554885937495,0.003010308485144383,0.08427881448818898,0.390625,4
-0.00072624024640625,0.0026222635595207562,0.0706551818031496,0.390625,4
0.0013655863969531251,0.004294911036005918,0.07541621144881891,0.390625,4
0.001389927829375,0.004632698445759621,0.08138315455905512,0.390625,4
3.27334278124999e-05,0.004275808020732379,0.07809284506299213,0.390625,4
0.0018521465096875,0.008549954298495406,0.11691401047244095,3.125,4
-0.041335291653906245,0.05616319208980452,0.42065907007874015,0.390625,4
0.0135520638796875,0.017138713941333712,0.18582624555118107,0.390625,4
0.010124939194531252,0.012844367775799401,0.13615304393700783,0.390625,4
0.00579123606875,0.013273919450049925,0.18034451472440943,0.78125,4
0.0072045528859375,0.012295147910998817,0.20572682511811022,1.171875,4
0.0030042016314453125,0.005852190279493473,0.11521522535433068,0.78125,4
-3.847912933593753e-05,0.0035320253869327556,0.0787904748976378,0.390625,4
5.7890624375e-05,0.004685772057897474,0.10235737970078741,1.171875,4
-0.00115717449609375,0.013721777566328627,0.2938014303149606,5.078125,4
-0.005596281980468749,0.014077265857827264,0.3403072394488189,5.078125,4
-0.0025484608992187496,0.007700597196468107,0.14916641062992125,0.390625,4
0.0013705921260156251,0.0036127043490837697,0.08550651625984251,0.78125,4
-0.000757202248984375,0.003736140794854193,0.09672253125984251,0.390625,4
0.0007746018849999999,0.007946869951780778,0.16542526346456685,4.6875,4
0.0009345015991718748,0.008041327760970206,0.1600416425984252,3.515625,4
0.0005438860556562499,0.006095350554431042,0.155488247992126,0.390625,4
0.0412818402859375,0.10995859847366596,0.6016818640944881,0.390625,6
-0.04618622108125,0.032046745936115555,0.1453019172440945,0.390625,6
-0.01011330965421875,0.03613607460075298,0.25308139204724406,0.390625,6
7.437210437499916e-05,0.046491080600495026,0.7707771079133858,0.390625,6
-0.020548809374218747,0.04105144971123751,0.664998333070866,0.390625,6
-0.01747525145390625,0.014355540133345128,0.18036721023622046,0.390625,6
-0.009026385422656248,0.020013290963165963,0.14256506141732284,0.390625,6
0.00227873283671875,0.023868102906373624,0.1213260377952756,0.390625,6
-0.0015037525445312505,0.017893747924483314,0.11445286629921259,0.390625,6
-0.008429753892187499,0.005817847579153893,0.1140002268503937,0.390625,6
-0.0038610437762500002,0.0037806940325623723,0.10173303803149604,0.390625,6
-0.00226072292390625,0.0038608410265322376,0.09792534228346454,0.390625,6
0.0009834119171875,0.0054931809975905434,0.08382049244094487,0.390625,6
0.005596921308984375,0.007500184698082019,0.09194794185039369,0.390625,6
-0.0011356040480468748,0.011727439181174859,0.09490970153543306,0.390625,6
-7.59516429687492e-05,0.015185433860205964,0.10735664842519684,0.390625,6
0.05273690700546875,0.08166660771898726,0.8270794031496063,0.78125,6
0.0087408057421875,0.11728749657882294,1.1805869488188978,0.390625,6
-0.041313933582812504,0.055013603188555436,0.5365205859842519,0.390625,6
-0.0010840447640625,0.01527482615907771,0.17227118834645666,0.78125,6
-0.015039814088281252,0.14503314099573425,0.8156638385826773,0.390625,6
0.031283245414062494,0.06548437702636666,0.5146628614173228,0.390625,6
-0.012734569279375,0.013735774254090019,0.14727736661417323,0.390625,6
-0.00237906309671875,0.010464799146333869,0.13881966439370078,0.390625,6
0.00243757947875,0.004442677013272513,0.09232313541732282,0.390625,6
0.0043591140546875,0.006716411223724404,0.0914390351968504,0.78125,6
0.012407728754367187,0.012325594915438914,0.09942822984251969,0.390625,6
0.0033254217567109372,0.01768545595898536,0.100687888503937,0.390625,6
-0.007795960043046876,0.00605976036368664,0.10720159062204726,0.390625,6
-0.008545517905546874,0.008523207130267413,0.13108585408661416,0.390625,6
-0.01336384008125,0.01079594870401268,0.17361201669291337,0.390625,6
-0.006678182315703125,0.011752568807898836,0.1444263249291339,0.390625,6
0.000554080670703125,0.0037386955475906362,0.10097877315748031,2.734375,6
-0.0005436859208515625,0.008909116553668215,0.18534373889763783,4.296875,6
0.0033626243841484373,0.011586674233839554,0.22290976669291343,0.390625,6
-0.002419117757812502,0.29207483388248534,5.494650625984253,1.953125,1
0.003284977843749993,0.3029208939797642,5.346828547244093,1.953125,1
0.0005102724765625004,0.3145735674219142,5.423601267716537,1.953125,1
-0.013078247359375,0.32550825415407564,5.85173462992126,1.953125,1
0.009887355765625001,0.3147234946409831,5.623568346456692,1.953125,1
0.0023190964062499994,0.31109490900326864,5.5865302440944875,1.953125,1
0.0029055026562499996,0.3256669019595588,5.930858551181102,1.953125,1
-0.009358359828124998,0.32204936364119746,5.768882327559054,1.953125,1
0.005452663000000002,0.30610481673248424,5.642780965354331,1.953125,1
0.005136645695312497,0.32129776399462606,5.701573826771654,1.953125,1
0.005823174851562495,0.3272708009998745,6.091781858267716,1.953125,1
0.00044534753124999757,0.29369331156887624,5.636713511811023,1.953125,1
-0.0192314465390625,0.3617302548127571,6.0491140039370075,1.953125,1
0.0006087164843750006,0.3781579837210094,6.560474543307088,1.953125,1
0.017171508953125005,0.33867615180706395,5.7404031999999985,1.953125,1
-0.015054449267187499,0.3294753672381716,5.879798121259842,1.953125,1
0.004021356514062498,0.34570564345154575,6.572130877165354,1.953125,1
-0.0002532621484374973,0.33544735421016114,6.104053905511812,1.953125,1
0.01397705246875,0.32279055600765577,5.140455905511811,1.953125,1
-0.010247614085937499,0.3309781263973868,5.451280029133858,1.953125,1
-0.009549368523437504,0.3319304983681408,6.184355776377953,1.953125,1
0.016872969523437496,0.32042035961528104,6.0694127196850385,1.953125,1
0.003805487515624994,0.3299684400817941,6.522854874015747,1.953125,1
0.0191005744921875,0.4681008359084013,7.240802695275591,2.34375,3
-0.037175684843749994,0.441498733000244,7.041952078740158,1.953125,3
-0.003478017164062503,0.4528488368373443,6.988956763779528,1.953125,3
0.008821004968749994,0.46555382210683927,6.369299055118108,1.953125,3
-0.023337274156250004,0.427228815131516,5.697065870078742,1.953125,3
0.011933551398437495,0.456007511690321,6.134142562992127,2.34375,3
-0.0170848734375,0.3984144267974598,6.765505968503937,2.34375,3
-0.011574790968750002,0.4288969743222375,6.627576727559053,2.34375,3
0.017721745703125007,0.46317221768909533,6.741521330708663,1.953125,3
-0.009374965718749994,0.43932892416346164,6.302353040944882,2.34375,3
-0.0034478144999999984,0.39893328676441187,5.605340359055116,1.953125,3
0.014953624054687498,0.40774850459563516,6.231138307086615,2.34375,3
-0.010209458523437503,0.40082284622833037,6.5231696929133856,2.34375,3
0.0007871930390625018,0.4240002161213239,6.179558566929133,2.34375,3
0.022063303281250002,0.4092476428900705,6.0701850669291355,1.953125,3
0.005185626601562498,0.39572771484347896,6.237784448818897,2.34375,3
-0.0176878668359375,0.39442489843185774,6.121545921259842,1.953125,3
0.020472878171875004,0.41874811345343627,5.995049102362205,1.953125,3
-0.030212637101562502,0.39538780818503216,6.411200669291339,1.953125,2
-0.030163747929687505,0.35755201724707447,6.369563401574802,1.953125,2
0.006477124968750002,0.3627325557867847,6.051211299212599,1.953125,2
0.007150277435156248,0.3546129659608896,5.550158547480315,1.953125,2
0.007574492841406247,0.32529113194528286,5.344753075039371,1.953125,2
-0.016401002515625,0.3480578174837351,6.248214070866142,1.953125,2
-0.0018913288203124996,0.36644954022718873,7.10132033070866,1.953125,2
-0.017676720318125,0.32292001949397425,5.80557177496063,1.953125,2
-0.03613554630625,0.35215093912448026,6.114539007244093,1.953125,2
0.010952505367187499,0.34768830892462205,5.701247866141732,1.953125,2
0.014893093343749997,0.3339662682357233,5.7369105118110255,1.953125,2
-0.0219578696015625,0.3234236167232313,5.8019344370078745,1.953125,2
0.008817215625,0.3157184464646365,5.882771299212598,1.953125,2
-0.001271994609375,0.31798335218691887,5.706929523622048,1.953125,2
-0.0535282248359375,0.34411045654032907,5.3072730440944875,1.953125,2
-0.0005789548437500017,0.36571694133139937,5.885955036220472,1.953125,2
0.0013672190468749998,0.3458608848406982,5.380640770078741,1.953125,2
-0.0158828002265625,0.3458692581277139,5.574413238582677,1.953125,2
0.026786196382812502,0.34123973111267286,6.126934669291337,1.953125,2
-0.0155588340859375,0.347668885141209,5.781878299212599,1.953125,2
-0.023170808046875005,0.3623737052992252,6.2269701417322825,1.953125,2
-0.0005434716647656249,0.012601152989826876,0.2611486954566929,3.515625,5
-0.001462468128828125,0.016809492879609266,0.3717320067952756,4.6875,5
-0.0005516472047656254,0.014916588070260837,0.3128390878661417,3.90625,5
0.0008931705563281249,0.005504973526913643,0.14197567147244097,0.390625,5
-0.000157969580703125,0.0032282555397560274,0.08822097671653542,0.390625,5
-0.00011210160859374992,0.005034818983684094,0.1228484021259842,3.515625,5
5.835780755546893e-05,0.0054739275848709485,0.14772911141732284,3.125,5
0.0001869490801414062,0.0034854696506262054,0.10793190681889764,3.515625,5
-0.00013921126647656253,0.00322876484302547,0.09391393815748032,0.390625,5
-2.1691282812499957e-05,0.0030974000429139776,0.08226399377952755,0.390625,5
0.00013512794249999994,0.002818285958466722,0.08061793633858268,0.390625,5
-0.00035237473875,0.0027380332437974926,0.08308812748031494,0.390625,5
0.00038880652335937494,0.0023763346323962043,0.06471019480314961,0.78125,5
0.00014020661242187505,0.0022820107479828047,0.07322704440944883,0.390625,5
-0.00046778397,0.002035629617347351,0.0715358131417323,8.203125,5
-3.275089626562503e-05,0.002091103679696331,0.0628925532992126,2.734375,5
0.00012031025459374999,0.0021430203561222092,0.062292978267716535,0.78125,5
-0.000206895154296875,0.0039790735819517946,0.09717156281889765,1.5625,5
0.007455108650703126,0.016745686922443943,0.19401437984251974,0.390625,5
0.0039254332577343745,0.010054912974351965,0.1831055257480315,0.390625,5
0.010975040464843749,0.0065348351830932785,0.12448161519685039,0.390625,5
0.005002014925234376,0.00829486902791502,0.11915113422047245,0.390625,5
-0.002668709763828125,0.004174272854390246,0.12284049835433071,4.296875,5
-0.0017976146596875003,0.0045120718556436725,0.1200381421496063,0.390625,5
0.000672568867109375,0.003686755504078026,0.11315178498425196,1.5625,5
0.0009494914512421875,0.003190344615063329,0.1018934254496063,1.953125,5
0.0006184905785859375,0.0031433301840231302,0.09125418329212599,1.171875,5
0.0007023193151562502,0.003031873463227991,0.09552041445669292,6.25,5
0.000372028976875,0.003612795280526253,0.11698450346456694,8.203125,5
0.00015426227117187503,0.003208617186928862,0.09636168442519684,8.203125,5
-0.0006331295854296875,0.002931033244381103,0.08785889494094487,2.734375,5
-0.0004176304208984374,0.0035137316419304792,0.09760822446850394,1.953125,5
0.003744470754046875,0.008102604472780597,0.1593233476377953,0.390625,5
-0.0121070042265625,0.01588954212967132,0.2587128892913385,0.390625,4
-0.001272282419140625,0.005498638518843059,0.1352358169685039,0.390625,4
-0.00057383331421875,0.008865454879263218,0.24715217510236218,10.9375,4
6.997915335937507e-05,0.008203800350152845,0.20982518679527562,12.5,4
0.0008075851857812499,0.0025671424730695225,0.07195308070866142,0.78125,4
0.000614142542671875,0.0023930786378331638,0.07678611208661419,0.390625,4
0.0001985498281484375,0.0026940631821230814,0.07924887779527559,1.5625,4
0.00036147911852343754,0.002555814799798059,0.06372611397637794,1.171875,4
0.0003473258746796875,0.002015325624003412,0.0566033337488189,0.390625,4
5.63814528046875e-05,0.0017608657145756067,0.05613713280393701,0.78125,4
0.00046810925514062496,0.0018104220381438376,0.0558580254472441,0.78125,4
0.00025078714662500005,0.0023267654447768843,0.07588407698267717,1.171875,4
-1.0557035859375013e-05,0.002156358857730543,0.07118181476377952,1.953125,4
-0.00031332512054687493,0.001968098587656948,0.05827348103937007,1.953125,4
-0.0006799957530468749,0.0024075597216423224,0.07724256394488191,0.78125,4
-0.000129204700078125,0.0024233626183266114,0.0732587932992126,0.78125,4
9.204533593749999e-05,0.0021787429557893145,0.06632748700787401,3.515625,4
0.00063125948671875,0.008460483604721103,0.16585088417322835,5.46875,4
-0.005337066117187501,0.019124161126079543,0.1968601586614173,0.390625,4
-0.0016486904831249998,0.008317282128522105,0.06629350559055118,0.390625,4
0.00134100780875,0.003964566960613977,0.07688363377952756,0.390625,4
-0.00016450594695312492,0.003076511261648241,0.07988259706299213,0.390625,4
0.000150057438515625,0.0028008840985576902,0.07632571981889764,0.390625,4
-0.00064323222421875,0.002369997190421285,0.07134178937007875,5.859375,4
-0.00037459222410546875,0.002576258028105008,0.07594727086614173,3.125,4
0.0004072989887070312,0.0027407419323293367,0.08489222417322835,1.5625,4
-0.00011569718032812502,0.0028689040287108105,0.08376561629921261,0.390625,4
0.000591882108421875,0.0032509971171640986,0.0781041837007874,0.390625,4
0.0010710506841406248,0.0028662384857576235,0.07478149143307086,0.390625,4
-0.00073611003328125,0.002641212402507767,0.07908476983464566,3.125,4
-0.000936660124921875,0.0031310937413273118,0.085386837496063,4.6875,4
0.000443266064765625,0.0031278521800995967,0.08241408141732284,4.6875,4
0.00050979235,0.002613555934042057,0.07565889533070864,4.296875,4
-0.000399137489453125,0.002592499625109293,0.07151302178740157,3.90625,4
-0.000413454421953125,0.0029251226313689164,0.08647781193700789,3.90625,4
-5.7522358437499966e-05,0.0029344603007949413,0.09406646922047243,5.46875,4
-9.014741109375e-05,0.0032528936026644346,0.08777827221259843,0.390625,4
-0.001221752686015625,0.011609242899026423,0.22425172347244093,1.171875,4
-0.0028408339843749983,0.08874792272043287,0.2207310724409449,0.390625,6
0.013330451687500001,0.031785890013805634,0.12066288661417322,0.390625,6
-0.00838227099453125,0.007162965256622607,0.12797317645669293,0.390625,6
-0.0027042132015625,0.004064089805213525,0.13501834716535432,4.6875,6
-0.0026809675362500004,0.0036791556659494557,0.11950073836220473,3.515625,6
-0.0012258216815625,0.004339303621553239,0.10664643922834643,0.390625,6
0.0017672386070312499,0.0068136333129328805,0.12026404047244095,0.390625,6
-0.00158944731875,0.008171159328169558,0.1319115494094488,0.390625,6
-0.0006562072281250002,0.007033249242504876,0.12451889527559054,0.390625,6
0.003785994498046875,0.0033292877141658656,0.10934782665354333,0.390625,6
0.002630608754765625,0.004269818761426561,0.13432402317322834,0.390625,6
-0.00115600459296875,0.0060323351274562615,0.14069585297637793,0.390625,6
-0.0006781549817187497,0.006979442215789031,0.11449988692913386,0.390625,6
-0.0014549556531249998,0.0077898258290942,0.10124834555118109,0.390625,6
0.002879421022734375,0.011673199399633788,0.10451177543307087,0.390625,6
-0.0009495758109374996,0.041216271485952895,0.17633645866141737,0.390625,6
0.005791926573125,0.012851781818672013,0.11224938538582678,0.390625,6
-0.0007141263534375,0.005701672462006195,0.10743965365354329,0.390625,6
0.0017300360671875,0.009157395577398805,0.11717215448818896,0.390625,6
0.0006029563777343748,0.01168017333723279,0.12352552984251966,0.390625,6
-0.003646945268359375,0.010423633353869562,0.11798556724409447,0.390625,6
0.0026392075392968747,0.010209994879282216,0.11272625031496061,0.390625,6
-0.003419980080234375,0.013378203917372931,0.0981833992125984,0.390625,6
-0.003489122701875,0.013963880325334297,0.09484254144881889,0.390625,6
-0.0006382534495312498,0.011912087743857557,0.10231739144881893,0.390625,6
-0.0009938408851562497,0.011562618984087865,0.09021525637795276,0.390625,6
0.0013080347777343748,0.010751939510661234,0.09601646043307085,0.390625,6
0.00140325072984375,0.013179715455822572,0.1023788038976378,0.390625,6
0.0039016054450781252,0.014335974262236135,0.0950628305511811,0.390625,6
-0.00103700919603125,0.013170402580092524,0.09606317155905512,0.390625,6
-0.0006751736850937502,0.011913287013583969,0.09332466100787402,0.390625,6
-0.00080162519375,0.01150105819969357,0.10941878653543308,0.390625,6
0.0030985984226562504,0.01562520923715006,0.12080041716535433,0.390625,6
-0.030195531109374993,0.23912596818272056,3.906940653543307,1.5625,1
-0.012664136515625002,0.23101861258088277,3.957818480314961,1.5625,1
0.011804675148437499,0.22138071176285132,4.353811442519685,1.5625,1
0.0118755351796875,0.2271592113350672,4.3050314976377955,1.5625,1
-0.008527711601562502,0.2198829290350323,4.45997896062992,1.5625,1
-0.010233048632812498,0.2060315319905769,4.279893804724408,1.5625,1
-0.001281084499999998,0.1912084967513285,3.972973404724409,1.5625,1
-0.0005948052906250001,0.1897097485561681,4.307318462204725,1.5625,1
0.005149724920312498,0.19987472131066109,4.439573291338582,1.5625,1
0.006438609851562506,0.19920960462235146,4.195005673228346,1.5625,1
-0.005083079609374997,0.19181140199425437,4.096360937007874,1.5625,1
-0.005538729156249998,0.20115306221302875,3.9033025212598425,1.5625,1
-0.004283750015625001,0.21928539717749201,4.250670194488189,1.5625,1
0.004558885703124998,0.22704236186595994,4.536821795275591,1.5625,1
0.020998167734375003,0.22213376375783295,4.417247464566928,1.5625,1
-0.01677276331328125,0.22317488249381273,4.153782874015748,1.5625,1
-0.018476379782031253,0.2327436192743916,4.565850544881891,1.5625,1
-0.00202777190625,0.23538023579812506,4.43709332440945,1.953125,1
0.021009023796874998,0.24376370665209213,4.675744633858266,1.5625,1
0.01893904446875,0.24053775879421155,4.7611541574803145,1.5625,1
-0.0030600194921875006,0.23232618384376247,4.530595578740158,1.5625,1
-0.0019334530703125023,0.20086757912923656,3.8843900590551184,1.5625,1
-0.008940442953125002,0.1921769319917521,3.901895937007873,1.5625,1
-0.019980076171875,0.22784011079880118,4.491102220472441,1.5625,1
0.009620197343750001,0.2531386548512167,4.7893391496063,1.5625,1
0.017215470703125003,0.24466915215610793,4.39131733464567,1.5625,1
-0.01126749796875,0.24221306575262871,4.248703283464567,1.953125,1
-0.016223756406249998,0.25270628538022527,4.293402795275591,1.953125,1
0.0043564501953125,0.23013560052145643,4.117182992125984,1.953125,1
0.005826338859375,0.21114044844702223,4.533641094488189,1.5625,1
-0.0005164568406249969,0.39451412559691745,8.20974451968504,2.34375,3
0.021773993237500004,0.3529584980620221,7.339637670866141,2.34375,3
0.00904205918750001,0.2977803610534974,6.13828085984252,1.5625,3
0.0033217346406250042,0.3268444893573654,5.64007383464567,1.953125,3
-0.01568429828125,0.3238428633391454,5.357251957480315,1.953125,3
-0.006340686028906252,0.2243421722468058,4.1479614322834655,3.125,3
0.018578915174218752,0.24515344364315222,4.327618297637795,1.5625,3
-0.0013767631250000065,0.3227329218971753,6.03511029527559,1.5625,3
-0.005631015078125006,0.3612614947491508,7.2607459724409456,3.515625,3
-0.02049443201171875,0.20063380917246343,3.473294651181103,1.5625,2
0.0066861784296875,0.16876289061408833,3.280934327952756,1.5625,2
0.0061796652734375,0.2038266454846216,3.3255688149606293,1.5625,2
-0.003223626593749999,0.22050050126557275,3.368843844094488,1.5625,2
-0.0012214638281249982,0.24309678912239585,3.9402046535433075,1.5625,2
-0.0196842964453125,0.24540324570904154,4.565578248031497,1.5625,2
-0.005837330468749997,0.2225167758221701,3.9879857874015747,1.5625,2
0.007686628101562501,0.21218720762935556,2.9858972440944886,1.5625,2
-0.004417964617187499,0.21372004886122356,2.9190350393700784,1.5625,2
0.0338636595390625,0.38210611456023025,7.073511770078739,1.5625,3
-0.013738776468749991,0.30460342487799436,6.4643149685039365,1.5625,3
-0.017516108680468746,0.2549893287371104,5.092068891338583,1.5625,3
-0.008641717086718754,0.2988289855679249,4.6494828228346465,1.5625,3
-0.0014386737187500002,0.3430138652852555,6.298700035433071,1.5625,3
0.0218312306578125,0.32652370431183253,6.202662653543307,2.34375,3
-0.0165940360375,0.3647442356470533,6.761523447244094,1.5625,3
-0.0236347343828125,0.3813087933480596,6.669544077165355,1.5625,3
0.007942080468749996,0.342397115358625,6.075792204724409,2.34375,3
-0.013396902820312499,0.2526409723431911,3.7799864251968502,1.5625,2
0.006036518296875,0.2505308369822445,3.3094776102362204,1.5625,2
-0.007029644375000002,0.2282052861517705,3.4391992047244093,1.5625,2
-0.014748363328124998,0.19623596025511847,3.374706892913386,1.5625,2
-0.0048881095234375015,0.2001881739393351,3.4127973173228345,1.5625,2
0.014055811523437493,0.21660127003244806,3.6635582614173225,1.5625,2
0.0038394974609374977,0.23248260410689248,3.3730192858267714,1.953125,2
-0.012964983671875003,0.2306270824557455,3.1642124645669294,1.953125,2
-0.008011345607031253,0.3719032031729281,7.263334826220473,1.5625,3
0.010920088830468749,0.2964443889773318,5.490278666377952,1.5625,3
0.023148384859375003,0.320558362305509,5.856760651181101,2.34375,3
-0.016548180765625,0.3433536972358498,6.370116913385827,2.34375,3
-0.03380254871875,0.30402316559886894,5.753739740157479,1.5625,3
-0.0017093637648437528,0.29965302220132456,5.492278677165355,1.953125,3
0.011995948696093751,0.3944300254246568,7.606073492125984,1.5625,3
0.01167199407265624,0.4129128335999818,8.193088507874016,2.734375,3
0.017232519689843753,0.33995325835068446,6.934371251968504,1.5625,3
-0.00899191884375,0.3337672943857155,4.148795677165355,1.5625,2
0.026878776701562503,0.32537123716749,3.9436801544881894,1.5625,2
-0.0067095335328125,0.2524372257668315,3.6644909418897638,1.5625,2
-0.0057417642578125,0.23534184608778144,3.4111199094488187,1.5625,2
0.010949587976562505,0.2552173777899049,3.7849810874015746,1.5625,2
0.008516825463281254,0.2708986538124092,3.8287748275590547,1.5625,2
-0.008677231482031247,0.24614816091058234,2.9715005078740147,1.953125,2
-0.0091209064140625,0.22937519980848478,2.9923439133858265,1.5625,2
-0.007226098414078125,0.012003280313980461,0.3636104727559054,5.078125,5
-0.00808832141259375,0.006914421933675787,0.1742763909448819,3.125,5
-0.00452859535,0.006108065955616797,0.14978624582677164,0.390625,5
-0.0005835635557031251,0.004280225545935365,0.12282550976377954,5.46875,5
-0.00021423551945312495,0.003248214635849849,0.10603219401574804,6.25,5
-0.00034763259468750004,0.0027384942144635686,0.09571471744881889,4.296875,5
-0.00041930987464843753,0.002301051626538585,0.0715909849015748,0.390625,5
0.0004077936453515625,0.003092551007755992,0.07491005446062994,0.390625,5
0.00369085275625,0.006865774262334253,0.15407652779527556,2.734375,5
0.0028184983378124998,0.00730706895022578,0.16851872341732282,0.390625,5
-0.00143311804890625,0.0035526839103712914,0.10387326617322834,0.390625,5
-0.001835146821875,0.0028134329543654545,0.10186624598425198,7.8125,5
-0.001225628368703125,0.0033139286073585084,0.11959038566456692,7.8125,5
-0.00044876265854687503,0.0035924423098555487,0.10993970751496063,0.390625,5
-0.0012770523898437498,0.005098458476864124,0.15066520960629917,0.390625,5
-0.000847365719296875,0.0053862702567736565,0.14889560640157476,0.390625,5
0.0019258338772656252,0.0035192948953300493,0.10431390301574803,1.5625,5
-0.003926005578125,0.03675978414723396,0.18546509291338575,0.390625,5
-0.0082323500546875,0.016102838017120535,0.13119458543307086,0.390625,5
0.00486459095390625,0.004604889320771262,0.09928712866141734,0.390625,5
0.00085587663671875,0.0047959871815947885,0.08456838929133857,0.390625,5
-0.001939643660078125,0.003450708721152036,0.0781505564606299,2.34375,5
0.0020375732778906254,0.005054136550222417,0.07227791475590555,0.390625,5
0.00569236645203125,0.0035178527964729745,0.08789935538582677,0.390625,5
0.00542394080859375,0.005025839991115986,0.13297781102362205,0.78125,5
0.0030666937890625,0.006752454076962577,0.14393552039370078,1.171875,5
-0.002069260329765625,0.007774508201685028,0.1649246579448819,1.953125,5
-0.004952253481328125,0.009525548831983312,0.20424107605511818,0.390625,5
-0.0035845814257812495,0.012197847258606287,0.17518029629921264,0.390625,5
-3.558799843750006e-05,0.010764516945424124,0.13343724976377955,0.390625,5
-0.0028355077378124996,0.00825741711445165,0.12242560940157479,0.390625,5
-0.0025243090585937503,0.007201300453301905,0.12313977979527557,0.390625,5
0.0037821012096875,0.003968479887283902,0.12339390299212596,0.390625,5
0.00142357759140625,0.005542361889116664,0.1285641781889764,0.390625,5
0.00019009382054687487,0.004899619373298667,0.13254777236220472,0.390625,5
-0.0265539476171875,0.02498407061024929,0.17803732716535436,0.390625,4
-0.00040886823187499994,0.009192606444142805,0.08133028874015749,0.390625,4
0.0008933858055468749,0.004291128354456113,0.06938178030708662,0.390625,4
-0.000347799101015625,0.003341485324035957,0.06668222408661416,0.390625,4
0.0003361361833593749,0.002904496195093657,0.0601116105511811,0.390625,4
-0.000376394566234375,0.0024482750567836765,0.07442856641574805,3.515625,4
-0.000162548337015625,0.0023078104465598793,0.07126764810866142,3.515625,4
-0.000504288579765625,0.0023431893673104497,0.06915607750393701,2.734375,4
-0.00023111588867187505,0.0023681499654138174,0.07799549214960629,6.640625,4
0.0002248766660226563,0.002480319994333015,0.07974169197566927,6.640625,4
-0.0002771946528054688,0.0027777703101658927,0.08414386795992128,0.390625,4
-0.0008362393853124999,0.003112777339306352,0.08728803846456694,3.125,4
-0.0008490521344531249,0.0032410299006848334,0.07600753862992125,0.78125,4
0.00087905657515625,0.006934179137060534,0.12058648817322835,0.390625,4
-0.01215882299890625,0.027059569656055077,0.327884799968504,0.390625,4
-0.0030350449676562496,0.014451728692469728,0.12953747555905512,0.390625,4
0.0031016993709375,0.006539258806554344,0.1513390846456693,0.390625,4
-0.000929751983203125,0.004052867419816852,0.10922031646456694,4.6875,4
-0.00018217758421874998,0.0032321765328813764,0.10062181362992124,4.6875,4
0.000376723223984375,0.0037068465852145333,0.12247402832283465,4.6875,4
0.0002931344228125,0.0036896375415780393,0.11747338072440942,5.078125,4
0.00015293720081250005,0.0036666832513379695,0.09804050314645671,3.90625,4
0.0001859645572187501,0.0037630606572213467,0.10614292072913387,5.46875,4
0.0010544947688906248,0.004512541430607782,0.12180205388188976,0.390625,4
-0.0013445906617343749,0.012878988250140198,0.258574807007874,6.25,4
-0.00538002315078125,0.015284559428369985,0.2871548078740157,0.78125,4
0.00242476940625,0.013357866757136294,0.14441385787401576,0.390625,4
0.005269383522335937,0.007348925500354681,0.09693356618818899,0.390625,4
-0.0012013382450859374,0.003988976394890368,0.1064465665582677,0.390625,4
-0.0008007553030078124,0.0035831478978582613,0.10651272264015747,1.5625,4
-0.040433692201562496,0.06367535086772311,0.17193319921259845,0.390625,6
0.005331419016249999,0.0107522937752676,0.09571696818897636,0.390625,6
-0.0018824866649999998,0.005965470408383444,0.10344092999999997,0.390625,6
-0.00617383502890625,0.006126298074943755,0.10259326929133857,0.390625,6
-0.0025607773899218754,0.010799804966029447,0.09207011232283466,0.390625,6
0.0035608679481249996,0.01268268452826897,0.09394282616535435,0.390625,6
0.004447900952109375,0.010330427068713016,0.0971370214409449,0.390625,6
0.0010295764864062498,0.006486474576350272,0.09438942401574803,0.390625,6
0.00430661532515625,0.008312602601344511,0.1004210330629921,0.390625,6
0.0036121552746093753,0.00904728098860092,0.11730599742519686,0.390625,6
0.004054501182734375,0.011510620370969026,0.1262968445590551,0.390625,6
0.00242051560625,0.012788616830812654,0.12118132059055119,0.390625,6
-0.004810922373437499,0.008461510768971791,0.09943241039370079,0.78125,6
-0.0049750903421875,0.013101798934736337,0.09318876653543308,0.390625,6
-0.0026136108125,0.01737944633110298,0.10370462322834643,0.390625,6
-0.00271851585703125,0.01784101543073624,0.1173138244094488,0.390625,6
-0.0009054882312500002,0.0172256577469556,0.11066055000000001,0.390625,6
0.003956581278124999,0.014589718878530335,0.11502039700787405,0.78125,6
-0.0024185505921874998,0.01615403140794165,0.11824965881889767,0.390625,6
0.00106973673359375,0.02283036987851432,0.11424139212598426,0.390625,6
0.00031163647890624984,0.022579350640726612,0.10813214724409446,0.390625,6
0.00335469407109375,0.02275232026412334,0.11231886039370076,0.390625,6
0.004684305263281251,0.024207158517460733,0.10692750370078738,0.390625,6
-0.04891899373625,0.10566612945803674,0.21513006829921258,0.390625,6
0.013998555246562499,0.014955266560166327,0.10623344759055119,0.390625,6
-0.002013929828125,0.008419764871357644,0.11672216299212597,0.390625,6
0.0008109003421875002,0.010521742968917528,0.1020203227559055,0.390625,6
0.0018577949328125003,0.009475215469870476,0.09089550826771652,0.390625,6
0.0016183222546875,0.008949612155918068,0.1099489809448819,0.390625,6
0.00303351652484375,0.00873288190059784,0.12553186157480317,0.390625,6
0.0048585944782812505,0.011686001131655046,0.1153771497637795,0.390625,6
0.00035192296124999996,0.01481053566886349,0.1019225664566929,0.390625,6
5.016755156249985e-05,0.014219522893929465,0.10885074503937006,0.390625,6
-0.00022832055000000044,0.014579986887523898,0.09863597275590552,0.390625,6
-0.0011679249609374998,0.015268765657970125,0.12239836472440943,0.390625,6
-0.002619336314843751,0.016405249180534646,0.11915300968503936,0.390625,6
-0.00374824292609375,0.013987989510497303,0.09475974519685039,0.390625,6
-0.0016651061292187502,0.012912028770120822,0.10797752425196848,0.390625,6
0.0035071797109375,0.01877999134119581,0.15107362322834644,0.390625,6
-0.0076556428593749955,0.20738676315948354,4.576136748031495,1.5625,1
-0.0074162507265625,0.21475169005235553,4.429025737007874,1.5625,1
-0.013633019727343747,0.2138205179712185,4.056277185826771,1.5625,1
-0.007244248975781251,0.21355006426515602,4.123599147086613,1.5625,1
-0.0092072218734375,0.2220470106239642,4.392111773070868,1.5625,1
0.013199797387500004,0.2330563710128975,4.784569425511812,1.5625,1
0.02637270185625,0.24479460424940258,5.4728285357480315,1.5625,1
-0.000922077296874998,0.23761266129160719,5.469704871653543,1.5625,1
-0.008374299054687501,0.21780089864719707,4.602225513385826,1.5625,1
-0.003984405289062501,0.21878560368046893,4.428961188976377,1.5625,1
-0.0031424645406250007,0.23140248465889174,5.000516413385826,1.5625,1
-0.007097377259374999,0.2340961623719529,4.8817657007874,1.5625,1
-0.00022767782031249927,0.24246676124442934,5.416231644094488,1.5625,1
0.006256584187500002,0.24060993311637446,5.707885388582677,1.5625,1
-0.0012554678437500001,0.2334220239819694,5.649804598425198,1.5625,1
-0.009806199765625006,0.27152475507374985,5.3684251811023636,1.5625,1
0.018745731484374997,0.2843446879146193,5.757757826771654,1.5625,1
0.008091198101562499,0.2701937149628041,5.56373522047244,1.5625,1
-0.017149052955468744,0.2457267654858227,5.2555124724409445,1.5625,1
-0.016706611957031253,0.23723538078553685,5.183723614173228,1.5625,1
0.002460610865624999,0.24082964097738746,5.274407123622048,1.953125,1
0.007591225593750003,0.2399018522630799,5.368118351181103,1.5625,1
0.003566373062499996,0.20747535697996386,4.522014473228347,1.5625,1
0.012205136906249997,0.18394501464653917,4.087906968503937,1.5625,1
0.008642664250000001,0.19102279855031465,4.380408248031496,1.5625,1
-0.0024511811148437562,0.19296730153850822,4.343240346456693,1.5625,1
-0.004218545528906256,0.19219312493659707,4.171915897637795,1.5625,1
-0.001661182984374997,0.19416950174992612,4.138418659055118,1.5625,1
0.0012534082812499982,0.18517041020938566,3.8324645968503934,1.5625,1
0.0030037141640625008,0.3506382755225377,6.134512183464566,1.5625,3
-0.004926012710937501,0.34326273323710305,6.197817246456694,2.34375,3
0.0008629731484374945,0.35564130855120996,6.889100283464567,3.90625,3
-0.003245890257812502,0.40513737198044353,7.656809401574804,2.34375,3
0.004334771749999999,0.38289873396089563,7.854463110236221,1.5625,3
-0.0017597497578124982,0.2840087887394903,6.12067227480315,1.5625,3
0.004262564554687501,0.3198523074382844,6.538427692125984,1.5625,3
0.006701944648437502,0.3857893689006129,7.582935031496062,1.5625,3
-0.006089838890625001,0.36082586875125267,7.1788370551181115,1.5625,3
0.045435237640625,0.42764048245340397,7.448172162204724,1.5625,3
0.03544389710156251,0.40771825544851,7.086592114566928,1.5625,3
-0.0429166598984375,0.29590025306464385,5.2036830165354315,1.5625,3
-0.015699050554687503,0.34127287574495035,6.462539855118111,3.515625,3
0.01589113504140625,0.3456803323180537,6.894997093149606,2.34375,3
0.001655674639062502,0.27171241132438073,5.088367647716535,1.953125,3
-0.0026179608945312485,0.35142453623202513,6.705775129370078,1.5625,3
0.008624011953124998,0.3989304145386316,8.258766047244094,2.734375,3
0.029080923437499996,0.365390244111058,7.039210661417322,1.5625,3
0.034605367936718756,0.4260203107584539,8.008918844094488,1.5625,3
-0.010736298343749997,0.3363435278700787,6.203790107874016,2.34375,3
-0.025497003070312503,0.29217593158651284,5.6640156677165345,2.34375,3
-0.008782096000000003,0.3654975374779429,6.897912130708661,2.34375,3
0.015597396975781247,0.36529515153261427,7.147812188976379,1.5625,3
0.010544539460156245,0.3075211775692119,6.296315779527558,1.5625,3
0.010225494312500001,0.29774829182497703,5.521222198425199,1.5625,3
0.008769105542187499,0.31098053569263473,5.60976648031496,1.5625,3
0.004213609346875003,0.29727997914387283,5.83982358503937,1.5625,3
-0.0576928906953125,0.2648285229845953,4.299246374015748,1.953125,2
0.007574963320312499,0.2743799961420047,3.90528657480315,1.953125,2
0.0131121933046875,0.25749883571678106,3.8190653779527564,1.5625,2
-0.0322442973203125,0.23365569675053374,3.8481887007874014,1.953125,2
-0.0011792003124999999,0.26456315110487655,4.285229181102363,1.5625,2
0.01371323784375,0.28365387351285765,4.335823488188977,1.5625,2
-0.004278883453125002,0.25528234101007596,3.2618041417322834,1.953125,2
-0.01978878431640625,0.25555570875178407,3.418731334645669,1.5625,2
-0.020234975842968753,0.227791457994007,3.001068264488189,1.5625,2
-0.013487478389843752,0.23765978956623277,3.281549023543307,1.5625,2
-0.00769456165625,0.2589873763539367,4.142300263779528,1.5625,2
-0.0166441779,0.2331620559044763,3.714216929133859,1.5625,2
-0.012175768626562502,0.2058289121392633,2.9615972614173227,1.5625,2
0.011058397242187495,0.23158981491528097,3.7580901157480318,1.5625,2
-0.00561775190625,0.26035997580697356,3.7452664614173217,1.5625,2
-0.006894407359375,0.2786120160761612,3.539974792125984,1.5625,2
0.0047549050390624965,0.26686601435519,3.698615334645669,1.5625,2
-0.0440786670625,0.29944884237178876,3.787515511811023,1.5625,2
-0.0300977830625,0.27258130686147936,3.411337307086615,1.5625,2
0.0018414648671874997,0.2177042007240661,2.8997142795275592,1.171875,2
-0.0015071150210937481,0.2297913089904036,2.875258582913385,1.171875,2
-0.01494972006796875,0.2750389056184211,3.3137165514173232,1.5625,2
0.015335715875,0.2723275389912821,3.77507718976378,1.5625,2
0.010804798507812501,0.2703318409520329,3.8089784456692914,1.5625,2
-0.009627884117187503,0.28550018922053055,3.434117047244095,1.5625,2
-0.0135576517421875,0.252120251977927,3.1403496771653545,1.5625,2
0.00562224176484375,0.013239949344750947,0.2721237488976377,0.390625,5
0.0022462337351015623,0.004979404000202956,0.10960076781889765,0.390625,5
-0.0007031310188046875,0.0031987056124350736,0.09447321262204723,5.859375,5
-0.00021904767953124995,0.003005017287582852,0.08493587846456693,1.953125,5
2.8995360703124964e-05,0.0025386560605591604,0.0722288127952756,7.421875,5
-0.001130655916015625,0.009191713180910693,0.1932587748031496,6.25,5
-0.0009208472078906253,0.009246702719355354,0.20123586846456692,6.25,5
-0.00028950145515625004,0.0052995919041431,0.14903404629921263,6.25,5
-0.0009630045707031249,0.0077741286269969664,0.21940744188976377,5.46875,5
0.00042806519601562494,0.006629284798110296,0.154575532015748,5.078125,5
0.0022838423569531245,0.002494912640871359,0.07616458048031498,5.46875,5
0.0016778478226562499,0.002416549744097594,0.0692447118503937,3.125,5
-0.00027730452078125,0.003030812742506756,0.08644789716535435,4.296875,5
-0.001413668635625,0.002696454829286909,0.08437663207874015,3.90625,5
-0.0006919403335703124,0.0029770748763584885,0.08758959125196851,3.515625,5
4.085222367187447e-06,0.002847311323222616,0.08602435722440945,3.90625,5
0.0001641409746875,0.002488766101026057,0.07010680397637797,4.296875,5
-4.097206171875e-05,0.0025775563350480288,0.07625012551181101,2.34375,5
0.0004315007437499999,0.0024970214195631254,0.07744684637795274,6.25,5
0.0010904681514921875,0.0036380643962928786,0.08356779758976378,0.390625,5
-0.0015905617373015624,0.006355752473950796,0.12350052283464566,0.78125,5
-0.00033734347386406234,0.0030224307214791364,0.07244770685039371,0.390625,5
0.001739494656953125,0.0023776820947716383,0.0633419548031496,0.390625,5
0.0017651713968749997,0.00410637808112949,0.09415073251968505,3.90625,5
0.00044121144859375,0.004579947736840322,0.10645744858267718,3.90625,5
-0.00042681710609375007,0.005094104148131345,0.13236731456692913,5.078125,5
-0.00088631861625,0.005387557382255757,0.14229068283464566,5.46875,5
-0.00045039330687499996,0.0037882656783335034,0.09335492267716537,5.859375,5
-7.768066796874995e-05,0.002822053375643206,0.07641865220472441,5.46875,5
-0.00053527551328125,0.002651147795379661,0.07099338893700789,1.953125,5
-0.00021525541335156253,0.002704112331886141,0.07234616881889765,2.734375,5
0.0008458276251640626,0.0030654927963294477,0.07030835698425195,0.390625,5
0.000546441856171875,0.00287231552027184,0.06101744859055118,0.390625,5
0.00014564498812499999,0.0022794595979361183,0.059378816118110245,0.78125,5
0.0006969270064062501,0.0024744072196853893,0.06825308125984253,0.78125,5
0.0004987929359375,0.0023871578649212965,0.07334400877165353,3.125,5
0.00019367738587734381,0.002220153938657088,0.06823837266141732,4.6875,5
-0.0104614673265625,0.025533621945557763,0.09153468224409449,0.390625,4
0.0033459321860937496,0.005125488314369315,0.07211532948818897,0.390625,4
0.00022528416499999996,0.0032518314711490488,0.0724566692519685,0.390625,4
0.00045911988093749994,0.0027575920474518572,0.05669297735433071,0.390625,4
-0.00028372905273437495,0.0023951260868622436,0.059933312944881884,1.953125,4
0.00117703708953125,0.0033019892880287766,0.07527754149606299,0.390625,4
0.0008784943971875,0.003536395012754603,0.07341459889763782,0.390625,4
0.0004604243923960938,0.0026712942446088903,0.0552386288923622,0.390625,4
0.0016230865254429688,0.0022974495337838453,0.052398804837244094,3.125,4
0.000398103192578125,0.002675371263741031,0.05214646728346456,0.390625,4
7.900376632812498e-05,0.002757558047806437,0.060018183228346456,0.78125,4
-1.059245281250003e-05,0.0029893553606415682,0.07723353122047244,0.78125,4
0.0006728322894531249,0.002907471083402861,0.07381668972440944,0.390625,4
0.000496979488984375,0.002777697153632128,0.060585098055118115,0.390625,4
6.430159640624998e-05,0.0026255533813103324,0.06359842211023622,0.390625,4
0.000497363825078125,0.002589844081587894,0.06737590270078742,0.390625,4
0.019550156540625002,0.03536926227159856,0.21756648976377954,0.390625,4
-0.00536143213125,0.006845396149321098,0.13855207842519682,0.390625,4
-0.0009427766353906249,0.003896821909621882,0.10416213354330708,5.078125,4
-2.640437820312496e-05,0.0025989132032158816,0.08311033133858267,10.15625,4
-0.0002915895808671875,0.002533582422256235,0.06999009032992129,0.78125,4
-0.0015848629803984376,0.0028197353389101385,0.06161948294409449,0.390625,4
-0.0018819936539843747,0.0023667759537924333,0.06140778817322834,1.171875,4
0.0007260260839843751,0.0030094275566404467,0.0748472738031496,0.390625,4
0.0011794043236718751,0.0030562232694128113,0.08135902748818898,0.390625,4
1.432782187500001e-06,0.0026689062196302593,0.06677216471653544,4.296875,4
0.00026256089273437504,0.0023296455493303342,0.05764671292125983,2.734375,4
0.00026748362476562503,0.002706548095207172,0.06861038713385827,0.78125,4
-0.0004377591292187499,0.0026848982016995275,0.0650211677952756,0.390625,4
-0.00032374717632812505,0.0023632284850427154,0.06089778483858267,1.171875,4
-0.00015381142179687502,0.0027822731080239683,0.07606158648818899,1.171875,4
0.00036823368953125,0.003006062212995955,0.07527300920472443,0.390625,4
0.001212991622265625,0.002909468081458575,0.06310304212598426,0.390625,4
0.0004250771932812499,0.003898953514071945,0.07541070154330706,0.390625,4
-0.1610311684609375,0.09740145657274728,0.3640675771653544,0.390625,6
-0.0960001175546875,0.14550230896188898,0.354043525984252,0.390625,6
0.046622651140625,0.05110799334950903,0.19847216653543304,0.390625,6
0.005397795859374999,0.05996498688001996,0.17471255118110238,0.390625,6
-0.022347016234375,0.051552475703518966,0.26412497834645676,0.390625,6
0.0731692386328125,0.0830949128327926,0.2666949330708661,0.390625,6
0.14887772203125,0.022620257131017278,0.2698744094488189,0.78125,6
0.0855616849234375,0.07453269328583863,0.3090547594488189,0.390625,6
0.017550283446875,0.034000187493391,0.23623225472440942,0.390625,6
0.0434196466484375,0.03570398909306043,0.13823769212598422,0.390625,6
-0.004335539609375005,0.09698537887623489,0.217643162992126,0.390625,6
-0.142093563359375,0.09327735896122993,0.3256170330708661,0.390625,6
-0.15332741657031249,0.06945191735025008,0.40677636220472446,0.390625,6
-0.0511468882046875,0.062033347015854626,0.36269921905511815,0.390625,6
-0.005768122245390625,0.009272853396717413,0.18453110904724412,0.390625,6
-0.003412228661015625,0.00950122166701625,0.12269044349606296,0.390625,6
0.035580157653125,0.03935673937272801,0.16968409708661417,0.390625,6
0.082986742890625,0.029881187368907988,0.3127777244094488,0.390625,6
-0.023712227960937495,0.09876808111240812,0.2843448511811023,0.390625,6
0.018815075503671876,0.02532032687310196,0.11596682222834645,0.390625,6
-0.003792651430234375,0.007611778412097132,0.12563736967716535,1.953125,6
-0.0008860344319531252,0.00887471648519445,0.12602764504724412,0.390625,6
-0.001165782191015625,0.007717258028371052,0.10702387090551181,0.390625,6
-0.0006241053000000001,0.0073536398027087314,0.12601236078740158,0.390625,6
0.00069294236796875,0.004991303673180394,0.09958330133858266,0.390625,6
-0.00170044114140625,0.002676591380161228,0.08389306807086615,3.125,6
-0.001575685372734375,0.002532289513279082,0.08416676751968503,5.078125,6
-0.001295250883984375,0.0022403776786101034,0.06764028003149604,0.390625,6
-0.0010081050485937501,0.0025704889879795004,0.06177178531496064,0.390625,6
-0.0015355450065000001,0.0033790628903624972,0.05881246166141733,0.390625,6
0.0006548500079531249,0.00428441097399489,0.054422253062992136,0.390625,6
0.0017898737646093751,0.00404700935468795,0.058878652196850394,0.390625,6
0.00165544542421875,0.0055538958565548545,0.07667110527559055,0.390625,6
0.0053941224953125005,0.147695901455559,2.5166901637795274,1.5625,1
0.008227918034375002,0.14460096289472155,2.604529518897638,1.5625,1
0.0074266681421875,0.14641728952509803,2.6582541094488183,1.5625,1
-0.0106208775296875,0.1449821461504604,2.492689471653543,1.5625,1
-0.0090803876421875,0.1444669482747463,2.452233653543307,1.5625,1
-0.010464487627343751,0.14793818762593455,2.486200736141732,1.5625,1
-0.0075526653679687476,0.1414271644224867,2.3555640904724413,1.5625,1
0.002422847210937499,0.12855568592080102,1.971291434645669,1.5625,1
0.007374981796875001,0.12413597550991887,1.8901554039370079,1.5625,1
0.005127947539062499,0.1181843087951764,1.8788063062992126,1.5625,1
0.00950995925,0.11386646951474866,1.7698320496062991,1.5625,1
0.006667293945312502,0.1233886274055951,2.087531801574803,1.5625,1
-0.0016343048898437487,0.12977535663752307,2.1267475220472436,1.5625,1
0.0010186153382812481,0.12485437945324392,1.9604050700787399,1.5625,1
0.0031391425171874996,0.1223780737011496,1.908489440944882,1.5625,1
0.0009975124351562486,0.1282979666931082,2.051871488188976,1.5625,1
-0.00395918329140625,0.12744741243276256,2.1666841346456693,1.5625,1
-0.009593070453125,0.11548921913684859,2.00137542992126,1.5625,1
-0.0036578092695312495,0.10298811214857205,1.8384143976377951,1.5625,1
0.0125221332265625,0.15543357563876156,2.2992100881889765,1.5625,1
0.0010854148546874994,0.14677944056574443,2.502266152755906,1.5625,1
0.0002721838312500016,0.14531483446599464,2.490516885826772,1.5625,1
0.001506337382812497,0.14407910687366385,2.4603560590551186,1.5625,1
0.00023504071875000282,0.1369362294052202,2.2760954157480313,1.5625,1
-0.002754289664062504,0.14208327829475453,2.17184895511811,1.5625,1
0.0018993735234374993,0.1496702404009802,2.3497840275590547,1.5625,1
0.005949477802343753,0.1469553458213294,2.4686017655905514,1.5625,1
0.0005953828257812474,0.1298321951264521,2.171730946692913,1.5625,1
0.0030175501874999972,0.12639268694835376,2.007118164566929,1.5625,1
0.006476598156249997,0.13948253980421751,2.259844692913386,1.5625,1
0.0012735620234375026,0.1357651297199869,2.2448809574803144,1.5625,1
-0.007464566445312501,0.1299175728593207,2.1176668251968507,1.5625,1
2.7507437500001036e-05,0.1341114906118461,2.2742005236220475,1.5625,1
0.005073523734375002,0.13288732562407998,2.2090151905511797,1.5625,1
-0.0018020173515625008,0.1306049661252128,2.1582992677165356,1.5625,1
-0.0053609265078125015,0.11368561340208547,1.9509127677165354,1.5625,1
-0.003433786062499999,0.257718178066117,3.1020515039370076,1.953125,3
-0.010204754765624999,0.2671009829242812,3.166660972440944,1.953125,3
-0.0012963203203125004,0.2509171567841547,3.393605236220473,1.5625,3
0.008335594757812499,0.27166840335814824,3.5804737440944883,1.5625,3
0.021697786125,0.29656953558799104,3.5304319480314965,1.5625,3
-0.010289734910937497,0.27117869133154904,3.31508131023622,1.5625,3
-0.010982686880468752,0.25849459939595354,3.210748535433071,1.5625,3
0.025838252046093746,0.2728184581048206,3.494303566929134,1.5625,3
0.018118802968750004,0.28032184911688696,3.5656325196850394,1.5625,3
0.007659712210937501,0.22102247522142557,2.5414641889763785,1.5625,3
0.0068348816562500015,0.24084261985720054,2.615422708661417,1.5625,3
0.014548370226562501,0.2064184636492567,2.502316345669291,1.5625,3
0.018302205843750002,0.18941877604575363,2.205961314173228,1.5625,3
0.003547497879687499,0.2199948238668334,2.2850882755905513,1.5625,3
-0.01722317351875,0.20023866656798314,2.344994099212599,1.5625,3
-0.01726827546875,0.21133271892325378,2.426366296062992,1.171875,3
0.011877105468750001,0.21843535513380236,2.40246438503937,1.5625,3
0.0141503045703125,0.21521932343813777,2.437713861417322,1.5625,3
-0.0169802946953125,0.20572700091608376,2.1957570236220474,1.171875,3
0.008744692804687497,0.22514133025392172,2.5017000968503935,1.5625,3
0.0023919896093750007,0.231177076525888,2.454369025984252,1.5625,3
-0.014649577265625003,0.2128478303236828,2.282347522047244,1.5625,3
-0.025319323429687502,0.1777055794751648,2.063624144094488,1.5625,3
0.0041717292421875,0.19982001293776108,2.4484427795275594,1.171875,3
0.0317862448046875,0.22836111665696815,2.737819328346457,1.171875,3
0.005294879749999999,0.21164324177104132,2.2500476472440947,1.171875,3
-0.0021522289609375005,0.2022175192711083,2.0233561574803147,1.171875,3
-0.009347889171874998,0.20472666377528356,2.078562009448819,1.171875,3
-0.0321699795078125,0.20044450512164966,2.0911323992125985,1.171875,3
0.022116341171874998,0.2042601154336517,2.2291925669291337,1.171875,3
0.0041360841796874975,0.19902206804642925,2.138878506299213,1.5625,2
0.021259083609375003,0.1986113274047493,2.364095837007874,1.171875,2
0.0017287757109375017,0.1809790554311782,1.9219169999999999,1.171875,2
-0.019599755085156247,0.16839981883171523,1.6250545513385826,1.171875,2
-0.0009754738078124996,0.1761567783949229,1.7021161218897638,1.171875,2
0.0033176181523437514,0.18308653685735643,2.0045845611023623,1.171875,2
0.0101350108546875,0.1602871661729204,1.7272284480314959,1.171875,2
-0.004670566481249999,0.14179516182303714,1.41760172519685,1.171875,2
-0.008938340140624999,0.16547179754740146,1.513965590551181,1.171875,2
0.002927191078125002,0.17747630037543355,1.4332725456692914,1.171875,2
0.018320303359374998,0.15960260791738945,1.291973490551181,1.171875,2
-0.0034119681875000004,0.16099626438132517,1.612172695275591,1.171875,2
-0.004617973717187499,0.19369678944899862,1.8532130921259848,1.171875,2
-0.0011398960374999993,0.19256755558440025,1.911573716535433,1.171875,2
0.01096731996875,0.16921547974300175,1.7771791181102363,1.171875,2
-0.0005091600156249998,0.12091746691810115,1.2760570944881888,0.78125,2
-0.005988402835937498,0.15707359319738573,1.2743751212598426,0.390625,2
0.021480563359375,0.18630688543383142,1.679482538582677,1.171875,2
-0.010142032937500002,0.1525611574382033,1.5346549204724411,1.171875,2
-0.0161363148515625,0.1565137612547329,1.459018172440945,1.171875,2
0.0020999270265625,0.17834183194379535,1.447303913385827,1.171875,2
0.016649245292187503,0.16916622078012067,1.4883328937007876,1.171875,2
0.0253154125,0.17330276918936652,1.5741812440944885,1.171875,2
-0.0031529198828125016,0.201664883820851,2.010527896850394,1.5625,2
0.013843096249999997,0.18508620656641392,1.9223306251968504,1.5625,2
0.0134602933125,0.15110461711098555,1.6216644133858267,1.171875,2
-0.012004945734375001,0.1494656463497294,1.6061802716535434,1.171875,2
-0.015465256367187498,0.16448743119766546,1.4376497716535435,1.171875,2
0.020179254617187503,0.16372899216430406,1.4476338047244093,1.171875,2
0.0021698601953124993,0.13410789719069774,1.394585812992126,1.171875,2
-0.017864319328125003,0.1476151897600027,1.4876506803149607,1.171875,2
-0.0023696639921875016,0.1714057512529165,1.5751884330708663,1.171875,2
0.009105752093749997,0.16342033277751003,1.5541179661417326,1.171875,2
0.0009316219453125007,0.13605426177189048,1.3730466393700786,1.171875,2
-0.010950720453125,0.14363711933821546,1.3805898511811023,1.171875,2
-0.01098476622171875,0.027238644068398342,0.43411807681102366,0.390625,5
0.0042247179659374995,0.011868044742818143,0.32158729867716535,0.390625,5
0.00221032483546875,0.009253954485842375,0.20158615844094488,0.390625,5
9.0357829296875e-05,0.003630298789262555,0.08171924613779528,0.390625,5
0.00017120246203125006,0.00310820703443502,0.08538934350393702,0.390625,5
-0.00034503112890625,0.0025670857615374227,0.07453258181102361,4.6875,5
2.177257164062498e-05,0.003949117231552222,0.09668765314960627,5.859375,5
0.0004724700433203125,0.004072717156343533,0.10818064971456692,5.46875,5
-2.5505951601562517e-05,0.002570454762312149,0.07892659657086618,6.640625,5
-0.00016832182828125001,0.002152595765864967,0.06435480501574803,1.953125,5
-2.926775218749998e-05,0.0022026714294181918,0.06685444479921261,5.46875,5
0.000661350346015625,0.0026996330768170812,0.08973441298425196,7.8125,5
2.8084955312499975e-05,0.0027909126840218535,0.08831903692913386,7.421875,5
-0.000774301974296875,0.002353424171798092,0.07827488645669291,8.203125,5
-0.0003988679040625,0.002133852342707575,0.07218436125984252,3.90625,5
0.000217762643125,0.0019505022227929419,0.06543978362204726,3.125,5
0.00054933086309375,0.0018947600332518367,0.05897446634173228,2.734375,5
-7.4937221046875e-05,0.00197586912149029,0.058006982562204726,0.390625,5
-0.0003222837226562499,0.007128494574559433,0.11985103903149606,0.390625,5
-0.0005434027259374999,0.0035126408469239407,0.08322365909448819,0.390625,5
0.0008794164579218751,0.002769409462028191,0.08487573417322836,3.515625,5
-0.000208162068015625,0.0028750536900864,0.0845468947952756,5.859375,5
-0.0003927714714062499,0.003006578809424859,0.07344351951181104,0.390625,5
0.000540269753125,0.0026740103232529818,0.06736389812992127,3.125,5
-0.00012555485671875,0.0025586537289143873,0.06309382654330709,0.390625,5
-0.0003193235176562501,0.0029244196873170055,0.07185426541732282,0.390625,5
0.000592397186875,0.003230942997621828,0.08918427062992125,3.90625,5
0.0011238664203125,0.003194419731616877,0.09094819330708662,1.953125,5
-5.0680245312499964e-06,0.00325325085396176,0.08311423499212597,0.390625,5
-0.00026792915312500007,0.0029786197942479413,0.07932868108661419,0.390625,5
8.632600578124999e-05,0.002472373493450072,0.07435712138582677,0.390625,5
-0.0008972324428125,0.002388252753187481,0.0658755637952756,3.125,5
-0.00029696844616406245,0.0025904357196054628,0.06937165984251968,0.390625,5
0.00013207984039843748,0.0023354673758200785,0.07190580692913384,3.515625,5
0.0007686923796874999,0.002519263618319018,0.0763659277952756,2.34375,5
0.000853206310703125,0.002606942340496293,0.08195340409448817,1.953125,5
-0.000446294098671875,0.0024816412876820207,0.074762139992126,5.078125,5
0.0009831552850781246,0.011653638080040997,0.26676537283464563,6.640625,4
0.00155371173828125,0.005855121815120435,0.13952013448818903,6.640625,4
0.001282144745234375,0.004263504859139523,0.10214935086614173,3.515625,4
-0.000127041191015625,0.0026170080949520745,0.06488740690551183,3.125,4
-0.00019513653609375,0.0023677666638893414,0.061142539606299215,4.6875,4
-0.00014338544851562497,0.0029258382340045888,0.07581437769291338,0.390625,4
-0.000253550787890625,0.0025775839501416893,0.07566243871653543,5.078125,4
0.00027217972890625,0.0025029354347530087,0.08554109950393701,4.6875,4
4.39672961718749e-05,0.0038607302699322317,0.10103735574803151,6.25,4
-0.0008830063427656248,0.004165176661738803,0.10858768830708661,4.6875,4
-0.00034097724674999995,0.003132696732756567,0.09087357948031495,0.390625,4
0.00044610216976562493,0.002965987307824003,0.08458740971653542,4.296875,4
9.091161875000517e-07,0.002955631777113203,0.08814022099606297,4.296875,4
0.0003370677254375,0.0022650344911228633,0.07342049742047245,5.078125,4
0.000180266745578125,0.002377403034659574,0.06645819267244096,0.78125,4
-0.00016678458203125003,0.005580107532712155,0.11575484440944882,9.375,4
0.001741428581640625,0.007497987012289727,0.1576937374409449,0.390625,4
-0.0015324910934375001,0.002935625761617896,0.08600467547244096,2.734375,4
0.00027095358078125,0.0025431353804073065,0.070047977007874,0.390625,4
-2.0874946953124954e-05,0.002805355252058726,0.07433908598425196,0.390625,4
-0.0008525767034374999,0.002778069310420688,0.07972124125984252,3.90625,4
-0.0003200591389296875,0.002514118191750643,0.07054111134094489,0.390625,4
-0.0002954809707265625,0.0024309210933457963,0.06579264586850395,4.296875,4
-0.00016272385687499997,0.002752268203442089,0.0759814288976378,3.515625,4
-3.627049999999825e-07,0.0023620320591167146,0.06255931256692913,4.296875,4
-0.0006193050115625,0.001987807465166871,0.050632628181102354,3.125,4
-0.0004435315638281251,0.0023673398496736604,0.06589666848818898,5.859375,4
0.00011029264046875004,0.002163867678820904,0.07117704429921258,5.859375,4
-0.00026381529249999995,0.0022757132107971323,0.06867721450393702,3.90625,4
-2.4395356093749972e-05,0.002414170172821312,0.06249932744094488,3.90625,4
-0.00025181489687499994,0.002455643365157264,0.06699169236220473,3.515625,4
-0.011113797328125,0.08309302306228597,0.3162162913385827,0.390625,6
0.02018397158828125,0.025655044144556924,0.1091512968503937,0.390625,6
-0.007984776978046875,0.009246800986693534,0.11425002638582679,0.78125,6
-0.008956749053359376,0.01851958339594249,0.16975892035433068,0.390625,6
0.002294964535390625,0.019178393673065345,0.1403306129448819,0.390625,6
0.003353769509218749,0.008143375205843982,0.09135171182677165,0.390625,6
-0.016261934130390624,0.023926605077919782,0.12385338253543306,0.390625,6
-0.09409725760156248,0.0715711663034704,0.20224998763779528,0.390625,6
-0.1226578925,0.050164487200837354,0.26547035826771653,0.390625,6
-0.0338667983046875,0.06291250493591508,0.2797198511811023,0.390625,6
-0.00015975537499999973,0.035502915143080745,0.26101527480314957,0.390625,6
-0.01362075841359375,0.021591404105085435,0.2093954109448819,0.390625,6
-0.01263444632765625,0.009791750864597142,0.14921616330708665,0.390625,6
-0.01093488969765625,0.011045565554748242,0.19643348543307085,0.390625,6
-0.006864975089843749,0.01891483212914637,0.23044056299212595,0.390625,6
0.00777714907421875,0.02511673906821176,0.19090355511811027,0.390625,6
0.041180360388281254,0.019264341462740083,0.18130839055118114,0.390625,6
0.054877839765625006,0.010185244744015762,0.20125586220472444,0.78125,6
0.035266653839062495,0.019988160204157134,0.18893024228346464,0.390625,6
0.036275553214062506,0.0219824439331583,0.1711870808661417,0.390625,6
0.05898663453125,0.012226046462595164,0.18113555905511813,1.171875,6
-0.05903195478984376,0.09513884845788947,0.4533330950393701,0.390625,6
0.00958870167578125,0.019804106245718222,0.32774601669291337,0.390625,6
0.0253081725046875,0.01785244244116523,0.23317878425196853,0.390625,6
0.0319086196875,0.011387278069104261,0.18426637322834646,0.390625,6
0.009953256250078125,0.017990148945143298,0.10359272701574802,0.390625,6
-0.005724134960546875,0.006938903834322857,0.07232822551968503,0.390625,6
-0.00225115542359375,0.004540762567956122,0.07013599818897635,0.390625,6
0.0011346096643749999,0.0040603614845506715,0.08466417897637797,3.90625,6
-0.015443449214843748,0.02679213735773292,0.14172860251968497,0.390625,6
-0.0793629112171875,0.054764936960213964,0.23206745393700784,0.390625,6
-0.07935954275234376,0.052507802560497266,0.22911372283464565,0.390625,6
-0.014001654090625,0.023014339614888267,0.1530145514173228,0.390625,6
0.0010961097546875,0.009257758559292357,0.17357436015748035,0.390625,6
-0.00243575884375,0.013579696697072196,0.2877103315748031,0.390625,6
-0.01538026775703125,0.018281945836709803,0.2881124972440946,0.390625,6
-0.014878448675781251,0.016128237974901448,0.19176144629921263,0.390625,6
-0.001548987000546875,0.007907867954071677,0.15365918944881887,0.390625,6
-0.00333736567109375,0.0074020138073442815,0.14412961866141732,0.390625,6
0.0037723910253125003,0.011748796407844443,0.2134761236456693,0.390625,6
-0.009059748414062499,0.11622616932869038,1.9588760102362206,1.5625,1
0.0012364520312499981,0.1338949225309492,2.1661698519685038,1.5625,1
0.0012833814765624996,0.13167938085428935,2.1391185724409447,1.5625,1
-0.0004389244531250013,0.1257560314805015,2.109782366141733,1.5625,1
0.0031069218749999994,0.1191400315918068,1.8822538007874012,1.5625,1
0.0020043975937499986,0.11260517382282328,1.8863030165354333,1.5625,1
-0.00691553415625,0.0953617947515438,1.584382279527559,1.171875,1
-0.0024351013046875003,0.09797611316817341,1.485966843307087,1.171875,1
0.012559592281249999,0.11653086771828255,1.9438017251968507,1.5625,1
0.0091541599296875,0.11850492624253095,2.0113967952755907,1.5625,1
0.003279416054687503,0.1198499530004525,2.0098424015748035,1.5625,1
0.003373583562500001,0.12206347808493377,1.996959956692913,1.5625,1
0.0014868415781249984,0.12760786633443216,2.0938906535433075,1.5625,1
-0.001772056468749999,0.1371364397382882,2.1715530740157485,1.5625,1
-0.004151171400000004,0.1297591266849655,2.083558593700787,1.5625,1
0.0003307387734375023,0.12601295224435705,2.165589218897638,1.5625,1
-0.0006512545374999998,0.13309172630052743,1.964825049606299,1.5625,1
-0.0104023547265625,0.12363219729053115,1.915954870866142,1.5625,1
-0.009627051835937497,0.12222697685227037,2.1333553102362197,1.5625,1
0.002436627687500001,0.12353139835428681,2.0315929870078735,1.5625,1
0.0034669040781249998,0.11161798246980263,2.0242900708661415,1.171875,1
0.007326483639765624,0.12960224174981227,2.434361574015748,1.5625,1
0.0002056690382031233,0.13098142508473054,2.288086818897637,1.5625,1
-0.007273798140624999,0.14043713741285788,2.416964952755906,1.5625,1
-0.013132495476562499,0.16360590837242583,2.8691667000000005,1.5625,1
-0.00496957184921875,0.1671963903355642,2.87576561496063,1.5625,1
0.007030646325000001,0.1597944802321373,2.6644689149606298,1.5625,1
0.00891390379140625,0.15290640333863226,2.4945623937007873,1.5625,1
0.0023790714843749967,0.14108356036557584,2.379326598425197,1.5625,1
0.005184842421875001,0.1415135282888786,2.4957296220472442,1.5625,1
0.0028592179953125,0.1425505228325478,2.5695725692913385,1.5625,1
-0.0033509332859374998,0.14307355241749267,2.4391094314960635,1.5625,1
-0.002175501203125,0.14755430973360387,2.3887026614173226,1.5625,1
-0.0010902059484375008,0.15046181803381814,2.484905367401575,1.5625,1
-0.0007380994937499982,0.1452477341665436,2.417835187086614,1.5625,1
-0.002998500756250001,0.12392015700137023,2.065382031496063,1.5625,1
0.0015969601351562507,0.11565945502463836,1.7319172022834646,1.5625,1
0.00027912186171875214,0.12304583761393048,1.8020351077952756,1.5625,1
0.005711313257031249,0.2873248036364231,3.5474018881889764,1.5625,3
0.027419455171875,0.30639984336998255,3.994684573228347,1.5625,3
0.008748771773437497,0.2887924276318232,3.8957968346456693,1.5625,3
-0.020222381703125,0.27433883041545915,3.5657600393700783,1.5625,3
0.022053160007812503,0.3047466626746731,3.4804799370078743,1.5625,3
-0.0002372137757812513,0.27222126943066327,3.167628670629921,1.5625,3
-0.00844618780703125,0.25908993473784886,3.1670876312598426,1.5625,3
0.025922377171874997,0.29441199009593416,3.547573688976378,1.5625,3
0.0037849422578125,0.28250402842626376,3.391136708661418,1.5625,3
0.023811890750000002,0.23679001544641254,2.5151430157480323,1.5625,3
0.007935272437500002,0.2511627745143385,2.7759212204724415,1.5625,3
0.004568612015625006,0.25324275882342373,3.232417706299212,1.5625,3
-0.003204426523437501,0.24654747651527095,3.0526163889763778,1.5625,3
-0.0011154743984375035,0.24767583584941003,2.805393653543306,1.5625,3
-0.0171674957734375,0.24276706864471542,3.0842482070866137,1.5625,3
-0.026942440406249997,0.24341427141672134,3.096718728346457,1.171875,3
0.0030454639140625015,0.2602620174486922,3.2916808976377947,1.5625,3
0.010548327098437503,0.26626019172517706,3.436732307086614,1.5625,3
0.027051219109375,0.24406224005084828,2.481364777165355,1.5625,3
0.009178212296874998,0.23761542506634653,2.8066188440944884,1.5625,3
0.0140070119296875,0.2411019776941998,2.91613834488189,1.5625,3
-0.021233742070312502,0.2205119744055776,2.4963933,1.171875,3
-0.029872505,0.2248296054121005,2.517174779527559,1.5625,3
0.011894374609374998,0.2462370158378412,3.0028297480314956,1.5625,3
0.0185516784140625,0.23994635140228912,2.9217288267716524,1.5625,3
0.010497887546875001,0.24866170487900116,2.729027449606299,1.5625,3
0.0077741305234375006,0.2572652271122355,2.83701261496063,1.5625,3
-0.0037645827109375005,0.25742209732510357,2.744849763779528,1.5625,3
-0.03404167026562499,0.1670215852842208,1.8154142952755905,1.171875,2
0.0034961343046874985,0.19438959057446265,2.133913208661417,1.5625,2
0.005817571453124998,0.20790595361084052,2.3538559133858254,1.5625,2
0.003410397578125001,0.19601769663726848,2.229964511811023,1.171875,2
-0.013251078718750002,0.18483095540987668,2.0074542842519687,1.5625,2
0.0028289054296874996,0.18998866135061934,2.139455731496063,1.5625,2
0.03021504375,0.18547149717550587,2.2564318905511813,1.171875,2
0.0034671420078124997,0.18508664992559368,2.0835768740157476,1.5625,2
-0.0277917495390625,0.16925739666671916,1.8639949330708658,1.5625,2
-0.017815236925,0.1733173530819692,1.8532498976377951,1.5625,2
0.007937556171875,0.20723970250139248,2.3756382834645673,1.5625,2
0.004274581007812498,0.21539062047427446,2.4603528031496062,1.5625,2
0.0056945813046875,0.20379961768215824,2.406201579527559,1.5625,2
-0.023898339638281252,0.17185669809131443,2.180813053543307,1.171875,2
-0.02027854731796875,0.1741105552061976,2.1781568976377947,1.5625,2
0.0089728550625,0.19133445785637293,2.0039850196850395,1.171875,2
-0.0028311640546875,0.18047385644529695,1.8581664181102364,1.171875,2
-0.005604261546875,0.17844241480984832,1.9127497999999996,1.171875,2
0.02307962075,0.17827059342861892,1.9484411968503936,1.171875,2
0.009536805859375,0.1728980159755351,2.007907481889764,1.171875,2
0.01493857420546875,0.19223793435478287,2.292523201338583,1.5625,2
0.006982013165624999,0.20158307415461718,2.336670394251969,1.5625,2
-0.007342431265625001,0.19500082731216895,2.1631885590551176,1.5625,2
-0.021727053765625,0.1822084579224209,2.248415594488189,1.5625,2
-0.013752415390625,0.19053219833840587,2.3681465196850393,1.5625,2
0.0054770744140625,0.19954089743243628,2.394884001574803,1.5625,2
0.010460986935937501,0.1910913446395213,2.3608774014173224,1.171875,2
-0.004028812462499998,0.19470756854730903,2.2802784667716542,1.5625,2
-0.0154833398984375,0.181230026626144,1.944727562992126,1.5625,2
0.006788854492187503,0.16745546843504103,1.788184771653543,1.5625,2
-0.001129835481015624,0.017306503102734336,0.3810692375354331,0.78125,5
0.001481453798671875,0.0028084583166411246,0.08843975029133859,0.390625,5
0.0015507329051640626,0.0025746746168413717,0.06716913682716537,1.171875,5
0.0008795774402421874,0.0024070748078816634,0.06262152911023622,1.171875,5
0.0007744537780468751,0.002282745287342533,0.06810172298425195,2.34375,5
0.0006895981125,0.0019593812601389655,0.063825782007874,7.421875,5
0.00053438525625,0.006649503359929372,0.15456196070866143,3.90625,5
-0.0004055608343750004,0.007935664856441888,0.21902255740157478,5.46875,5
8.95942070312501e-05,0.005215929063784878,0.15049041826771653,5.859375,5
0.0007503960766406249,0.0028150294362611077,0.0946877731496063,6.25,5
0.00020307151828124998,0.001666153785059101,0.05671263548818898,1.953125,5
0.00034698039984375,0.0018274462165772986,0.045252961433070865,1.5625,5
6.555559033593751e-05,0.002295632360972487,0.06231940334251968,1.5625,5
-0.00012249855872656246,0.003063482030333062,0.07880341945669289,1.5625,5
-0.00018404505492187505,0.0028860733192696783,0.0686690601653543,1.171875,5
-0.000214676344140625,0.0019044789421488201,0.06168073618897636,0.78125,5
4.207990385937503e-05,0.001981951948863598,0.06500855022834647,2.34375,5
-0.00016869001439062496,0.004710022007796685,0.10901669687401573,3.125,5
-0.000796789540515625,0.004949338001441495,0.12524446653543306,4.6875,5
0.0002880319744531251,0.003026759737310358,0.07635935560629922,0.390625,5
0.00109921464171875,0.0023655216686157927,0.05923906111811024,0.390625,5
7.772911789062498e-05,0.0025046931897091994,0.0723435657480315,1.171875,5
-0.0005899827442109375,0.002386629941205577,0.0773036421417323,2.734375,5
-0.0010582152104609375,0.0022582208123616957,0.06515499438582675,2.34375,5
0.012010780128437499,0.008233823337127738,0.08728212877165353,0.390625,5
0.0022392075846875002,0.00619797603126463,0.060697406999999995,0.390625,5
-0.000772017329375,0.002355722625914832,0.05556264583464566,0.390625,5
0.00043050796693749996,0.0019085027935946096,0.056343961297637794,4.296875,5
6.492677256250001e-05,0.002004139952677258,0.05966885294330709,4.296875,5
-6.067921828125004e-05,0.0019296341071683328,0.06078773791338581,4.296875,5
0.000325354497265625,0.0018804250059267964,0.06251131195275592,4.6875,5
0.00023594504225000004,0.002032000661144428,0.06384143733700788,5.078125,5
2.806797178124998e-05,0.001833670670080344,0.05402314848661417,5.46875,5
-9.037309e-05,0.0016385176782619285,0.04702474774803149,1.953125,5
0.00031125582402343746,0.0019057484626411533,0.05490106131889764,3.515625,5
0.00019362989446093754,0.0021015858979301105,0.06785228368110237,3.90625,5
-0.00027185626339062496,0.0022355723358808547,0.07084159515748031,3.90625,5
-1.70984425e-05,0.0019982463317665274,0.06237834767716534,3.515625,5
-0.023733897765625,0.011153904041788317,0.10988105196850394,0.78125,4
-0.0788683361875,0.08244650956221147,0.21826520708661415,0.390625,4
-0.14224410476562502,0.07299743470286447,0.40073202362204724,0.390625,4
-0.063306531875,0.09562461895144365,0.28277101496062995,0.390625,4
0.0098892882890625,0.016538845620686853,0.1000456948031496,0.390625,4
-0.0009143051805781248,0.0056814054064935485,0.08355655816062992,0.390625,4
-0.000753042038390625,0.004807720030366268,0.08808428253070867,0.78125,4
0.0014358525825781251,0.00480680958142985,0.07764173460629922,0.390625,4
0.00024147970039062504,0.004083343891521403,0.06831412480314963,0.390625,4
-0.0004841707439062499,0.0037546711732918073,0.07392930088188976,0.390625,4
0.00048467030234374995,0.0035362464690652643,0.06951517377952757,0.78125,4
-0.0014723934937499999,0.002640363786958654,0.05689428275590551,0.390625,4
0.00014694939210937495,0.004075600284600446,0.055641749850393704,0.390625,4
0.000568992274828125,0.004312973996500691,0.06883574285196849,0.390625,4
0.00032545916951562506,0.004064648558973257,0.07935803205669291,0.390625,4
0.00042071772351562516,0.0035087135232111802,0.07105116812598425,0.390625,4
-0.0005039596851562501,0.0038933532717396187,0.06494085537007874,0.390625,4
0.0005452820960078126,0.005298705994458528,0.06085509040236219,0.390625,4
0.0011854052801484375,0.005139869146477986,0.05858299185905511,0.78125,4
0.00236444879765625,0.003762163156541848,0.06583789509448819,0.78125,4
0.00021117919117187507,0.0038136047633020075,0.07239163627559052,0.390625,4
-0.0032297944648437497,0.012098289401949989,0.06558420614173227,0.390625,4
0.0009743982825000001,0.0048526869171742724,0.06291266564566929,0.390625,4
-0.0016239218056249998,0.0031595774125711936,0.057747446661417325,0.390625,4
-0.0014784178884374999,0.0028995143670114,0.07189508696062993,0.390625,4
-0.002062456815859375,0.002943447759531576,0.0817414292913386,3.90625,4
-0.000600926815390625,0.0029553323216113918,0.06340095828346456,0.390625,4
-0.00032261855234375,0.002660037772650438,0.06671420157480314,1.171875,4
-0.0007475246565625,0.002927054997420889,0.08292034714960629,3.515625,4
5.4378467031249936e-05,0.0028223787431976,0.07284720470866142,0.390625,4
3.2022819218750006e-05,0.002441426552776025,0.06316614881889765,0.390625,4
-8.036323812499999e-05,0.0021576263729063245,0.06157665954330708,1.953125,4
0.00027214612249999996,0.0018610197242338888,0.05583086377952756,6.25,4
2.7736801249999963e-05,0.0020242008303097206,0.061491086488188976,4.6875,4
0.00044361997171875003,0.0028082918755098015,0.07495262911811024,1.171875,4
0.0023289885275,0.0036752299477885524,0.08507293018897635,0.390625,4
0.001964531249765625,0.003483917997115733,0.07999130842519686,2.734375,4
0.0005919306411718749,0.0022026347915421276,0.05775493503937008,0.78125,4
3.5261273124999966e-05,0.002264960096259934,0.06057502421259842,3.90625,4
-0.00043367022500000006,0.0021516856815560394,0.05868599192913387,3.515625,4
-0.0004043527157031251,0.002401103306057069,0.05964608629921259,3.515625,4
-8.702511671874998e-05,0.002554407899642236,0.07332460992125986,0.78125,4
-0.0001740056359375,0.0022009306324626875,0.0731279294094488,0.390625,4
-0.00021589760289062495,0.0022379279876084727,0.07348416511811023,0.390625,4
-0.056958025021875,0.11642219052764124,0.29854278779527554,0.390625,6
0.009608842192187501,0.01591560888475398,0.09393750992125983,0.390625,6
-0.005027540635937499,0.006291117850405877,0.09391316653543309,0.390625,6
-0.00260799071090625,0.006558691973271662,0.09138648601889764,0.78125,6
0.00190940291409375,0.006615765546323923,0.09277005920787403,0.390625,6
0.0002133722156249999,0.007335611480865935,0.10353874377952754,0.390625,6
-0.00051216449734375,0.007249710954271777,0.10653094354330707,0.390625,6
5.5652727117187425e-05,0.005364951183703873,0.09866651246535435,0.390625,6
-0.0015966868842109375,0.0031090448575230973,0.08748243096929136,3.125,6
-0.004044564910234375,0.0042855153050364025,0.067132018503937,0.390625,6
0.0017845186953125,0.00994128412803922,0.07010135669291338,0.390625,6
0.00784551848046875,0.0063878180328685455,0.09516704598425195,0.390625,6
0.0005917478378125003,0.006709437615758692,0.10932246448818897,0.390625,6
-0.0018766539701562499,0.0038837195719813628,0.0988073820472441,0.390625,6
6.617888070312503e-05,0.003482700311220043,0.09097358476377951,0.390625,6
0.00062868309359375,0.0047494832246051675,0.09053612814960628,0.390625,6
0.0011233252076562502,0.006533380658227516,0.0925333627007874,0.390625,6
-0.048464060866406256,0.12848943605118307,0.32784828661417315,0.390625,6
0.015958432796484373,0.020300818630967478,0.1104215523622047,0.390625,6
-0.004159172984765625,0.005983193703213343,0.08874526574803149,0.78125,6
-0.0009834754960937502,0.006023008121426508,0.08144272763779527,0.390625,6
0.0016936241920312498,0.004361638777699551,0.09517764888188975,0.390625,6
-0.0011283293976562501,0.0031987914454413473,0.09991831149606302,3.515625,6
-0.001682080860546875,0.002781617961585529,0.0834716861574803,3.125,6
-0.0020685564260625,0.0032784818716537255,0.10269983582677164,3.125,6
-0.0018289016494999998,0.003206429079646511,0.09911067702362204,1.171875,6
0.004129837043203125,0.0071553617595449545,0.08157637277165353,0.390625,6
0.0025251275363984372,0.009825048190640402,0.09438485272362206,0.390625,6
-0.0005486385495390624,0.00792079696462755,0.08807095839291339,0.390625,6
-0.0010190702007812499,0.007069778220666867,0.09269687318897638,0.390625,6
0.000340228231796875,0.00809384250994972,0.10742992889763779,0.390625,6
0.0011477352452343751,0.008319078710148146,0.10532379577559055,0.390625,6
-0.00408712487015625,0.007637286171301241,0.09712806300787401,0.390625,6
-0.0028319435460937496,0.010426751018144937,0.08469052354330708,0.390625,6
0.0016279224289062495,0.1478155045455406,2.5990047496062987,1.5625,1
-0.0004533166015625034,0.17565148508770048,3.2630767744094484,1.5625,1
0.004478258015625,0.18621862781829715,3.377732314173228,1.5625,1
-0.000910113603906252,0.189992971128168,3.420000512992126,1.5625,1
-0.0016983771664062473,0.20215313781686514,3.64681185511811,1.5625,1
-0.01071309173125,0.2090347555960321,3.6488304611023628,1.5625,1
-0.012811669501562505,0.21665000375610846,3.681451405984252,1.5625,1
0.008691420846875002,0.2346093437504365,4.012857724409448,1.5625,1
0.012572105343750004,0.22850884332859597,3.8307405354330704,1.5625,1
-0.012579617101562498,0.2217601577882686,3.9477842874015745,1.5625,1
-0.014754677554687495,0.22615698934654116,3.960053283464567,1.5625,1
0.0021440321015624986,0.22898321824357404,3.55400937007874,1.953125,1
0.026309559421875,0.24145928375097436,3.666076971259842,1.5625,1
0.004423899296874995,0.24292192660645048,3.8407408818897633,1.953125,1
-0.022441403367187498,0.2149272222836755,3.2666769370078734,1.5625,1
-0.004256454562500001,0.18364196954786352,3.278583518110236,1.5625,1
0.015952205757812497,0.21717766713074305,3.9998591999999995,1.5625,1
0.008242136617187493,0.2462917927154128,4.142481755905512,1.5625,1
-0.012694529734374998,0.2613077175223382,4.199128582677166,1.953125,1
-0.002036811304687504,0.268001842777573,4.621687866141731,1.953125,1
0.02277774078125,0.2743062098472535,4.297996838582679,1.953125,1
-0.008467652734375001,0.2975031153136854,4.451882905511811,1.953125,1
-0.013289518890624998,0.2963274373238997,4.870149779527559,1.953125,1
0.013897962351562498,0.28057901069731656,4.86582140551181,1.953125,1
-0.017025921117187502,0.28668801596372406,4.708608204724409,1.953125,1
-0.013199029960937496,0.267491540015785,4.182357858267715,1.953125,1
0.0282571967734375,0.24338214364243937,4.03682696062992,1.953125,1
0.010692565896093756,0.24400375757977608,3.850371393700787,1.953125,1
0.005069833898437502,0.32866990485553205,4.041614527559055,1.5625,3
-0.005703619507812497,0.3656237113125259,5.013168763779526,1.5625,3
0.024968299765625,0.3844756185871439,5.193859299212599,1.5625,3
0.028403149453125,0.38317739733644746,4.684272354330709,1.5625,3
-0.0026484541718750023,0.38419078072079194,5.100633976377952,1.5625,3
-0.0043520697265624995,0.37570635748597697,5.193766606299212,1.5625,3
-0.022204609304687505,0.37346586094948786,4.6602546456692915,1.953125,3
-0.0058668700000000015,0.4292009679747241,5.1823798031496064,1.953125,3
7.220015625000048e-06,0.384434278490847,5.097665295275592,1.5625,3
-0.033823726390624996,0.41397793219099327,4.967393543307086,1.5625,3
-0.008893304687499999,0.4091174921819664,5.267969834645668,1.5625,3
-0.0015869929062499975,0.39320590197947775,5.4820125433070865,1.5625,3
0.0102396018203125,0.40723566717089105,5.627063614173229,1.5625,3
-0.0028325528828125005,0.3821914228056706,5.241833066929131,1.5625,3
0.0121361110625,0.39493607499142475,5.53189396062992,1.5625,3
0.02598571484375,0.4339224579447112,6.103008070866141,1.953125,3
0.014588349234374997,0.3661570774423367,4.787822381889764,1.5625,3
-0.0115069634375,0.37356455634203545,4.578834314960631,1.5625,3
-0.006830298124999997,0.35036033885456924,4.1623039842519685,1.5625,3
0.003149065312500001,0.34499210176578665,4.420353228346458,1.5625,3
-0.006232677421875001,0.3404697937894983,4.787147417322834,1.5625,3
-0.0024633014062500035,0.35393851209524235,5.00117040944882,1.5625,3
-0.007371834765624996,0.3782536480336927,5.119515330708661,1.5625,3
-0.02219509703125,0.3840679719716115,4.962581125984252,1.5625,3
-0.006491950859374996,0.38897980985376734,5.449117141732283,1.5625,3
0.010821007757812499,0.23865196018321494,3.3367950834645668,1.5625,2
-0.0037966564867187485,0.2619832983415176,3.34551424503937,1.5625,2
-0.02342003693359375,0.23754567465657012,3.458049953700787,1.5625,2
-0.019576186173437496,0.2333688198129846,3.575369774015748,1.171875,2
0.01478426875078125,0.24606509004939048,3.6537702503937006,1.5625,2
0.00772657913359375,0.24854379113196015,3.6031008456692915,1.5625,2
4.9179093750001575e-05,0.2557187049626719,3.3150539976377953,1.5625,2
-0.0027945305179687494,0.24970461381320277,3.130666930708661,1.5625,2
-0.012555403385937499,0.2515511073390681,3.2636263052755905,1.5625,2
-0.002295467430468748,0.26824329867154784,3.726668324173228,1.5625,2
-0.019798624546875,0.3041464847151886,4.5159905606299215,1.5625,2
-0.004664386562500002,0.300302930281501,4.552641983464567,1.5625,2
0.003374998800000001,0.2773545141389012,4.161277283464567,1.5625,2
-0.0007159064968750009,0.26528927135745406,3.8485756559055115,1.5625,2
-0.0008446150156249982,0.27698044774375175,4.1356720259842525,1.5625,2
0.0105926611171875,0.27437933148136867,3.9388023913385823,1.5625,2
0.012683307257812502,0.26988487694917784,3.6404646944881884,1.5625,2
-0.0034059063906249987,0.2887139300042423,4.1327599606299215,1.5625,2
-0.01603719318828125,0.287324118871845,4.314204929921258,1.5625,2
-0.0025710361554687517,0.2756353175352217,3.368720994488189,1.5625,2
-0.0130882588203125,0.28460898574948185,3.9358035062992123,1.5625,2
-0.004082116478125,0.26037862486731184,3.8008097222047237,1.5625,2
0.030811236615625,0.24715868272798752,3.7250998796850396,1.5625,2
0.011650753453125,0.26293954538706055,3.8360662362204723,1.5625,2
-0.005152873277343747,0.2495263112990662,3.484538266141732,1.5625,2
0.00010093795703124998,0.2581562902933655,3.7901682149606297,1.5625,2
-0.004905757367187503,0.27617322818884826,3.9542496535433074,1.5625,2
-0.007074888039062499,0.2889701300884851,4.048842601574803,1.5625,2
0.0020779056328125004,0.01400645658861415,0.3689508486614173,7.8125,5
-0.0004616326965781249,0.0037495206154195973,0.11612361155748031,6.640625,5
0.0003631195673125,0.0026931470424167298,0.0789762794015748,0.390625,5
0.0003968353872890625,0.0024768609945835696,0.07610299792677164,1.5625,5
1.451072378906252e-05,0.002525143459527028,0.07929031772047244,5.46875,5
-0.00015504267812499998,0.002136640739100827,0.06684621696850394,4.296875,5
-0.00024853486953125,0.001985965245318856,0.05994592582677165,4.6875,5
4.557249743750001e-05,0.002185560352247924,0.059179832362204726,1.171875,5
8.542876071875002e-05,0.0023910130436157113,0.06554084488188974,5.46875,5
0.00013926434062499997,0.0023754731856150163,0.06765771031496062,0.390625,5
-5.983447617187499e-05,0.002092267526677311,0.06495943232283466,4.6875,5
-0.00021473393601562497,0.002142807000796209,0.07257315696850394,6.25,5
0.000505768003515625,0.0023919222325155033,0.07950112874015747,9.375,5
0.00043302486499999997,0.004430448529433147,0.13484264788188974,3.90625,5
-0.00071885020515625,0.004496175575941813,0.13689318268503936,5.46875,5
-0.00039333488890625,0.002511372301834404,0.07174266503937009,0.390625,5
0.00023088980078124998,0.001760085995403326,0.05556523385826771,0.78125,5
-2.7142410078124986e-05,0.002164368898930208,0.06637143000000001,1.953125,5
-0.00027358876484375003,0.003275781265267425,0.09886909318897638,7.03125,5
0.030461471497890625,0.026113409280161683,0.10097344816535432,0.390625,5
0.0020082355114062495,0.00919714682284774,0.10354518489763781,0.390625,5
-0.001800225578671875,0.003387696788408329,0.10054591956692914,0.78125,5
0.0005955336143984376,0.0038719933656903077,0.09097308196850397,0.390625,5
0.0012721113593203125,0.004688408508469869,0.12819574622047242,5.859375,5
1.3889378828124959e-05,0.003772628944009773,0.10663225014173228,5.859375,5
-0.00012892694414062502,0.0021185273984751863,0.06776290296850394,0.78125,5
-0.00017624257242187505,0.0022463093167500387,0.06576375219685042,0.390625,5
-0.00021276777210937502,0.00191065230340723,0.05961750496062992,1.953125,5
0.0006241185197656251,0.0015774323518183227,0.05507965746456693,0.390625,5
0.00043941488084375,0.001730764296651617,0.06100079259212598,0.390625,5
-0.00029271321962500004,0.0046039855540045685,0.10557967053700788,5.46875,5
0.00034762886937500005,0.004843359428759453,0.11703439314173229,3.515625,5
0.00048045116609375,0.0029268253736488337,0.09345818997637795,3.90625,5
-0.0002473767865625,0.0030324400473198078,0.08965630629921259,4.296875,5
5.3548337265624983e-05,0.0025579702071541434,0.07518334503937008,0.390625,5
0.00014880405718750004,0.002136796579365257,0.06249231771653543,0.390625,5
-0.037173973466406246,0.04118937344831261,0.10323280267716534,0.390625,4
0.00110357527734375,0.008756884854915659,0.07595080811023622,0.390625,4
0.0021527530428125,0.0036138113437127342,0.07238140880314961,0.78125,4
0.00142755504984375,0.004241391220610954,0.08119073797637794,1.171875,4
2.9740164218750113e-05,0.0050465812548906005,0.08862624283464568,0.78125,4
-0.0011442891054687498,0.003977981529938797,0.0926163082913386,0.390625,4
0.0005162717814062499,0.003179939160151105,0.0838563888897638,0.390625,4
0.0008770443265625001,0.00306913792082002,0.06330083902362203,0.390625,4
0.00025815471664062507,0.002895311930956992,0.05675718566929133,0.390625,4
0.000193773914609375,0.0033627214779994056,0.06745895047244094,0.390625,4
0.00025221864261875,0.0033957156507543325,0.06464149435055118,0.390625,4
0.0006557742021500001,0.002743442866799614,0.0650806167048819,0.78125,4
-0.000155812231484375,0.0027238997047569474,0.06965480793307088,0.78125,4
-0.0007427602522656249,0.0024178443831732476,0.07499545927559056,0.78125,4
-0.00044027996640624996,0.0022652682020851294,0.0767015968976378,7.8125,4
-0.000306586209921875,0.0023469161724812204,0.06785028854330706,0.78125,4
0.021855008417187502,0.04204447928920056,0.14984183110236218,0.390625,4
-0.00296121447265625,0.0045883445871097725,0.08876229834645669,0.390625,4
0.0008567899907031251,0.002751505714350779,0.07863295728346457,4.296875,4
0.00011057315031249995,0.0026144078585067882,0.06231352047244094,0.390625,4
-0.0006796127356249999,0.0022918191447071547,0.06312089767716535,4.296875,4
-0.0005721202725781251,0.0024317737895461267,0.07046846523622047,2.34375,4
-0.0010500402921875,0.0024471788523580513,0.0774013096456693,2.34375,4
0.0018730360703125002,0.0038876465771762046,0.0765311627559055,0.390625,4
0.00149889425,0.0045200625897948085,0.06714849440944881,0.390625,4
-0.002651235922445313,0.0033172906185253543,0.0694220317031496,0.390625,4
0.0006656656423984375,0.005239968469579302,0.07386234422283462,0.390625,4
0.0015619016343749999,0.004503989381253002,0.06833799122834647,0.390625,4
0.0019217251539843747,0.005260145313845463,0.09136543351181102,0.390625,4
0.003883428351640625,0.004859138542005506,0.10572658078740156,0.390625,4
-0.0004973904299999999,0.005096691668702483,0.08930299267716534,0.78125,4
-0.00472204637375,0.003776076351667054,0.08125380098425196,0.390625,4
-0.001864083603125,0.00520577309889415,0.07872923842519686,0.390625,4
0.001712446067,0.0031251024692648746,0.09194487511811025,0.78125,4
-0.034992039296875,0.1074342583859122,0.26711392047244087,0.390625,6
0.012822996175390625,0.019316801064715165,0.0942947908661417,0.390625,6
-0.0036482438886718746,0.005239291217273971,0.08343038125984253,0.390625,6
0.00039253140156249994,0.00553258456466145,0.0742826462992126,0.390625,6
-0.0003622849000000001,0.006077749074693757,0.08603969291338583,0.390625,6
-0.0021540276,0.004289064161169691,0.07517104165354332,0.390625,6
0.00085397942015625,0.0036999653509448512,0.08404946889763779,0.390625,6
0.0018223919607812502,0.003472712525183516,0.09565627314960629,3.515625,6
0.0012086697633593752,0.0033354674430633646,0.08677561802362206,0.390625,6
-4.6269620546874953e-05,0.0027115960304154793,0.07375942837795273,3.125,6
0.00030539555203125,0.004131641190058958,0.08832547417322834,0.390625,6
-0.000628626659375,0.004608006640134845,0.10064741826771652,0.390625,6
-0.0022677771015625,0.003711538189429013,0.10687138401574804,4.296875,6
0.001631111665625,0.005597838300444505,0.09669105322834644,0.390625,6
0.0025310082003125,0.004669061485006625,0.07759017081889763,0.390625,6
-0.0005884104914765624,0.002964965149040509,0.07730401436220473,0.390625,6
0.0029507839894609375,0.005054627585719397,0.07223229574803151,0.390625,6
0.0030377592171875,0.00570687309037279,0.09143586913385827,0.390625,6
-0.00159661749640625,0.004063626036725238,0.09868918322834647,3.515625,6
0.009009515348203125,0.062250248223999605,0.1815610278740157,0.390625,6
0.0111114025371875,0.024373399813890022,0.08511925984251968,0.390625,6
-0.004939485087968751,0.006229105943588564,0.07244649845669292,0.390625,6
0.00020854314585937503,0.0029825461998257323,0.07729918275590554,0.390625,6
0.00109197494959375,0.003448472282460449,0.06573335941732283,0.390625,6
0.002835777322875,0.00379726782740198,0.0650780346062992,0.390625,6
-0.0009006878015625001,0.005765425719673214,0.05878403543307086,0.390625,6
-0.00399428585078125,0.003304557669869242,0.06071583307086613,0.390625,6
0.00041448760382812504,0.0040797653673756195,0.06414768668503935,0.390625,6
0.0021543296221875,0.004477580188674062,0.07568013133070867,3.515625,6
0.00171887441,0.004509112582827065,0.08995610921259845,3.515625,6
-0.000898729190859375,0.004915788515766122,0.08968730451968503,0.390625,6
-0.00034090379304687485,0.005536293011107335,0.08238558007086615,0.390625,6
0.0019009954734609373,0.004383209540895463,0.08527407019685039,0.390625,6
-0.0014889598316171872,0.003877472768381156,0.0813919812992126,0.390625,6
0.00058611605859375,0.005266723483564325,0.07802740877952757,0.390625,6
-0.0003500155771875,0.005963379230111193,0.08125562807086616,0.390625,6
-0.001664303772734375,0.006396426962948593,0.07347718913385826,0.390625,6
0.00208766946390625,0.00645547710578582,0.08692157126771653,0.390625,6
0.002965131774296875,0.00552852763223886,0.0883072667007874,0.390625,6
-0.0010823478367187498,0.00635943763061384,0.07182102755905512,0.390625,6
-0.003812037725054687,0.0036085883407050295,0.06945192799212598,0.390625,6
0.0010424666875234376,0.008875591618622893,0.14305520892913384,3.125,6
0.0030562851710937526,0.17829051577811844,3.4535539244094484,1.5625,1
-0.004906464628906251,0.18445959259529457,3.419253196062991,1.5625,1
-0.006886196777343752,0.1758652420284291,2.9161324543307074,1.5625,1
-0.0023598512031250012,0.17545427080520568,2.9897446637795277,1.5625,1
-0.0007603132187500019,0.17549098402962487,3.0829510653543304,1.5625,1
0.0056348051953124985,0.1824496860523677,3.009883059055118,1.5625,1
0.011765149375000002,0.1926199064642678,3.145714976377953,1.5625,1
0.006931259546093749,0.19448365423925643,3.292920551181102,1.5625,1
-0.008345430715582816,0.1918960430437952,3.0940759291338575,1.5625,1
-0.011775677848395318,0.1826892759644576,3.136608123622047,1.5625,1
-0.007330465008593754,0.17315709110673924,3.250892769291338,1.5625,1
0.00011311799218749821,0.19245150400673894,3.6766407952755906,1.5625,1
0.014337511104687499,0.21868980940027694,4.047906975590551,1.5625,1
0.012833598828125,0.2224126369496966,4.0753862212598415,1.5625,1
-0.005672231089062493,0.2088908679971605,3.84213621023622,1.5625,1
-0.009512920944531248,0.18930469368720607,3.390862493503937,1.5625,1
-0.008765181367187501,0.1916390031335536,3.640051703543307,1.5625,1
0.011049855296875,0.21478597308183445,3.894899901574804,1.5625,1
0.0191889943359375,0.22720405726559736,4.133262783464567,1.5625,1
0.00021085609765625,0.22731928253017286,4.2293291496063,1.5625,1
-0.01550234116796875,0.21756792336928216,3.8027532944881894,1.5625,1
-0.01255807090859375,0.21491391028929302,3.8247798488188973,1.5625,1
0.006537184732031248,0.2111406328252825,3.5838657181102365,1.5625,1
0.015461234265624998,0.2067147866164589,3.4683388070866146,1.5625,1
0.010297564062499999,0.21229778329000124,3.745934590551182,1.953125,1
-0.015262555851562502,0.21773631866763626,3.7495085433070865,1.5625,1
-0.0143439875546875,0.20514911055550036,3.543976338582677,1.5625,1
0.0196651524140625,0.20404751348359235,3.77255415511811,1.5625,1
0.012240857682031252,0.1963589757394084,3.774130345669291,1.5625,1
-0.011096556544531252,0.1756617153672833,3.3594256968503937,1.5625,1
-0.006447731171874999,0.18733310414339768,3.415493675590551,1.5625,1
0.0005742147656250009,0.3414521235715769,4.206841795275591,1.5625,3
-0.008866924296874997,0.35284555879803364,4.336642409448818,1.5625,3
0.005887951718749999,0.3429428851476811,4.115245047244095,1.5625,3
0.0189356130703125,0.34298890427317,4.265128977952756,1.5625,3
0.0248864844609375,0.3376658160992525,4.298339796850395,1.5625,3
-0.015901420015625,0.29115170767622073,3.649355535433071,1.5625,3
-0.0335874858203125,0.287007971731775,3.655317503937008,1.171875,3
0.002398532042968751,0.3289998852332117,4.246374876771652,1.5625,3
-0.0006781476835937463,0.36648500336448003,4.653931018503936,1.5625,3
0.004514852890625004,0.43714048173465847,5.45107090551181,1.5625,3
0.03125793442890625,0.4556534013065632,5.59097440944882,1.5625,3
0.018358419741406253,0.39812701798408945,4.766626559055117,1.5625,3
-0.007702923984375002,0.3820790258543234,4.973307976377954,1.5625,3
-0.017004293828125003,0.40769001417332557,5.389869354330707,1.953125,3
-0.029685189453125,0.39515910943666255,4.715829401574802,1.5625,3
0.028949402109375,0.4340420553115301,5.263501425196852,1.953125,3
0.030024635703125004,0.439056272134616,5.651012677165354,1.953125,3
-0.010555420884374996,0.27371363338376126,3.843596533385827,1.5625,2
-0.006549131923437502,0.2890478257238818,4.152154826771653,1.5625,2
-0.0002388878671875025,0.282572867007005,4.33501887007874,1.5625,2
0.008824186189062501,0.27571493109242995,4.227896224409448,1.5625,2
0.0008814229781250061,0.2800792741773818,4.160386951968503,1.5625,2
0.007795803375000002,0.26164183810860514,3.891875258267717,1.5625,2
-0.007552352418750002,0.27387087288500284,4.006432982677166,1.5625,2
-0.010674335989062499,0.2970154477386447,4.820984692913386,1.5625,2
0.0028593443593749952,0.27971979234272915,4.5604084448818885,1.5625,2
-0.01134498683046875,0.297208498373559,4.21461437952756,1.5625,2
0.006592986263281248,0.2942729711208832,4.5975921535433075,1.5625,2
0.012408012687500001,0.267130350224002,3.8469800559055116,1.5625,2
-0.006196863124999999,0.23224531407662172,3.0422232669291343,1.5625,2
-0.014785407307031252,0.2351745396560281,3.276008748031496,1.5625,2
-0.005949545285234373,0.25614220700507484,3.5151327504724406,1.5625,2
0.020118793068671873,0.26581988568173953,3.7497963355118102,1.5625,2
-0.0012809303515625044,0.2709605169133663,3.810664724409449,1.5625,2
-0.008474023807812505,0.26500180970106063,3.8754187173228347,1.5625,2
0.002507592734374996,0.37448547490645645,4.676143972440945,1.5625,3
-0.016333105703125003,0.3905147222628553,5.111343433070865,1.5625,3
0.005220090078125003,0.37868808284740524,5.011196409448819,1.5625,3
-0.02176123934375,0.3860752718283206,5.038532149606299,1.5625,3
-0.004834436843750001,0.4283475998223501,5.5891171338582675,1.953125,3
0.046478683046875,0.42676177477758576,5.590462984251968,1.5625,3
0.006765466359374998,0.41305030918097313,5.352539519685039,1.5625,3
-0.02634000246875,0.404324306736786,5.110919212598425,1.953125,3
-0.014079509312499999,0.29006412514127544,4.212480027559056,1.5625,2
-0.003844387468750001,0.2692982298570104,3.7443372913385833,1.5625,2
-0.006076747343750001,0.25313952471317924,3.5331541196850402,1.5625,2
0.0013756138046874984,0.2729616265565232,3.862802118110236,1.5625,2
0.002700470070312492,0.2895052415133596,4.155118382677166,1.5625,2
-0.0011353883906249987,0.2678323349836918,3.860267738582677,1.5625,2
0.0061196024140625,0.28923432414003497,4.264525283464566,1.5625,2
0.011641751843750004,0.30925621455830227,5.098121807086613,1.5625,2
0.016243271085937497,0.29122897451087476,4.528167455905512,1.5625,2
0.00025037285664062503,0.0036622099081873197,0.10787377619685036,0.390625,5
-0.00038466030656250004,0.0028471810949472955,0.08420998854330708,0.390625,5
2.210881789062507e-05,0.003002410437100793,0.09718374961417321,1.953125,5
-5.663400765624994e-05,0.0032688509305658607,0.10749914104724408,1.953125,5
0.0004173556911718751,0.002955080536900069,0.082364068007874,4.296875,5
-8.106145546875004e-05,0.0030890564031465875,0.08078392181102362,5.078125,5
-0.00027262837546874997,0.002403845794196256,0.06707363833070865,0.78125,5
-0.0002995418520312501,0.0025922136516112132,0.07882403487401575,5.078125,5
-0.00014335842781250003,0.002798260857590254,0.08780293047244092,8.59375,5
0.0002716506013125,0.0022750203012255905,0.08045078421417322,1.953125,5
0.00019634292639062503,0.0025052370859545247,0.09256952663149606,7.421875,5
0.00053668268984375,0.0026463460914376426,0.09118937635433072,5.859375,5
-0.000429264305078125,0.005591911495956246,0.15806260937007874,5.859375,5
-0.00045193322335937506,0.005724962607805228,0.15869214134645668,3.125,5
0.000946421571953125,0.003462824310613434,0.08809423378740157,3.515625,5
-0.000341595003984375,0.003628444881324058,0.07661114125196851,3.90625,5
-0.00052202456265625,0.002768808428854825,0.06207182665354331,0.390625,5
0.00029966208515625,0.0021593812337781532,0.06167723094488189,0.390625,5
0.01486221044515625,0.02227400928611934,0.16954460096850396,0.390625,5
-0.00143275611021875,0.0037727880420436997,0.10102501638425196,0.390625,5
6.499249710937451e-06,0.002583765592663297,0.07069745258031496,0.78125,5
0.0006266068646015625,0.0023139166361167865,0.07019238691259841,2.734375,5
0.00022302251975,0.0019283646636996212,0.059636647370078746,1.5625,5
-0.00037228921921875,0.001930315214129573,0.05257481007086614,1.5625,5
4.58541903125e-05,0.0019639111778312042,0.054125648960629914,0.390625,5
0.000237789669875,0.0020801550318494005,0.06579881738818896,3.90625,5
6.962999799999999e-05,0.0021383201808951677,0.06717079345905512,5.46875,5
4.933390874999998e-05,0.0018985590708463446,0.06314372708661417,5.078125,5
-0.00028614650375,0.002130046284521244,0.05986509764173227,3.90625,5
0.000124017036484375,0.0021829614961754104,0.05623387518110236,2.734375,5
0.000132469063359375,0.002358360716649885,0.05888560940944883,2.734375,5
-0.000293160924375,0.0023001222612194813,0.062044060070866144,4.296875,5
-0.00014557593664062503,0.002108903768559995,0.06412973227559055,3.125,5
0.00020275053515624998,0.0024313973134711953,0.07267667818897637,3.90625,5
0.0002512909329765625,0.0021550432333798174,0.06682173791417322,3.515625,5
9.346957414843747e-05,0.0018520718175510833,0.05286387186692914,2.34375,5
-0.035603351396093746,0.06114320651875973,0.12223472401574807,0.390625,4
0.006278750742265625,0.009657195118489717,0.07314026842519684,0.390625,4
-0.002500527311015625,0.005201963849038656,0.07666481188976379,0.390625,4
-0.001366984065625,0.004165797881423426,0.06939956309448819,0.390625,4
0.00131054729859375,0.0023245802638679615,0.05422833907874016,0.78125,4
0.000964959711953125,0.002532554242290737,0.06481310861417322,0.78125,4
0.00031514795734375006,0.002155505221578196,0.07214353672440944,0.390625,4
-0.0008296468636718752,0.002389890675553088,0.07776110864566928,0.390625,4
-9.2333902734375e-05,0.0028824568694226535,0.07156452776377953,0.390625,4
0.00015478953757812496,0.002895221380326915,0.07196169228346457,0.390625,4
-0.0015297700031718753,0.002628432890072669,0.08896180088503938,9.375,4
-0.00102584125496875,0.00261633183580223,0.07891901603464568,0.390625,4
0.0006175720849218751,0.002917159484258212,0.07347433298425196,0.78125,4
0.00014235106507812502,0.005730927968531152,0.11508021315748031,0.390625,4
-0.0014033763717578127,0.006527792738854388,0.15637681886614174,5.46875,4
-0.0006173717883984376,0.005237841179175949,0.1334062570866142,3.515625,4
0.0010223506287734376,0.003654880146592757,0.08649509917322833,0.78125,4
-0.00047529445872656234,0.004604647882335651,0.08326343015748029,0.390625,4
0.00520580623734375,0.009032957846619092,0.10299995118110236,0.390625,4
0.0045236023645312505,0.007257295076464158,0.08512128913385829,0.390625,4
-0.001445091390703125,0.003156327094928488,0.07537734543307086,0.390625,4
-0.0003765748201562499,0.0027625782459635563,0.07393706426771654,0.390625,4
-0.00012268977671874996,0.0024806950284345436,0.07591402592913385,2.734375,4
-0.00018479570218750006,0.0026301780039622987,0.07306672359842521,4.296875,4
-0.0004046973445312499,0.002700290367626747,0.0725329798503937,4.296875,4
-0.000959576342578125,0.0031114026387873348,0.08962656166929134,4.296875,4
-0.00029763986577343747,0.0032486803977499336,0.09748871539370078,4.296875,4
-9.104458017968755e-05,0.002617706247021744,0.07119045919763779,4.296875,4
7.750637074999995e-05,0.0024336250672294833,0.057880077941732284,4.296875,4
0.00019597391218749996,0.0023373868877710068,0.06498055725196852,4.296875,4
-3.323928796875001e-05,0.00221180819872082,0.06613399689763781,4.296875,4
0.00039747721132812495,0.00199881417809593,0.0600291711496063,0.390625,4
-0.000586807732421875,0.002277980261563426,0.058232078543307086,0.390625,4
-0.0002112259946875,0.003077661184164398,0.07290689599212599,0.390625,4
6.565241484374939e-06,0.0033442503201563467,0.07761403108661419,0.390625,4
-2.7144026796874984e-05,0.0030884571317146975,0.07307162997637794,0.390625,4
-0.000129301321171875,0.002768329620614367,0.06735777606299212,0.390625,4
-0.014379124002656249,0.01939584462349048,0.2186509131968504,0.390625,6
-0.009731333593320315,0.016693529411154515,0.1744735412283465,0.390625,6
0.0009027711859765625,0.0038068773696778983,0.11847042664566926,3.515625,6
-0.00010408782390624997,0.003285011915684326,0.09700553877165355,4.296875,6
0.00024183985414062502,0.002896545904946644,0.08288121309055121,3.515625,6
-0.00013403904531249995,0.0035317501771514634,0.09784286952755904,3.125,6
-0.00019696197890625006,0.0035603766185100263,0.09904007204724409,0.390625,6
0.000540350805703125,0.0033931695599528564,0.08431090488188978,3.515625,6
-0.000662543372265625,0.003511270320463139,0.0798317283464567,3.125,6
-0.0008921965475,0.0031522590520602347,0.08069044905511809,3.125,6
-0.00025007737187500006,0.0029576831757150935,0.08535342866141732,3.125,6
-0.0004710561203125001,0.0028669196356969524,0.08266107740157479,3.125,6
-0.00015509293621093756,0.002829553695779193,0.07808113866929133,3.125,6
0.0008685147469921874,0.002867079368029801,0.0799056407559055,3.125,6
0.000557234875390625,0.0035296134985892975,0.09692957740157479,0.390625,6
-0.00017106591406250004,0.004184364165546613,0.10667391118110235,3.125,6
-0.00044787717515625,0.003833677284811956,0.09816551314960631,3.125,6
-0.006057351526796877,0.07777103107993748,0.3371378461299212,0.390625,6
0.009244793891171874,0.02424832211571422,0.09414015540944878,0.390625,6
-0.0059959868609375,0.006431852139993851,0.0997269294488189,0.390625,6
0.00016042785890624993,0.006192969262954891,0.12820618606299217,3.515625,6
-7.392249656249997e-05,0.006032636199722226,0.1315830543464567,3.515625,6
-0.001900617515234375,0.0039863922742910075,0.10097885769291337,3.125,6
-0.00076020302396875,0.0029561866450570178,0.08127383389763781,3.125,6
-1.2822865218749897e-05,0.0034095255697035847,0.09593343700787402,3.515625,6
-0.0008772383404687501,0.0036496174535242953,0.10209454086614177,3.515625,6
-0.0004589991115625,0.0035351853075111885,0.08782774092913385,3.515625,6
-0.0004656871043046875,0.003181998964363575,0.07260163805511813,3.125,6
-0.0005346785540703124,0.0036673413638387145,0.07626591062992126,3.125,6
-0.0004956196148437499,0.004166558258444266,0.08866908322834646,3.125,6
-0.00052756606125,0.0036876795446892444,0.08195277325196852,3.125,6
0.00030816511921875,0.003571400416643242,0.08177965726771654,3.125,6
0.00056476045890625,0.003488732578548413,0.09038102488188976,3.125,6
-5.380332937500004e-05,0.003380797724915383,0.09242990594488189,3.125,6
-0.00095264437078125,0.0031869003663456113,0.07776612237007874,3.90625,6
-0.0007987526801562501,0.006677270250145537,0.15540501469291343,3.125,6
-0.003176574353906253,0.20158891353563393,3.407607553779528,1.5625,1
0.0021449346460937517,0.23841550825922617,4.162937799448819,1.953125,1
-0.0048094679125,0.23560320304170448,4.037674463779528,1.953125,1
-0.001533589816406251,0.21841411034060856,3.549679236220472,1.953125,1
0.01625217784609375,0.21806227652383073,3.7781103149606294,1.953125,1
-0.012882917757812501,0.23509626155993701,4.329391744094487,1.953125,1
-0.00210688540625,0.23386975802344728,4.245957259842519,1.953125,1
0.017875383540624998,0.20829097704358704,3.90222109527559,1.953125,1
-0.0055426879984375,0.2123175662083059,3.7403396188976377,1.953125,1
-0.0105542719296875,0.20695775927851107,3.481018851968504,1.953125,1
0.004944833000000001,0.20551445539231702,3.676412076377953,1.953125,1
-0.0011268408984375002,0.2295176064222779,4.046521468503937,1.953125,1
-0.002906995835937499,0.2289336512735427,3.9375898740157482,1.953125,1
0.014395477125,0.2124755101730833,3.793513488582678,1.953125,1
0.002982236437499999,0.2090065027749269,3.7331035433070867,1.5625,1
-0.009600975296875001,0.22862332664803725,3.8769301811023626,1.953125,1
0.010785057773437502,0.2367173464317369,3.8792119133858263,1.953125,1
0.004829211234375002,0.22598335711161324,3.6895770251968503,1.953125,1
-0.019278391976562496,0.21256023592275933,3.437547484251968,1.953125,1
0.0028316697421875,0.21610704948112858,3.653479360629921,1.953125,1
0.020278741249999996,0.20837895827797215,3.827034771653543,1.953125,1
-0.012187734093749996,0.2185872213658671,3.758968677165354,1.953125,1
-0.006587904835937497,0.23293476132177154,3.827434399999999,1.953125,1
0.014600247429687501,0.22022023652153822,4.0633940905511805,1.953125,1
-0.007455787925,0.19807132712510225,3.6903942338582674,1.953125,1
-0.012060801081250001,0.18338815786272344,3.3491991173228346,1.953125,1
0.007618879234374999,0.1814104766807123,3.453403430708661,1.953125,1
0.012385151132812498,0.1986380859221661,3.545544700787402,1.953125,1
0.028045816898437503,0.4007666994540712,6.0047593755905515,1.953125,3
-0.025934393546874997,0.35162721302477656,4.86883630472441,1.953125,3
0.0160581259609375,0.36712946038210853,5.186038740157481,1.953125,3
0.008489934781250008,0.3849846335212891,5.686315598425197,1.953125,3
-0.025135375757812498,0.3578638448305602,5.245845588976378,1.5625,3
0.0143559648515625,0.3899785703309753,5.740216462992126,1.953125,3
0.013627564328124998,0.4304204080560408,6.449124354330708,1.953125,3
0.025612254609375003,0.4490293045763476,5.905317307086614,1.953125,3
-0.007377298890624998,0.401649543280931,5.092985326771654,1.953125,3
0.004343544078124997,0.4043811189469947,5.6228805826771655,1.953125,3
-0.006922884773437499,0.4305592818648841,5.973715039370078,1.953125,3
0.00043777460156250135,0.44125400835841294,5.815454889763781,1.953125,3
-0.0050966454765625,0.47273585033329385,7.537307032283464,1.953125,3
0.010339864445312503,0.47071246307513676,7.563296733070866,1.953125,3
0.010793194937499999,0.41343414933434725,6.082955145669292,1.953125,3
-0.006359543825781251,0.367783131452029,5.676251236220472,1.953125,3
0.01689489992421875,0.34981365758704713,5.819950842519685,1.5625,3
0.010667945976562499,0.37737518876796994,5.565409921259843,1.953125,3
0.002799971914062501,0.36257704915986905,5.1531098818897645,1.5625,3
-0.03174943153125,0.34129944403070855,4.644286606299214,1.5625,3
-0.0060860833281249985,0.3853249719907268,4.835080007874014,1.953125,3
0.02736825421875,0.3959722178854749,5.262380503937008,1.953125,3
0.0034150888671874973,0.2589597564300725,3.584397625984251,1.5625,2
-0.005282563226562502,0.24100779826258525,3.1040729259842523,1.5625,2
-0.00887064386328125,0.23455033273799716,3.0249504161417318,1.5625,2
-0.01598610326171875,0.2307878396267511,3.087385612204724,1.5625,2
-0.013383757335937493,0.22760701207105008,3.035019929133858,1.5625,2
0.0011417732734375005,0.22891475389470808,2.8468307692913384,1.5625,2
0.010327144625,0.23850908475887397,2.899090237007874,1.5625,2
0.007924602620312499,0.2486064048900931,2.8700604618897634,1.5625,2
-0.0185136600703125,0.24841309612338197,3.1048454874015747,1.5625,2
0.008563734781250002,0.24443600184358635,2.99033949527559,1.5625,2
0.0028912440593750017,0.23630539483739066,2.846686716535433,1.5625,2
0.002160306387499998,0.24020163225373087,3.0059661732283462,1.5625,2
0.01339113617890625,0.24327958855174264,3.1897905748031494,1.5625,2
-0.0018847361960937503,0.22892603659738014,3.081600267716535,1.5625,2
0.004101234992187501,0.24097756161269282,2.8529206062992127,1.5625,2
0.013527102992187498,0.24910034176846757,2.925291795275591,1.5625,2
-0.0015029557031249995,0.2435240578984923,3.0087785724409444,1.5625,2
-0.006430332117187499,0.2511832020495087,2.8706026692913387,1.5625,2
0.018978277796875,0.24559565095002084,2.83098129527559,1.5625,2
0.007552580343749999,0.24935405923333398,3.1767940330708657,1.5625,2
-0.0014768706796874998,0.25156458218048583,3.467452363779527,1.5625,2
-0.004783407562500001,0.23818774081262178,3.393003610236221,1.5625,2
-0.012947895101562506,0.24595348985902574,3.1887384881889753,1.5625,2
-0.004528538265625,0.26243410904768055,3.229945196062992,1.5625,2
-0.0022987577578125022,0.2387762448204571,2.812248066929133,1.5625,2
0.00115310461796875,0.008871060664861078,0.23449088929133857,3.515625,5
0.00083524552953125,0.0056527683277376554,0.16520140775590547,3.125,5
-0.00030893475703124994,0.003894722417027719,0.10031216829133857,6.640625,5
-0.000303111289375,0.002009748218381273,0.0671929843543307,1.5625,5
0.000173594165171875,0.0022996639393477215,0.0779067848031496,0.78125,5
0.0006394120469687501,0.002282283295765104,0.07315205257480313,0.390625,5
0.00016183705234374996,0.0028144510674032695,0.07863000143307085,0.390625,5
-0.00021826193703124996,0.00296957465894238,0.0864334207047244,5.078125,5
0.00014399143367187505,0.002662970507515266,0.08376190386614174,7.421875,5
-0.00023348900968750002,0.002515525057452047,0.084465624503937,6.640625,5
-9.480075101562496e-05,0.0024585414189834814,0.08445263324409448,7.03125,5
0.00051040586625,0.0026506811369627855,0.0747537565984252,1.171875,5
-4.0844027421874955e-05,0.002514739106406087,0.06708320541732282,0.390625,5
-5.304288687499999e-05,0.0025596576206795424,0.06766848985826772,0.390625,5
0.00020328553960937502,0.002747152083633002,0.06767161938582678,2.734375,5
-8.255877328125009e-05,0.002631096158795077,0.0713620983464567,1.953125,5
-0.00023610601226562496,0.0026528093185122577,0.07576865377952756,2.734375,5
-1.9719104921874993e-05,0.002562410717960621,0.08999210392913387,2.734375,5
-0.000129411392890625,0.002342906705713026,0.07783638266929134,4.296875,5
-0.00043460278800624996,0.0022533870372293784,0.06794460366141733,4.296875,5
-6.657986480312503e-05,0.0020262383191387147,0.06801800097637796,0.78125,5
1.3581995624999977e-05,0.0021143481103616272,0.0688251503070866,5.859375,5
-9.475554335937572e-06,0.0023984372666761285,0.0745098568503937,3.90625,5
-0.0003530334525390625,0.0028954438510581486,0.09160992283464564,0.390625,5
0.00022099977125000002,0.003063482390226847,0.08809845455118111,0.390625,5
0.020153238355,0.022986686568846698,0.3640444211850393,0.390625,5
0.00025067208312500033,0.011705410329188514,0.29087038700787404,2.734375,5
-0.0008220959960937497,0.018844258037593525,0.45152717952755905,2.734375,5
-0.000646675926953125,0.017556081509621835,0.36606216791338586,2.34375,5
-0.000821806340234375,0.004074113925259612,0.12857386263779527,8.59375,5
-0.00013195019601562496,0.0028342728034719184,0.09426123204724411,4.296875,5
0.00044302653914062506,0.0025727459874805548,0.09460636692913385,4.6875,5
0.0006838761703125,0.004575380488361546,0.13866371055118104,5.078125,5
0.0007924854490703125,0.005242339392963853,0.16160902118110237,4.6875,5
0.0006211993568828126,0.004720096145057403,0.16718975141732284,9.765625,5
0.00029993248343750003,0.004000650547048296,0.13531739818897637,3.515625,5
-0.00027897923179687493,0.0024964068262155943,0.08015242986614173,4.6875,5
-0.00025949808179687503,0.0026766826036486694,0.10104698106299213,8.984375,5
-0.00020922847385156253,0.0028147689883033797,0.10719628017322831,8.984375,5
3.3556409117187544e-05,0.0031435036605124327,0.12009514062992126,7.8125,5
-0.00011997803061718746,0.003673050100632007,0.1409780799614173,7.8125,5
-0.0013207078509296873,0.0064397224754212746,0.2064846403551181,8.59375,5
-0.0012776510986718748,0.0063590432183674855,0.20116066669291338,7.03125,5
-0.0003866796153906249,0.0030759339538877725,0.11323277620472441,9.375,5
-0.02969167242421875,0.036959814274712316,0.15622213755905515,0.390625,4
0.0020071247425,0.004250296359527433,0.11690972722834649,0.390625,4
0.00033361237867187506,0.0037798129243937816,0.10741825243307085,0.390625,4
-0.001908635309375,0.0026296421257474604,0.07442136431496063,0.390625,4
-0.0006661363161875001,0.002761199859150633,0.06586281744881889,0.390625,4
-9.266552946875e-05,0.0025056079153184417,0.06924251262204723,0.390625,4
-0.0010704096704671874,0.002789328280364316,0.07918244212598426,2.734375,4
0.0020560857167203125,0.0046286772030101325,0.06619052070866141,0.390625,4
0.0032370252728046874,0.0037726781754399215,0.05574749579527559,0.390625,4
0.0003377530764765625,0.0025676760831463462,0.06392073307874016,0.390625,4
-0.0006792083257968751,0.0016410729323785393,0.059965782598425194,7.03125,4
-0.0013597357043125,0.0022663496333890647,0.06718583220078739,5.859375,4
-0.0009716790452757031,0.0030300495845678225,0.0866372255758189,0.390625,4
0.0007729626574352344,0.0030400382792749934,0.08530972722936221,0.78125,4
0.000526975022703125,0.0028314965570598117,0.061935390944881895,0.390625,4
-0.00013414990930468756,0.003296861803136751,0.08158618771653543,0.390625,4
0.0041077932578125,0.012626407032490688,0.1603775613385827,0.390625,4
0.0023324793875,0.005722531543457308,0.06955412059055116,0.390625,4
-0.00138857775625,0.0027934957522517067,0.07436481940944882,0.390625,4
-2.9845589843749998e-05,0.002853603806261546,0.08078763763779526,4.296875,4
9.3357234375e-05,0.003718063172052619,0.09937575433070867,4.296875,4
-0.00018041796490625,0.0052738672197457275,0.13445344863779526,4.296875,4
-0.00110347976490625,0.011441894746043332,0.3288877650944882,4.296875,4
-0.00026947993484375014,0.011580366066635716,0.3615188716535434,4.296875,4
0.00099218394796875,0.0047462006941047285,0.15059577062992127,4.296875,4
-0.000318584693515625,0.0027175219214744723,0.0820477692913386,0.390625,4
0.00020238456328125,0.002744761738295091,0.07006612129133859,0.390625,4
0.000188786057109375,0.002560739548988391,0.058852118968503946,0.78125,4
-0.00013891324890625,0.0026194007558142576,0.07328924255905511,4.296875,4
-0.00016686216156250005,0.00293498626022947,0.09505632192913384,4.296875,4
0.000209352745078125,0.0028414293628243716,0.08852392944881889,4.6875,4
0.00011543230937500001,0.002897282256142931,0.08091856492125984,4.6875,4
-0.0006714122714062499,0.0029948191761942173,0.07639272386614172,4.296875,4
0.04007940869375,0.038721860218305856,0.18601544094488187,0.390625,6
-0.0017675815523437498,0.015327772827295656,0.11912189897637795,0.390625,6
-0.002071361992421875,0.009068548493301612,0.10574357923622049,0.390625,6
0.0019112956684374997,0.005495124548726058,0.090898537503937,0.390625,6
-0.0006562626701562502,0.004570895312602821,0.0844176801968504,0.390625,6
-0.000947716651328125,0.005281962878375386,0.09151961232283465,0.390625,6
-0.0036624070117187496,0.006415064666925259,0.11380940381889765,0.390625,6
-0.001706024361875,0.007187067148834592,0.13493880787401574,0.390625,6
0.00035957581734375,0.0056208237369191625,0.12996264007874017,0.390625,6
0.00010097148171874992,0.005682449149657228,0.12760623392125983,3.515625,6
-0.00066551444671875,0.0055337995849860135,0.12118063856692916,0.390625,6
-0.000751183929609375,0.00541060645169714,0.10811242626771653,0.390625,6
-0.0010707847796093749,0.005117421316381706,0.0965338592992126,0.390625,6
-6.765632695312496e-05,0.005264043335870634,0.09445231129921261,0.390625,6
-0.00011599794570312492,0.005236363209326907,0.09551842201574805,0.390625,6
0.00016760213596875002,0.005658860585857091,0.10715818043307085,0.390625,6
-0.0004705902176250001,0.00721472881079669,0.14522740503149606,0.390625,6
0.0006170425862500001,0.007785116374029407,0.14296417874015746,0.390625,6
0.0008715388265625002,0.00818594166428178,0.18049703748031498,0.390625,6
-0.005029967040625,0.007318264217506007,0.2281506277165354,3.90625,6
-0.00105998126953125,0.007792805939130429,0.1682966584645669,0.390625,6
0.0015888054976562502,0.005650056286953439,0.12536565181102363,0.390625,6
-0.00275405240078125,0.00819014577568083,0.1787437307086614,0.78125,6
-0.010149594007812499,0.05387031181422217,0.24018810393700785,0.390625,6
-0.02297646053359375,0.016020436685549644,0.13012321011811026,0.390625,6
-0.0048980143953125,0.007045190008780852,0.11537453850393703,0.390625,6
0.0038492252792968746,0.008320518925143726,0.10922120598425199,0.390625,6
-0.0007771997097656246,0.011737448690175005,0.11634210992125982,0.390625,6
-0.00328640176953125,0.009764234106157479,0.12512060637795275,0.390625,6
-0.0007458975015625,0.008397583296158239,0.12700712149606297,0.390625,6
0.00028688479374999997,0.008024375931904474,0.11963122003937009,0.390625,6
0.0007391630661718751,0.0073655004203078776,0.11252994153543307,0.390625,6
-0.001060483511171875,0.005652549778944452,0.10597054795275591,0.390625,6
-0.001542326602265625,0.006035594635326815,0.10018706197637794,0.390625,6
-8.060281351562486e-05,0.008026308547152453,0.09567263769291341,0.390625,6
-7.259843703125016e-05,0.00828192094920949,0.09636631288188977,0.390625,6
-0.0007535689179687501,0.007771268968760084,0.08993209393700788,0.390625,6
-0.00022610250390624995,0.006974890052798329,0.09771776787401575,0.390625,6
-0.0025311629015625,0.20394757093185575,3.484210960629922,1.5625,1
-0.0012208969874999988,0.2115573855082929,3.885925254330708,1.953125,1
-0.0135188640234375,0.23653383638404749,4.2415809984251975,1.953125,1
0.0107283120984375,0.24887341804885152,4.309107707401575,1.953125,1
0.010407659176562499,0.2301949067802402,4.371500723149605,1.953125,1
-0.021736465232031252,0.21414791508186018,3.9511095157480316,1.953125,1
-0.0015517138929687507,0.21490504764814533,3.8553316417322834,1.953125,1
0.0157418470734375,0.20846316554436073,4.092874921259843,1.953125,1
-0.003445423359375,0.20480687136761466,4.004387023622047,1.953125,1
-0.0014923462031250024,0.20622891564280948,3.8543872913385826,1.5625,1
0.008256978359374997,0.2160265211711651,4.0152785275590555,1.953125,1
-0.0034800829999999984,0.21106572796533057,3.8373444897637796,1.953125,1
-0.01065227284375,0.20097201013413776,3.765737274015748,1.953125,1
0.002330504554687498,0.19903339440178855,3.794815339370079,1.953125,1
-0.005217660523437501,0.20946281467038722,3.920472444094488,1.5625,1
-0.0069649378671875015,0.2041075955895855,3.927155113385827,1.5625,1
-0.021207183578125,0.19552223458550264,3.6995710157480306,1.5625,1
0.005532484820312499,0.21608256086523805,3.9174766377952754,1.953125,1
0.0156380999453125,0.22279843452681036,3.9897264488188973,1.953125,1
-0.00933505225,0.1997708868455628,3.5208670866141727,1.953125,1
0.00172508744921875,0.19719910417434863,3.3615816456692906,1.953125,1
0.010830458652343746,0.19605884386652356,3.6452254330708667,1.953125,1
-0.006049569382812498,0.19948735662560402,3.7365234645669294,1.953125,1
-0.008977444648437497,0.20016819929856053,3.6331720944881893,1.953125,1
0.009220936769531249,0.21695142533834183,4.123168393700787,1.953125,1
-0.0012644062070312507,0.21474957821376567,3.827003433070865,1.953125,1
-0.01467529703125,0.192730861155107,3.6128331440944885,1.953125,1
0.005225706281250001,0.19128803867564237,3.7453132519685033,1.953125,1
0.009039177112421876,0.18037727689636482,3.7209379192204723,1.953125,1
0.0071046564453124995,0.3360015823626598,5.739742437007873,1.5625,3
0.025446782843749998,0.34564807840010686,5.325555675590552,1.5625,3
0.024403702312499997,0.33541690389591394,5.057448621259843,1.5625,3
-0.017465095492187502,0.347128072432188,5.174160150393701,1.5625,3
-0.002393433515624997,0.3465061180679425,5.167657141732284,1.5625,3
-0.01905446241328125,0.3639914389315566,5.621788606299214,1.5625,3
-0.00018675951484375041,0.4146139949248947,6.794771724409449,1.953125,3
0.029959591367187496,0.4054654564576348,6.876446763779529,1.953125,3
0.007924034843749997,0.42141313091518806,6.279738653543307,1.953125,3
-0.023882254828125,0.38011199682481145,5.9946856338582695,1.953125,3
-0.0028502103281250035,0.3530369033982733,6.178303185826772,1.5625,3
0.016489529421875003,0.3997107474077567,6.666997536220473,1.5625,3
0.011886840804687495,0.3510470125665449,5.139697381889763,1.5625,3
-0.01819559040625,0.3104681709840605,4.842522391338582,1.953125,3
0.019896894640625003,0.38677279526406405,6.22939288503937,1.953125,3
-0.004322581981249996,0.383826248331428,5.922342140944883,1.953125,3
0.015879096445312504,0.34914605951602085,5.463964251181103,1.953125,3
0.0211739908046875,0.36562041125627287,6.062340066929134,1.953125,3
0.005095803898437501,0.3495444455135913,5.503962760629922,1.5625,3
-0.024214691375,0.3633297967120642,5.525503422834643,1.953125,3
-0.0018062653593750016,0.2895821171080541,4.209597485039369,1.953125,3
0.03500172167187501,0.34073259950023355,4.691945752755904,1.953125,3
-0.029861083176562504,0.24417896891653892,3.6057957165354333,1.5625,2
-0.0012281741062500013,0.23499123508272154,2.9688411653543305,1.5625,2
-0.0075338125546875,0.22162020080205244,2.8578636118110237,1.5625,2
-0.004803743601562497,0.207518747756913,2.7830971393700783,1.5625,2
0.012276789117187503,0.21487340767771096,2.913325251968504,1.5625,2
-0.0017000995468750002,0.22463329041701824,3.2186669370078738,1.5625,2
-0.007956698101562507,0.22610401622884177,3.0596022992125986,1.5625,2
-0.0015553454218750033,0.22258984657192796,2.6459254889763786,1.5625,2
-0.010579578439062503,0.22527233325434218,2.7426733300787403,1.5625,2
-0.01114206584375,0.21003500068755704,2.5524749330708665,1.5625,2
-0.0024513033437499956,0.20495716761918106,2.600611359055118,1.5625,2
0.0020712198671874998,0.20315036359813463,3.029098885826772,1.5625,2
-0.007308304132812502,0.20453236058024482,3.021513416535433,1.5625,2
-0.010439087453125002,0.1973085697184383,2.720393074015748,1.5625,2
0.00897642647265625,0.19787692143216584,2.8015102940944874,1.5625,2
0.005764077050781248,0.20672658068074762,2.761172613779528,1.5625,2
-0.00920451953125,0.22134192973592687,2.7967284803149606,1.5625,2
-0.010610684578125,0.21752813732891776,2.7477122440944886,1.5625,2
-0.0341858553359375,0.22285532681934841,3.3234877401574803,1.5625,2
-0.0077649457812499975,0.22724481684558,3.2444927559055117,1.5625,2
0.0193036714453125,0.23209087533900136,3.2409588275590546,1.5625,2
0.006627971507812497,0.221417928162281,3.1280767661417324,1.5625,2
-0.006173163390624999,0.2081583557696152,3.2092000173228343,1.5625,2
-0.0144576070703125,0.19416554441890457,3.30598025984252,1.5625,2
-0.000999889085937501,0.2119303036608777,3.040273039370079,1.5625,2
0.004774498203125,0.23070813561360026,2.7628870393700793,1.5625,2
0.0016099959527343744,0.017260554394900797,0.4379868233464566,0.390625,5
-0.0020012908800781256,0.013345661453698598,0.2563948342125984,0.390625,5
0.0018150554867187494,0.008881017009147549,0.2068267112598425,3.125,5
-0.000748958871875,0.010488988778312374,0.23965502559055119,0.78125,5
-0.0014380484140625,0.010241040829944838,0.2360623387401575,1.171875,5
0.0008922298624999998,0.006185371742034797,0.15606635409448819,0.390625,5
0.0022704471115625,0.003758538714751298,0.11044276411023624,1.5625,5
0.000528731855390625,0.0037300199261633363,0.10231147466929136,0.390625,5
-4.329892804687496e-05,0.007954252438794026,0.1594267136299213,3.515625,5
0.00105990929765625,0.009545713634526807,0.23684100086614177,3.125,5
0.0002209337600234376,0.006613227402054325,0.1902116244094488,5.859375,5
-0.0007533752376328124,0.0040135736821892,0.11492337007874016,3.515625,5
-0.001163184467265625,0.005966892291149128,0.18179176983464568,7.421875,5
-0.00036144057791874995,0.0060751320480731015,0.1982829841653543,7.421875,5
0.00097719588551875,0.003199165949657548,0.1049687852992126,1.953125,5
0.00092173159390625,0.006786259680948711,0.1542132657716535,2.734375,5
0.00042244566867187506,0.01053630522848404,0.2946039551968505,3.90625,5
-0.00047192673421874993,0.009439055882555291,0.2642190749606299,3.90625,5
-0.0007396676096875,0.0047988197952843325,0.11434704407086614,3.515625,5
-0.00026642085843749997,0.0021919953263606975,0.06164112836220472,3.125,5
-0.00047518121562500004,0.002165212921557689,0.0622804787007874,0.78125,5
0.0049053036376562505,0.016051795667824078,0.17560231226771655,0.390625,5
-0.003092404773671875,0.004695412448934249,0.10682241266929134,0.390625,5
-0.00010074870320312502,0.003837411990926813,0.10916263237007874,0.390625,5
-0.00034563379921875,0.0033834500267039933,0.09623617921259842,3.515625,5
-0.00136504835703125,0.0035809211821691256,0.09119584937007873,1.171875,5
-1.8546467578125017e-05,0.004201882463491777,0.09456176222834645,0.390625,5
0.001210649909765625,0.0042140148769536385,0.10478154734645669,3.125,5
0.00022465357031249981,0.005174939844414398,0.1414332091338583,3.515625,5
0.0005789133374999999,0.005824829171294114,0.14600761866141734,3.515625,5
-0.0027708312203124997,0.023683302343216014,0.3588098313385826,3.125,5
0.00207101968671875,0.025958341694815108,0.409621449527559,3.515625,5
0.004284640924218751,0.01865039964676187,0.3118575874015749,0.390625,5
-0.00224524517890625,0.017794747446511557,0.33354661409448816,3.90625,5
0.0005022678484374999,0.012582818454559847,0.2800588162992126,2.734375,5
0.0022705965828125002,0.011523541728338495,0.265741321496063,1.5625,5
-0.001109880128125,0.014005730456189112,0.33979576866141736,0.390625,5
-0.00255977144671875,0.013737535481482812,0.3567178179212598,0.390625,5
0.0014759394998437503,0.01128157296274172,0.28914209275590547,0.390625,5
0.007005667021562501,0.015356914403697077,0.4109390456220473,3.90625,5
-0.0024133686757812495,0.025646124435198574,0.6725615022834643,0.390625,5
-0.006809941764843749,0.037482929084019255,0.9050447749606297,0.390625,5
0.00237898344453125,0.03435729548745223,0.7655902177165355,3.90625,5
-0.020508312920859376,0.021764509243704842,0.32720909890944866,0.390625,4
-0.0014828536714062497,0.007754012255264265,0.1010729731496063,0.390625,4
-0.000701657692890625,0.0046570269990692074,0.10149074686614173,0.390625,4
-0.001933683434453125,0.0038446864232712344,0.09881131086614173,0.390625,4
0.001037237403984375,0.004537712341420967,0.0849715348031496,1.171875,4
0.00844269100546875,0.007805738273231707,0.09702231188976378,0.390625,4
0.006157424957812499,0.009516666436771445,0.08189662543307087,0.390625,4
-0.001527989888046875,0.004571804496990402,0.07354004614960631,0.390625,4
0.001890212022421875,0.0050798870730271554,0.09668712037007875,0.390625,4
0.002401904123046875,0.004211298932522803,0.0947757694094488,0.390625,4
-0.000486152475703125,0.003122082280346574,0.08330096458267715,1.171875,4
0.0025632207335937497,0.0054199997001932775,0.10295645447244094,0.390625,4
0.003229160283828125,0.005478624067819039,0.14190085881889766,3.125,4
-0.00017013512945312503,0.004245406532413343,0.1322266058661417,1.5625,4
-0.001030545433046875,0.006914949954313958,0.16189557842519683,0.390625,4
-0.0007874365236718748,0.010770040888445978,0.26274866208661424,4.6875,4
-0.0011765147445312503,0.013238433725642524,0.3301445549685039,4.296875,4
-0.002118279873828125,0.020828651016843013,0.5297192869370079,3.515625,4
0.003106852510546875,0.024556627322683728,0.6073875333858267,3.125,4
0.007948936904687499,0.017231221544603464,0.38317874314960626,0.390625,4
-0.001671026631953125,0.012864228293110238,0.322499497007874,0.390625,4
0.000536983925078125,0.008989159936086993,0.19841451740157476,0.390625,4
-0.0015674819352031251,0.006404151833519716,0.1683400750393701,1.171875,4
-0.001051163323484375,0.005372937533526068,0.1523389811811023,3.515625,4
-0.0009982309538281251,0.005519107675718331,0.14743141968503937,3.515625,4
0.0009436780375781251,0.004522429123705132,0.12059517488188978,3.515625,4
0.0011689626687109373,0.003238575528264508,0.09942637163385826,0.390625,4
-0.000350147475859375,0.0025733482429754016,0.07916878851968503,4.6875,4
-0.00026014523027343745,0.003239924689764416,0.08435537196456692,4.296875,4
-0.00012917778335937502,0.005273084197912806,0.1384994113385827,4.6875,4
-0.00018979430445312498,0.005345767886714555,0.1421730035669291,4.6875,4
-0.001199126173515625,0.0040031199419443735,0.10203550616535431,4.6875,4
-0.002037455938671875,0.003810009941286203,0.11037786070078741,7.03125,4
-0.000302112396640625,0.003769855097892584,0.10379768379527557,2.34375,4
0.0009171360067187499,0.0032960325100876713,0.09457498536220471,5.078125,4
0.00022302587023437497,0.0032372909182705138,0.09990134242519684,6.25,4
-0.000318905093203125,0.0030207107448147123,0.0894094581102362,3.90625,4
-0.0004630367535078124,0.003322214933173807,0.10106683414960628,4.6875,4
0.00025605511367968745,0.004183524852539528,0.12851578697637794,0.390625,4
0.0002746412187343753,0.006851718450547969,0.18623828165354334,3.90625,4
-0.0004239335685312501,0.007831492312658873,0.21670063873228348,4.6875,4
-0.00023826288882812497,0.00852561371888035,0.2380336512125984,6.640625,4
0.0010684857958593746,0.009419679891384336,0.2802745161023622,9.375,4
0.0052695397484375,0.010446061427329187,0.09109143937007874,0.390625,6
-0.0031647510211718754,0.005490318392427423,0.0742901220472441,0.390625,6
0.005027467087421874,0.01196395147964924,0.084679978503937,0.390625,6
0.0089080975,0.010795062094691603,0.08590565397637795,0.390625,6
0.0008089818157812499,0.00693446178639057,0.05302403228346456,0.390625,6
-0.0014939004335937501,0.0031763463425588095,0.06382822961811023,0.390625,6
0.00022731740359375,0.0027249714459335783,0.06925082618110238,0.390625,6
0.0010242770181171875,0.0022109841481429303,0.06292309874645668,0.390625,6
-0.00029467839383593754,0.0029658399294738872,0.06254110585669291,0.78125,6
-0.001334725837890625,0.002548661563053623,0.05565305033858267,0.390625,6
0.001345359674453125,0.0030831010655969723,0.06269364456692914,0.390625,6
-0.0010904921009374999,0.00845974293592174,0.10962154374015748,0.390625,6
-0.0018207838222656252,0.011741793877901243,0.2140315304330709,0.390625,6
0.0006079707796875001,0.014581486019002709,0.37916040259842515,0.390625,6
0.0016273859646875,0.015687276451935295,0.4402426242125984,4.6875,6
0.00656388733765625,0.012896892826280135,0.32599222664566935,4.6875,6
0.0034942813964062504,0.014919437393662043,0.2809706942047244,0.390625,6
-0.004366833835625,0.012501257550992968,0.2087386085826772,0.390625,6
0.004021329875,0.04794695239949421,0.3744483149606299,0.390625,6
-0.0097669631328125,0.030624467596955,0.2393804397637795,0.390625,6
0.011453881874218749,0.012906501155915687,0.23715349322834647,0.390625,6
-0.005340255375,0.01444726956210631,0.2129844653149606,0.390625,6
-0.00458871126484375,0.02134607561720486,0.3060141329133858,0.390625,6
0.0004721900132812503,0.01911330800040369,0.3477649057480315,0.390625,6
-0.0061638512484374994,0.011429786486036295,0.2404037190551181,0.390625,6
-0.00918896822578125,0.01130096119747818,0.1829104324409449,0.390625,6
-0.010124514182812502,0.005931288269002802,0.12051410236220472,0.390625,6
-0.00411272353125,0.005573165892437557,0.10603993188976378,0.390625,6
0.0016055762226562498,0.007479783466154532,0.11453646866141731,0.390625,6
0.0027457158265625,0.0069016819722083796,0.1356259937007874,0.390625,6
0.001957197228125,0.005327242720350207,0.12255382653543308,0.390625,6
-0.0007722768203124999,0.008742098963972421,0.10980699299212597,0.390625,6
0.0017665759367187501,0.011316891023949734,0.10606553393700785,0.390625,6
0.0027381858267187505,0.00941137017992266,0.11328824377952755,0.390625,6
-0.00119512254046875,0.00681247336847099,0.11048812952755904,0.390625,6
-0.0017806968187499999,0.007571274738620548,0.11121249149606299,0.390625,6
-0.002975622728953125,0.006133416359170928,0.11102334552440944,0.390625,6
4.011542495312497e-05,0.0055435307207818965,0.09379898961889763,0.390625,6
0.00311711311328125,0.006548334533653771,0.12869177771653545,0.78125,6
0.00410401198671875,0.005453939632366712,0.129893195511811,0.78125,6
-0.00267386053671875,0.008064499109218609,0.10136952047244094,0.390625,6
0.00379338393515625,0.017759256709796882,0.13682453440944878,0.390625,6
0.0018521189000000012,0.16715729008404118,3.2464127,1.5625,1
-0.012386257359375,0.19086569563035793,3.262354700787402,1.5625,1
-0.009291295265625,0.21022445698678366,3.4201570409448823,1.5625,1
0.014924909515625,0.20664909520989455,3.4609393803149615,1.5625,1
0.019610913468749998,0.1912423137748388,3.3000298826771646,1.5625,1
-0.00363323586796875,0.18690566795293473,3.285594181102362,1.5625,1
-0.010070963502343752,0.1937398476991285,3.30081258566929,1.5625,1
-0.007555242234375,0.18624540127162173,3.1963441441732288,1.5625,1
-0.0018703134523437494,0.17061959489867684,2.9396801947244096,1.5625,1
0.006688701960937499,0.17402514550452414,3.3860080338582668,1.5625,1
-0.003927039124999999,0.20084009941598374,3.4684125496062994,1.5625,1
0.0089261980703125,0.23007849088318247,3.9578010157480317,1.953125,1
0.013016949367187494,0.21572762733278353,3.8206776181102358,1.953125,1
0.00022895803906250066,0.19433143726068378,3.64697575984252,1.5625,1
-0.0012933110625,0.1710942280493328,2.8575188102362197,1.5625,1
0.008639848007812501,0.20685029746247532,3.581921702362204,1.5625,1
0.0159169833984375,0.22895973469881445,4.1989834629921265,1.5625,1
-0.005615523617187498,0.2286390622451942,4.353034141732284,1.5625,1
-0.0186201679921875,0.22975950346286764,4.151694267716534,1.5625,1
0.0045316698359375,0.2324225546465147,3.85347205511811,1.5625,1
0.011131264210937502,0.23892317160194135,4.104881673228346,1.5625,1
-0.0114430673203125,0.24293217363922337,4.357299826771653,1.953125,1
-0.01314267782421875,0.23280644330574585,4.209334586614174,1.5625,1
0.01278234084765625,0.22551261374664017,3.8525589763779524,1.953125,1
0.0241992480703125,0.2278817151812836,3.948999496062992,1.5625,1
-0.009821318046874996,0.23261679473988783,4.1711649527559045,1.953125,1
-0.023313905312500004,0.2267352877377094,3.8255983031496057,1.953125,1
0.004328460078124998,0.21763737122700208,3.5849137559055126,1.5625,1
0.0024367138275000026,0.2872347112623084,4.558386972440945,1.5625,3
-0.010530959786718749,0.29772264253242137,4.872543334645669,1.953125,3
-0.008333596249999999,0.2723755549707513,4.350811653543309,1.5625,3
-0.0087594278125,0.28633994682938657,4.899323208661417,1.5625,3
0.021705821484375,0.33451222662546093,5.663762803149605,1.5625,3
0.017567349921875003,0.33743943361503415,5.313233488188976,1.5625,3
-0.013417171328125001,0.32973618099252805,4.43227688976378,1.953125,3
-0.018005762999999994,0.34372308576980204,4.411740614173229,1.953125,3
-0.028081431585937493,0.23146876024381463,3.3376873377952756,1.5625,2
0.004758450625781248,0.23462408225168652,3.431429966062992,1.5625,2
-0.003616987070312502,0.2374154799556767,3.0818942997637793,1.5625,2
-0.0064378630124999996,0.22796724622071318,2.8763710687401582,1.5625,2
-0.014150561769531247,0.21611354499431504,2.963763502755906,1.5625,2
-0.020272559098437497,0.23052245146360018,3.3437462362204724,1.5625,2
0.0017150471437500005,0.2315353606226864,3.5233632377952757,1.5625,2
0.0038588158671875004,0.2088793917121332,2.989550224409449,1.5625,2
0.005382421570312503,0.2137972971219319,3.012240154330709,1.5625,2
0.013634839414062497,0.2819024470678045,3.6801904188976375,1.5625,3
0.02812166315625,0.34436761997602583,5.148229952755907,1.953125,3
0.024599061929687503,0.35886870545604216,5.5708681338582675,1.5625,3
-0.007883032335937498,0.34071443873029833,4.8134823622047245,1.5625,3
-0.0132581661796875,0.35441548376461957,4.7778347007874,1.953125,3
-0.030164249234375003,0.3693531116267256,4.929933322834646,1.5625,3
0.018310765281250002,0.39534888082459724,4.967664566929132,1.953125,3
0.043315793796875,0.3767069304885222,5.364926242125985,1.5625,3
0.020871843328124993,0.3434774044301714,5.3140667212598425,1.5625,3
0.0313200556484375,0.34747096802888106,4.630108484251968,1.5625,3
0.013319996218750005,0.3277438644739362,4.851349305511812,1.5625,3
-0.024887157617187503,0.3398865654463774,5.288133525984252,1.5625,3
-0.0340108402109375,0.38349661547098735,5.375770212598425,1.953125,3
-0.0004197435078124995,0.3785237777037859,5.736751047244095,1.5625,3
0.03861950863281251,0.3711250369971285,6.137508303149606,1.953125,3
0.0064433119531249975,0.37014501772101094,5.846726606299213,1.953125,3
-0.033115606514609375,0.2268536040368804,3.1975436889763778,1.5625,2
-0.014787031752343754,0.22107067575957823,3.0641616921259844,1.5625,2
0.01507107663046875,0.22669100075734877,3.205853481889764,1.5625,2
0.012674918203125,0.24329074968715458,3.7148638346456697,1.5625,2
-0.0014214055468750025,0.2515619691784849,3.8222972086614173,1.5625,2
0.007661235807812496,0.24554108163914012,3.107244803149607,1.5625,2
0.007652067582812502,0.23219833579439272,3.211958596692913,1.5625,2
-0.006374184014062501,0.22609603218153268,3.5185331557480324,1.5625,2
-0.0034117325546875014,0.22836406991123984,3.509552222440945,1.5625,2
-0.005525529437499999,0.2172094139963348,3.327916630708662,1.5625,2
-0.010837782929687501,0.27201324853754677,3.734167667716536,1.5625,2
0.0166187902421875,0.2555034673301802,3.814888752755906,1.5625,2
0.0072355306171874995,0.2563730213178477,3.445366335433071,1.5625,2
0.0022629222578124976,0.25702512093242574,3.5565028409448813,1.5625,2
-0.007642092671875,0.23788116273375637,3.6901625653543304,1.5625,2
-0.0115369119765625,0.23347353046561814,3.4127768818897635,1.5625,2
0.0004769847734375004,0.2381573940037693,3.5201803346456697,1.5625,2
0.0065846189414062485,0.23520996957428078,3.666607543307086,1.5625,2
-0.01399212275546875,0.21902206158778934,3.507665267716536,1.5625,2
-0.0012359736148437506,0.018806855250132027,0.36659515629921263,0.390625,5
0.002152013216171875,0.011091004904726972,0.20588395291338588,0.390625,5
-0.0019455590759375,0.006563504240153825,0.15917218755905507,0.390625,5
0.0009345344383593752,0.006125705329085424,0.1599281325354331,0.78125,5
0.0013874431346093748,0.005375610928230944,0.13832401686614174,0.390625,5
-0.000256577577421875,0.007634297181175272,0.20378003492125982,1.5625,5
-0.00021396494796874975,0.012279180416826633,0.33191718188976377,8.203125,5
0.00083696782515625,0.011162089715397658,0.3064166924881889,3.125,5
0.0005307675907812498,0.006238402918827358,0.1996810593385827,6.25,5
-0.00020018522728828126,0.004753308076000279,0.13888548590078742,3.90625,5
0.0003237818117742188,0.005314060563699462,0.15295633771181102,5.46875,5
-0.0003349064171874999,0.007052342853328572,0.20223109755905508,2.734375,5
-0.0008706826650468749,0.007413282141331536,0.1906598164141732,3.125,5
-0.0017583125966875001,0.0057842324850942576,0.15283389645354334,0.390625,5
-0.0005079117797656251,0.0041344777226636886,0.11170985752755905,0.390625,5
0.0016937406709375,0.0037565585938897647,0.1346019912283465,8.203125,5
-0.004567921952421875,0.010622185521377695,0.14692935795275588,0.390625,5
-0.000305263124921875,0.0058160188543608035,0.11239110377952759,0.390625,5
0.0010655062203906252,0.0043645445486451395,0.10469978269291338,0.390625,5
-0.0001714624823437499,0.004439505109967739,0.09991672313385828,3.125,5
0.00030188198578124997,0.004616482332976219,0.10104203272440943,2.734375,5
-0.0008090345402343751,0.003361896049365813,0.09184704586614173,0.78125,5
-0.0008797066982812499,0.00284009096787369,0.09619193383464568,7.421875,5
0.0005739238753906251,0.00352598625978536,0.10551250529921259,4.6875,5
0.000818372766953125,0.0035956273233872967,0.09132385721259842,3.90625,5
-0.0006472936882812501,0.004877945093525942,0.1267457147244095,2.34375,5
-0.000969256868125,0.004836654594859854,0.13648749102362204,3.125,5
0.0007762438401562499,0.004526809300430607,0.11785524618897637,3.515625,5
0.0006814736473437499,0.004876328894480693,0.12164471225196852,2.734375,5
-0.00034751230796875,0.005703455950934486,0.14823399519685038,1.953125,5
3.904893125000004e-05,0.0055675337152729,0.15920442225196846,1.953125,5
0.0003391298557812501,0.0030837042708283416,0.10753605359055117,5.859375,5
0.00013118835015625002,0.0024487194978317513,0.0811021227559055,2.34375,5
0.00042592518984374994,0.0032873947262363696,0.09873181732283465,5.078125,5
0.00017976129890625003,0.004282920672659783,0.12821208602362208,3.90625,5
6.708349343750007e-05,0.004165785451764178,0.118624538503937,3.125,5
-0.0006635531492187499,0.0109922490144338,0.2342365309448819,0.78125,4
-0.00045567582374999986,0.006685586744849215,0.15370947506299212,0.78125,4
-0.0016560074526562499,0.01165406030512661,0.2386020221889764,4.6875,4
-0.0034291356059375,0.013995569198572927,0.34675914877952757,1.953125,4
-0.001636415304375,0.011523515302570312,0.3031141182677165,2.34375,4
0.0007791635531249999,0.0150689028005644,0.3766501553937007,7.8125,4
0.00021550388859374982,0.013788658903294252,0.29919431173228345,0.390625,4
0.00159412192453125,0.0044782898954657735,0.1012292776377953,0.390625,4
0.0016297554128125,0.003316316731828199,0.09157351211023622,0.390625,4
-0.001475576817421875,0.004118933031349105,0.11306186779527559,0.390625,4
-0.0015863833561718748,0.004509125290262749,0.10586418024409448,0.390625,4
0.0012625892217187499,0.0039998291308757875,0.08278191944094487,0.390625,4
0.0027183019940625,0.003794952379574018,0.09826608059842518,0.390625,4
0.0006949459374218749,0.0042633183135025576,0.09797382318110234,0.390625,4
-0.008403741709296874,0.010111434043906844,0.16863320937007872,0.390625,4
-0.0021272088632031247,0.011310125930209547,0.1390139743307086,0.390625,4
0.0030373025660156254,0.0046287648238818495,0.09328051977952756,0.390625,4
-0.0001007908936015625,0.0032187160145602193,0.0789227171968504,1.953125,4
0.0002746525492890625,0.004189425789643873,0.08881450304724409,0.390625,4
0.0009080356964062501,0.00372991937336377,0.08643658539370079,0.390625,4
3.915141749999998e-05,0.0026932147403371325,0.08478377315748031,0.390625,4
-0.00012241648085937494,0.002689468150781256,0.08530108315748029,3.90625,4
0.0007436959516406251,0.0030606706136087508,0.09170783809055119,4.296875,4
-0.00045994867578125003,0.004299687603538195,0.12094285090551181,4.296875,4
-0.0005424490068749999,0.00416226394347262,0.11653944370078739,0.390625,4
0.0005151524961718749,0.0026372274990857873,0.07497590897637794,5.859375,4
0.0002120010440625,0.0032703800105351425,0.0977669536614173,4.296875,4
0.00040692177460937504,0.004254312661666579,0.12195526122047244,5.46875,4
-0.0002900569999999999,0.00489800875753327,0.13091057086614172,0.390625,4
0.0266873889703125,0.02360394884256819,0.24590551960629922,0.390625,6
0.0005794730703125003,0.012884141764698437,0.12834237874015747,0.390625,6
-0.0031529377355,0.005699378490619599,0.06392317219685038,0.390625,6
0.00070559101825,0.0020790841762291148,0.054219992078740155,3.515625,6
0.00267624283921875,0.005521077458074084,0.08506105677165354,0.390625,6
0.0008621582050000003,0.007417426837114774,0.10167643696850394,0.390625,6
-0.0032380737015625,0.004925409609461998,0.09912367893700784,0.390625,6
0.00016540399062500003,0.005288626186747507,0.08300410858267716,0.390625,6
0.0017972956999531247,0.003807465664910742,0.06945269457952757,0.390625,6
0.00027334388706250006,0.002632070262183228,0.06728672557952756,0.390625,6
-0.0005465861613281251,0.0027248501818823855,0.06093907824409448,0.390625,6
-6.397556093749995e-05,0.00317760928216406,0.06634505346456693,0.390625,6
0.00037739126273437503,0.0032255566986640603,0.07436867944094487,0.390625,6
0.0008196040685156251,0.0031247204830788145,0.07483615838582676,0.390625,6
0.0018379706742968748,0.002844055169539075,0.06879800496850394,0.78125,6
0.00011819097710937501,0.00293437454793013,0.05462130125984252,0.390625,6
0.000594068420390625,0.0029075392984099268,0.060959901614173216,0.390625,6
0.0005288282854046875,0.0033805547600738463,0.07400804581559055,0.390625,6
0.00010778727829531244,0.0039335244599488445,0.08514473365023624,1.5625,6
-0.0277117588609375,0.06845551028626762,0.8365305258267718,0.390625,6
-0.023733941035156254,0.023241866391602112,0.18852193519685037,0.390625,6
-0.012822569643046875,0.016356758035639362,0.15294582503937007,0.390625,6
-0.00222516624453125,0.012320811859463664,0.14686223220472439,0.390625,6
-0.004565783310078125,0.0129539087327283,0.13531576267716536,0.390625,6
-0.0027896520328125,0.01516058199041282,0.12007307055118109,0.390625,6
-0.0018227338953125001,0.014489804969846228,0.10482539051181101,0.390625,6
-0.0036887007492187496,0.012989253823780836,0.10443487401574805,0.390625,6
-0.00222946716953125,0.013320947479187297,0.12544156350393698,0.390625,6
-0.0016672225359375,0.014578634380686418,0.12105020881889762,0.390625,6
-0.000520506861875,0.013532991972493425,0.09335812943307085,0.390625,6
-0.00129725687984375,0.012887605046683577,0.10083514124409447,0.390625,6
-0.0009382168828124999,0.012718757544164556,0.11028129692913385,0.390625,6
0.0005083778460937499,0.014267868057686223,0.09285031740157479,0.390625,6
0.0007136918789062499,0.015730227703023847,0.10354476299212598,0.390625,6
-0.00184726684609375,0.015525693159274302,0.10687946448818898,0.390625,6
0.001896174434765625,0.01717276177754114,0.1163786889370079,0.390625,6
0.0037545029128906245,0.01597485721974491,0.13351615437007874,0.390625,6
0.021983076346874998,0.04793663512712474,0.33478419370078744,0.390625,6
-0.017205205937499995,0.2380384693238644,4.082854409448819,1.5625,1
-0.006987223546875001,0.26820229071683654,4.331538811023622,1.953125,1
0.019647209504765627,0.2570707056083558,4.576626969771654,1.953125,1
-0.010956326475703125,0.24247956126921028,4.345908166622047,1.953125,1
-0.01606250082421875,0.24220221562998073,4.1450531338582675,1.953125,1
0.017618161039062503,0.25356285978343945,4.332103370078739,1.953125,1
0.0062605412343750035,0.259945153019995,4.301703244094488,1.953125,1
-0.022519064945312504,0.24464602339481434,4.034874839370079,1.5625,1
0.0134976889609375,0.267815347695221,4.282075574803149,1.953125,1
0.006676715976562499,0.2838880616272182,4.816669346456692,1.953125,1
-0.022259523593750004,0.2550142183784524,4.608631106299211,1.953125,1
0.012076361562500004,0.24151542698563222,4.021467901574803,1.953125,1
0.020978801101562507,0.21838165327081102,3.668330708661417,1.953125,1
0.003529741046874998,0.2484264762196175,3.9923981889763773,1.953125,1
0.013643436992187499,0.277258838490877,4.603112543307088,1.953125,1
-0.014162274101562497,0.2737067795457526,4.305753927952755,1.953125,1
-0.0025778908750000015,0.26188120737418574,4.176089826771654,1.953125,1
0.019158440062499997,0.24740254610813908,4.064024271653543,1.953125,1
-0.007477296695312498,0.2599098339115546,4.276927283464566,1.953125,1
-0.0194736307265625,0.2640608765446379,4.181949047244094,1.953125,1
0.01604018290625,0.26150738459087675,4.034311448818898,1.953125,1
0.0070666050390625025,0.2561973637952151,4.2153595275590545,1.953125,1
-0.01838326284921875,0.24206843347268361,4.244477250629921,1.5625,1
-0.00530917525546875,0.2458045487160902,4.1471521403937,1.953125,1
0.014219182734374999,0.2374332480870067,3.775211070866141,1.953125,1
0.0188119342265625,0.22198780528705903,3.7345380118110234,1.5625,1
0.014290946640624998,0.3458407869298685,5.848948047244093,1.953125,3
0.024952449085937495,0.3463122617483363,5.541738637795273,1.953125,3
-0.016348265696875,0.3345878947659434,5.022875470708661,1.5625,3
-0.016093826978124996,0.3535354158872956,5.263051077007874,1.953125,3
0.020877385273437507,0.3728343497543925,5.552820516535433,1.953125,3
0.008047059890625003,0.3693324043574873,5.612098626771654,1.5625,3
-0.032873953046875,0.40037246356368866,5.796897622047244,1.953125,3
0.0202469173515625,0.43660892715853983,6.477406086614173,1.953125,3
0.02993760859375,0.4013779467863169,6.095499866141732,1.953125,3
0.0057111470765625,0.412327804901462,6.115453440944881,1.953125,3
-0.0274337042515625,0.39261687098041764,5.7880804881889745,1.953125,3
0.009723509976562506,0.4011196221014096,6.521882830708662,1.953125,3
0.0174802302109375,0.39405556519398005,6.823883181102362,1.953125,3
-0.012422794453125005,0.36151421292045216,5.614838889763779,1.5625,3
-0.0010440069218750044,0.38961798798941516,5.530268488188977,1.953125,3
0.004576635554687498,0.418734078309858,5.775786968503936,1.953125,3
0.0192552645546875,0.46212956054508764,6.49984426535433,1.953125,3
-0.008086374648437498,0.416830846940755,6.013117109448818,1.953125,3
-0.0036210100156249996,0.3978896523405022,6.332374828346457,1.953125,3
0.020633534851562503,0.40034411751122734,6.806315086614173,1.953125,3
-0.007868005789062504,0.38829402756719933,6.596363149606297,1.953125,3
-0.02823330501562499,0.4546142774011072,7.42721015984252,1.953125,3
-0.029247382328124998,0.2554654430746069,3.8739384519685047,1.5625,2
0.001324219976562499,0.2788831046443576,4.626502570866142,1.953125,2
0.0032883491953125017,0.27055039113965246,4.499610674803152,1.5625,2
-0.020486649625,0.2525593085371512,3.9743571551181103,1.5625,2
-0.019806654835937496,0.23961536269639475,3.6478457165354334,1.5625,2
0.0305443193828125,0.27092545000172924,3.9300720590551173,1.5625,2
0.03177091971875,0.27995493588517584,4.4832300314960625,1.5625,2
-0.005005373488281251,0.23800830921357488,3.8351927204724405,1.5625,2
-0.0311889158046875,0.2517921004942113,4.016972374015748,1.5625,2
5.5821640625002e-06,0.2928027459733032,4.818760805511813,1.5625,2
0.017280964382812493,0.2877095997276514,4.672811947244095,1.5625,2
-0.007771755890625004,0.24781004891454642,3.842231633858268,1.5625,2
-0.0144052780859375,0.23739621426407115,3.708285607874016,1.5625,2
0.009677156788281249,0.25113661335468107,3.8095530803149598,1.5625,2
0.011571145546093748,0.25268342597545257,3.9071150629921254,1.5625,2
-0.00992241478125,0.25925795673609253,4.0458818748031495,1.5625,2
-0.008077329359375001,0.2736942328536371,4.238741091338581,1.953125,2
-0.006817553093750003,0.25985002271445107,3.935133757480314,1.953125,2
-0.027310622890625004,0.273359817717625,3.8213060488188972,1.5625,2
-0.009125392945312505,0.2895857712059823,4.590149370866142,1.5625,2
0.017895162039062502,0.2699775633720648,4.658151384251967,1.5625,2
0.011222299148437503,0.24624325617795043,4.1930853685039375,1.953125,2
-0.019805607273437505,0.24684412257420438,4.333759188188977,1.5625,2
-0.0003270614289843749,0.00753733154705039,0.21729623545669294,7.03125,5
0.0003627016143749999,0.006455637741655105,0.1603844879606299,6.640625,5
-8.856189664062505e-05,0.0026050963429197238,0.06935144671653543,1.5625,5
-0.00028554513765625,0.0023550543166803587,0.07210626173228346,2.734375,5
-5.269449765625e-05,0.0018645506468160876,0.05766691031496063,3.515625,5
-0.00017701854671875,0.0018664787533943879,0.05527004464566929,0.78125,5
-0.000199483224609375,0.003005834036313965,0.076494841503937,0.390625,5
-0.00038847707230859366,0.003003863780966515,0.07847566235866144,0.390625,5
5.7565219566406217e-05,0.0019265630133616964,0.06365361187834645,6.25,5
6.7201599921875e-05,0.0019835239174116766,0.06876076886614171,5.078125,5
0.00025805228437500004,0.0021369191056728235,0.07315555492913386,4.6875,5
0.00011628977414062499,0.002020564919283798,0.0710143158976378,7.421875,5
-0.00068397073515625,0.0030995114207765756,0.07879974907086616,5.078125,5
0.00020345884070312496,0.004555063260508849,0.09321559906299214,4.296875,5
0.00114890908828125,0.003731758926861081,0.08285007872440944,1.171875,5
-0.0002675362047265625,0.0026782527798810815,0.07101674232677165,0.390625,5
-0.0006637574682421875,0.002375789694887889,0.06629781413779529,0.390625,5
0.0010503300639062502,0.007743281921301743,0.17786249115748032,0.390625,5
-0.0011292514389843753,0.00241283844072796,0.0681585056535433,4.296875,5
8.2187924375e-05,0.0022845308973004964,0.06387288007086613,4.6875,5
0.00046052057812500004,0.0022149171762233856,0.059336713370078745,0.78125,5
0.000191072398671875,0.0017443817961669665,0.050228419094488184,1.953125,5
6.8710551171875e-05,0.001889386864476229,0.058527409614173236,2.34375,5
3.103482921875002e-05,0.0020955686461968936,0.06409483296062991,2.734375,5
-0.0005281323161718751,0.0019244359810233443,0.0508538616535433,2.734375,5
-7.717846554687504e-05,0.0019473885937147733,0.04687662578740157,0.390625,5
0.00014946941171875,0.0019601678650224166,0.05800172276377953,0.390625,5
-0.00028512118625,0.0018983284786361267,0.0642445562519685,0.390625,5
-0.000201643941484375,0.002244108512143656,0.07014543477165355,2.34375,5
0.0004925064140625,0.0026419637755401453,0.08310802192913386,2.734375,5
-0.000289054626875,0.0027826631388359695,0.07379881792913386,0.390625,5
-0.005452600921875,0.019873042907789937,0.15503924669291339,0.390625,4
0.005420380116015625,0.00788806002544554,0.17800755555118117,0.390625,4
5.392749484375121e-06,0.004485843068211881,0.10167741986614173,0.390625,4
5.037394718749994e-06,0.0032853808805185644,0.07111448777952754,0.390625,4
0.00037797756617187505,0.003043274140941381,0.0712537400472441,0.390625,4
-0.00041978694898437503,0.002298016535512642,0.06894463402362204,0.390625,4
0.000256433104609375,0.0020497591361243422,0.06532862984251968,6.25,4
0.00035995170385156255,0.0021241558984924067,0.062108829645669286,3.90625,4
0.0001564616422890625,0.0021719410155874846,0.0725671216141732,6.640625,4
-0.00021236562703124998,0.002551598139060058,0.08586891986614172,6.640625,4
0.000348628191640625,0.003107365828081473,0.07866362226771653,0.390625,4
-0.0010663237570312499,0.004174892541508448,0.07217433889763777,0.390625,4
-0.0009868707631250002,0.0039928259517593235,0.06670314181102363,0.390625,4
0.00142460467515625,0.0026589734699195965,0.06982362582677165,0.390625,4
0.0007128375855468751,0.002710153063324873,0.07847096129921259,0.78125,4
0.01169220059296875,0.04054695034328391,0.15733946456692915,0.390625,4
-0.005962768314921875,0.007837801783778475,0.06146470299212599,0.390625,4
0.000576871386171875,0.0021610667041778472,0.06038719330708661,0.78125,4
0.00012856008234375,0.003197214917932871,0.09247570992125985,5.078125,4
-0.0003942748871875,0.0032684896036469678,0.09254718028346456,5.078125,4
-0.0004927740461640624,0.0021736703712861116,0.05982454481889764,4.6875,4
0.0007005578823515626,0.002327819687666549,0.05884619012598424,0.390625,4
0.000425259346796875,0.0024350368473452354,0.051667268070866135,0.390625,4
-0.000258259661640625,0.0022068485547406132,0.054918931968503934,0.390625,4
0.000384974418828125,0.0028584637415263424,0.07681312027165355,0.390625,4
-6.549785814843746e-05,0.003168795177973034,0.08682645979921258,0.390625,4
-0.0002974233770546875,0.003502852024485902,0.09185057903149604,3.125,4
-0.0006935452517187501,0.003913009593008043,0.09220730755905512,2.34375,4
0.037993509621093755,0.03466933655727382,0.11029051566929134,0.390625,6
0.004315495240624999,0.021169697668388367,0.06895564803149606,0.390625,6
-0.00455918839140625,0.005813859165184729,0.06398379593700787,0.390625,6
-0.00010308072734375002,0.0027237054493246754,0.06465911152755904,3.125,6
6.202780187499997e-05,0.0026797455611089526,0.06304468354330707,3.125,6
-2.4713242812500018e-05,0.0024159552694851504,0.07216466222834646,4.296875,6
0.0005058856021874999,0.0023822333293890973,0.07359212856692912,4.296875,6
-0.00023389880301250004,0.0028766458320065203,0.06195487661417323,0.390625,6
-0.0005673465108250002,0.0028771437786208323,0.07125010317322834,3.90625,6
0.00038647879468749994,0.0023405270140545447,0.06882182139370077,3.90625,6
4.935617906249998e-05,0.0028869150573332383,0.07252234139370081,3.90625,6
0.0003162197075,0.0032449118970234118,0.08254857582677165,3.90625,6
0.000655988161046875,0.0034238779488321345,0.08319971944881889,3.90625,6
0.000129747892375,0.0037662725702858955,0.08731261384251966,3.515625,6
0.00038865541703125004,0.003633943774239993,0.08908836916535433,3.90625,6
1.1203172656249995e-05,0.003255669683811187,0.08397940348031495,3.515625,6
0.00015717538046875002,0.0032522210651651025,0.08392477897637796,4.296875,6
0.0007843393465624999,0.0031787741080310005,0.09013840550393701,4.296875,6
0.029322163320312504,0.04986184451025697,0.12808067480314964,0.390625,6
-0.0058011600203125,0.008068521417704394,0.11137971511811023,0.390625,6
0.0005506712053124999,0.004420601086953079,0.08675990977952756,0.78125,6
0.00043079573484374985,0.0038595838061588604,0.08960862811023622,0.390625,6
-0.0004790582556250001,0.0040956285799151676,0.08852663502362206,0.390625,6
0.0008852728398984375,0.004344525171447241,0.0859704211023622,0.390625,6
-0.00042712554705468745,0.004269883172164234,0.0950758463937008,0.390625,6
-0.0012435459819531251,0.003721325559191416,0.10356352753543309,0.390625,6
-0.000481749310625,0.0036988453595150897,0.10938755267716536,3.90625,6
0.00039787518078125006,0.003160215160255141,0.09138555614173227,3.515625,6
0.00074384127453125,0.0026709328217154418,0.07962374700787403,2.734375,6
-0.00032128805140625,0.003789721378010543,0.09784451607874016,4.296875,6
-0.0003863270748437499,0.0046118297591989325,0.10731018548818896,3.90625,6
-3.616746039296878e-05,0.004140073577246686,0.0942059241496063,3.515625,6
0.00031975849741953136,0.00391211984856969,0.08748891737795275,3.515625,6
-0.00013065948632812492,0.004074546409678498,0.09431017657480316,3.515625,6
0.0008880831917187499,0.0037094001482051333,0.08766871835433071,0.390625,6
0.0012087959348124997,0.0030806933435410183,0.08469092096535434,3.90625,6
-0.00061492985628125,0.0028696542141238707,0.08802708387086612,3.90625,6
-0.000134915521015625,0.003204383647053289,0.08936720031496063,4.296875,6
0.0005158266271875,0.003721578822230978,0.10063398358267717,4.296875,6
-0.0007137466171874999,0.003725566049527966,0.10242126425196853,4.296875,6
-0.0010514145804687482,0.2578336712162465,4.2360086456692905,1.5625,1
-0.002206329304687501,0.2636849621719507,3.9337301511811025,1.5625,1
-0.023687659984374998,0.28205699007550833,3.9368152614173226,1.5625,1
0.0010607367968750022,0.2900538348259866,4.073216614173229,2.734375,1
0.0112649109296875,0.26155202699111907,3.9882752519685036,1.5625,1
-0.010684139963281252,0.25173226412890054,4.311653154094489,1.5625,1
-0.008056254486718751,0.2580069324657042,3.9840284139370077,1.5625,1
0.0034512366953124967,0.25396834097044413,3.9593887716535434,1.953125,1
0.0127986584921875,0.2516411388500803,3.9453379566929137,1.5625,1
0.017960735554687503,0.25621243336069605,3.9550921732283473,1.5625,1
-0.012050149914062499,0.26213010371660567,3.9530945905511805,2.734375,1
-0.02937764180703125,0.25233497300801877,3.7506071417322833,1.5625,1
0.010865055927343754,0.25454707948198124,3.9117194645669295,1.5625,1
0.0031458788750000025,0.26923572896595316,4.210523218110236,1.953125,1
0.010257991296875,0.2733290528246624,4.372258200787401,1.953125,1
0.012699222757812496,0.28027215648865117,4.32349794488189,1.953125,1
-0.016890432890625,0.2933372766465155,4.392590065354329,2.734375,1
-0.0015922786796875006,0.2853048497885961,4.096409191338583,2.734375,1
0.015339422187500002,0.264084284575223,4.072171981889763,1.5625,1
-0.0106696551171875,0.25006987366232053,3.988774518897637,1.953125,1
-0.0114266360390625,0.2387369982394846,3.4885667783464567,1.953125,1
0.0057649319374999996,0.25127735814759244,3.6054292740157474,1.953125,1
0.0207219620078125,0.25434400061621915,3.418704355118111,1.953125,1
-0.0016037596476562535,0.2535610778348453,3.5339068110236216,1.953125,1
-0.028813416045390623,0.25258167085659167,3.8720438626338582,1.5625,1
0.0011251039538281238,0.24816023857305833,4.012130737007873,1.5625,1
0.028215691437500003,0.3814132473404646,5.611059921259843,1.5625,3
0.0401327666671875,0.37237245793675466,4.877890098425197,1.953125,3
-0.014160710848437496,0.35942049618886734,4.5642199842519675,1.5625,3
-0.028734199984374993,0.36379760268869116,4.972664661417323,1.5625,3
-0.004367690062499999,0.3493208591210639,5.2090901417322835,1.5625,3
0.006074417578125,0.3288777770848661,4.534429551181103,1.5625,3
-0.008776101865624998,0.310648479701866,4.409480974015748,1.5625,3
0.003940079228125001,0.3099216325439182,4.219174288976378,1.5625,3
0.017091484328125,0.3662757349106374,5.090081614173228,1.5625,3
0.043241077726562493,0.37746837325472216,5.037697586614173,1.5625,3
0.007844007614531249,0.36533227195874557,5.094368188976378,1.5625,3
-0.03889126100265625,0.3676013428866868,5.385284795275591,1.5625,3
-0.025601591867187502,0.3989763291252808,5.606861866141732,1.953125,3
0.0334333263703125,0.4111266502913734,5.928547401574803,1.5625,3
0.03132921129765624,0.3754914662211187,5.712971734645668,1.5625,3
-0.01358779802578125,0.3359283350285549,4.752776337007874,1.5625,3
-0.0185469625625,0.45532361162912127,6.323928661417323,1.953125,3
-0.0141014893984375,0.3941213464137749,5.784728456692913,1.953125,3
0.0308759619375,0.3699161554811757,5.309778931496062,1.953125,3
-0.004314370601562503,0.40231760853546017,4.9215747897637785,1.953125,3
-0.014529043503671884,0.3802179186822707,5.47750793348819,1.953125,3
0.007842365801015628,0.3528449335023866,5.240746524039369,1.5625,3
0.028650985398437502,0.38623892551462424,5.368494732283464,1.5625,3
0.012893263624999996,0.3880351295552825,5.294858275590552,1.953125,3
-0.015244652351562502,0.27818247090969445,3.8520915511811027,1.5625,2
-0.010594639796875003,0.28024586164124476,4.048378674015748,1.5625,2
0.0047846595132812475,0.27063151354215903,4.139387303937007,1.5625,2
0.0077085427632812495,0.27150006194545473,4.207601984251968,1.5625,2
-0.0030878160367187497,0.27854829238962386,4.016253644330709,1.5625,2
0.010029369421093753,0.29179308962106265,4.165165043543308,1.5625,2
0.0027418576281250007,0.26082603051975556,3.4217204022047247,1.5625,2
-0.02191191849375,0.2426252991273473,3.034943089606299,1.5625,2
-0.010443202496093755,0.2719810369867042,3.7416467248031493,1.5625,2
-0.034174518453125,0.3068017196490513,4.466588078740157,1.953125,2
-0.0007758857656250048,0.3187400283767061,4.774282203149607,1.953125,2
0.013923595008593748,0.3107772412802034,4.665811927559055,1.5625,2
-0.01136214356171875,0.3073184491883339,4.424485687401574,1.5625,2
-0.016382229789062498,0.3063362384167526,4.259625183464567,1.5625,2
-0.0006260003984375033,0.29076526215781145,4.345352133858267,1.5625,2
0.02095890859375,0.2727773658203064,3.895720105511811,1.5625,2
0.024188605828125,0.2762522069612397,3.5556115141732283,1.5625,2
-0.004428264976562497,0.3254080796149872,4.811682740944882,1.5625,2
0.0277463855390625,0.32694532388421726,5.0773486330708675,1.5625,2
0.0017032842187500018,0.2960843359407121,4.157940111811024,1.5625,2
-0.006956771085937504,0.27965748659068557,4.20646628976378,1.5625,2
-0.0018978588359375055,0.2634552897144732,3.964730450393701,1.5625,2
0.003866092585937498,0.2624326270920146,3.79519049527559,1.5625,2
0.002285971609374998,0.26351827907679687,3.678488588976377,1.5625,2
-0.0080014808515625,0.26435386190554233,3.830762768503936,1.5625,2
0.000538541544296875,0.002781516742693157,0.07185585455118108,0.390625,5
-5.454757863281246e-05,0.002153356270794961,0.05880537168110235,2.34375,5
0.0003112543933984375,0.0021545780985257335,0.05869709846850394,1.953125,5
7.989553960937492e-05,0.002263980200763688,0.0687765246456693,0.78125,5
-2.1190137421874965e-05,0.0022453821084347015,0.0785272248031496,2.734375,5
-0.00013625413015625002,0.0019437497148573095,0.07331206803149606,7.8125,5
0.00013881796420312499,0.0017850727157354795,0.059735913614173235,5.078125,5
3.995607904687497e-05,0.0020054515002078024,0.06038122164566929,0.78125,5
-3.531089484374997e-05,0.0020551294912036105,0.06597226692125983,7.03125,5
-2.3772617499999947e-05,0.0022397055530890978,0.07220107444094488,6.640625,5
-0.0005516760715624999,0.0021317451192005357,0.06443555730708661,6.25,5
6.704448593750046e-06,0.002068912907803886,0.05427653415748032,0.390625,5
0.0006380731201562499,0.0021034284800648287,0.062062532074803146,1.953125,5
0.00011930074878906247,0.0021546136339314725,0.06399000075590551,3.125,5
-0.00011557226042968754,0.0021141212389553248,0.07323641573228347,3.515625,5
0.006417178763671875,0.012033317607801342,0.12473552472440946,0.390625,5
-0.001575332576484375,0.003011321399272761,0.07999772452755903,0.390625,5
0.0002199319459375,0.0032703664904711847,0.09171658204724407,5.859375,5
0.00026173321671875004,0.0031446811519540824,0.08713855229921258,5.859375,5
-0.00012998991460156249,0.002278434020072045,0.061305019299212594,1.5625,5
-0.0004520791041328125,0.0026579856452010856,0.06941038794488187,3.125,5
-0.0003471961086718749,0.002727008121737291,0.09114109503937008,7.421875,5
0.0007441679258593751,0.0027314164517303653,0.08996255996456692,0.390625,5
0.00065880687171875,0.002455360736024405,0.07343276277952755,0.390625,5
-0.00045690534718750007,0.0022040265990791886,0.07907809286614174,10.9375,5
-0.00023169458139062505,0.0024402935014901077,0.0780905346062992,7.8125,5
-0.00023738986279687508,0.0022779888585729587,0.06854048133858269,1.171875,5
7.283216460937501e-05,0.0019160996795673652,0.05738010361417323,0.390625,5
0.000234619139421875,0.0016260575367187122,0.04764690730708661,0.390625,5
9.4325937859375e-05,0.0015104737954937815,0.04889604649606299,3.90625,5
-3.8447760625000016e-05,0.0019654192000186175,0.059112354307086605,3.515625,5
-0.00038843192715625,0.0018183417478896203,0.05643206106299214,5.46875,5
4.7848513890625e-05,0.0016164865028543015,0.04918070421732284,6.640625,5
0.00029106086370312497,0.0016760349513094202,0.05884779462283463,7.421875,5
0.0012858702898453128,0.003787700134397216,0.08960575771653542,0.390625,4
0.0006785447962500001,0.0029660440208175293,0.08502457130708659,0.390625,4
-0.00010376605031250004,0.0020387476416267214,0.06932944056692912,8.203125,4
0.00016463336992187495,0.002281333770722645,0.07189618633858268,6.25,4
-0.00043145985828125003,0.0024537094537099517,0.07805359090551181,2.734375,4
-0.00070389928109375,0.0020710693637824855,0.06654274501574804,2.34375,4
0.00024815580546875,0.002529345835787307,0.07264995204724409,0.390625,4
-0.00019465431,0.002823532438778255,0.07887654881889762,0.390625,4
-0.001286467341875,0.0022972174958052986,0.07352160233858267,3.125,4
2.7731388281249976e-05,0.0024015771610508036,0.0657922999370079,0.390625,4
0.00019385929960937502,0.002348012528731989,0.06729435413385827,0.390625,4
-0.00047806292523437503,0.002134503413757456,0.06545341751968503,6.25,4
0.0001804003415625,0.0022556182415087987,0.07021544132283464,3.125,4
-0.00033576475,0.0024853127496643184,0.07720537500787401,3.90625,4
-0.00019807330570312498,0.0024647507477637515,0.07313744713385828,0.390625,4
0.000557433838984375,0.002249499282003916,0.05311892006299212,0.390625,4
-0.01166983059140625,0.023784143027682333,0.10819074283464568,0.390625,4
-0.00223222606953125,0.010962570039039707,0.06321123708661416,0.390625,4
0.0018384305809375002,0.004255853336879697,0.06535585066929134,0.390625,4
6.680362122656246e-05,0.0031636422208406677,0.0704841525535433,0.390625,4
0.00043630007552343753,0.002799063222340425,0.06321392128582677,0.390625,4
0.000820463795234375,0.002837337595591953,0.06294082981102361,0.390625,4
-7.681738375000002e-05,0.00371816334236467,0.07072175143307087,0.390625,4
-0.00020932385460937505,0.0035777062409327156,0.06568441547244093,0.390625,4
0.000574906428359375,0.0030136806104642836,0.06529959308661416,0.390625,4
-0.00033602507445312503,0.002490918537593449,0.06752837757480316,0.390625,4
-9.415811664062503e-05,0.0028468015789535352,0.06841644090551181,0.390625,4
-3.7897478593750005e-05,0.00306201057281144,0.06551269761417322,0.390625,4
-0.00040108572421875,0.0029614379185801264,0.06045762492125984,0.390625,4
0.000318017395625,0.003276512640193134,0.06306871293700789,0.390625,4
0.00010264944984375002,0.003277177387528661,0.0635898803543307,0.390625,4
-0.0002721745372656249,0.002865832814831912,0.05975043023622047,0.390625,4
0.03709396540703125,0.053827682449925994,0.11014642653543309,0.390625,6
-0.006625190529921875,0.008702860036640619,0.08136822111811023,0.390625,6
0.00028617856617187517,0.005816147115508198,0.08890028497637796,0.390625,6
0.0024752010814843746,0.00341793056595691,0.08392153275590551,0.390625,6
0.00014048114677343761,0.0034688786660111593,0.081720432596063,4.296875,6
-0.00037321385275781245,0.003197607366481873,0.09029482441102361,3.90625,6
-0.00013925345578124997,0.002839054686402452,0.08700944782677165,3.90625,6
-0.00019500594638281255,0.0031873512605320137,0.09111213288976378,3.90625,6
0.0005558965561953124,0.0032808523709899912,0.09327167818897639,3.515625,6
-0.00014561199718749994,0.0029016115677693616,0.08435527577165355,3.90625,6
-0.000250182163984375,0.00349234564623282,0.08659972872440945,3.90625,6
0.00038191356078125,0.003655622292084866,0.09022882964566928,3.90625,6
0.0002749632511718749,0.0033680992189706067,0.0872310054488189,3.90625,6
-3.2619249843750025e-05,0.0034845876105114894,0.08587391143307084,3.90625,6
0.00015538566640625008,0.003941665128454683,0.10188218007874013,3.90625,6
0.04261306876289063,0.049482801293149,0.12787229212598428,0.390625,6
-0.004508179311328125,0.010691524102531574,0.08409791748031496,0.390625,6
-0.00158379848,0.007722867842615989,0.0792696936535433,0.390625,6
0.002042559789921875,0.00397578492842669,0.07929160137007875,0.390625,6
0.000563424633203125,0.00338611070843497,0.09525255507874014,0.390625,6
0.0001625042221874999,0.0031850591203877072,0.08907893451181102,0.390625,6
-0.000268042747734375,0.0027626283494758905,0.061144937665354344,0.390625,6
0.0004372330275,0.002821590339188933,0.06138315654330709,0.390625,6
-0.0003717709884375,0.0026084562868486333,0.06921960843307087,4.296875,6
0.000380151858203125,0.0028483720300858154,0.07952705418110237,0.390625,6
0.00011591240624999997,0.0031349878108548534,0.09308370544094487,0.390625,6
-0.00018861714710937506,0.002908980884141303,0.08634106815748033,0.390625,6
0.00032089318640625,0.0030137222259031668,0.07107839618110234,3.90625,6
0.00012764792460937503,0.0031573426199639544,0.07700806039370078,3.90625,6
0.011055320445007809,0.2780661798480307,4.259747976347244,1.5625,1
0.020194737710632817,0.2905221473956251,4.539241188945667,1.5625,1
-0.00913887238359375,0.2684238574339412,4.454934475590552,1.5625,1
-0.00851657099453125,0.25718369822320697,4.130469170078741,1.5625,1
-0.002685837564062498,0.26221331842796725,4.319915591338584,1.953125,1
0.012443465747656247,0.27272967144129756,4.467876188188977,1.953125,1
0.01983520657578125,0.26520226640019784,4.203868732283465,1.5625,1
-0.0105790484375,0.2593860802605817,4.068754023622048,1.5625,1
-0.0248613569453125,0.26275194912578637,4.167413189763779,1.5625,1
0.00898466796875,0.27556022354883686,4.122981748818898,2.734375,1
0.0163562533046875,0.2717008347422621,4.17068844015748,1.5625,1
-0.008515993953124999,0.2510515996314682,4.201173829921259,1.5625,1
-0.012510486562500003,0.24564976412550762,4.159292622047244,1.5625,1
-0.004924137968749997,0.24719630769989437,4.240513141732285,1.5625,1
-0.0321713873046875,0.2757880695393975,4.344782774409448,2.734375,1
0.0028305194218749934,0.3170784654370583,4.925980430708662,2.734375,1
0.014602075140624997,0.3052958811257954,5.228282808661418,2.734375,1
-0.016225519515625002,0.29126912691059115,4.905141098425196,1.953125,1
0.0026323554765625024,0.2893508409808999,4.421695639370078,1.953125,1
0.018922823578124998,0.280271296703953,4.286411741732283,1.953125,1
0.00017099272656250462,0.293315578674444,4.9445845984251955,2.734375,1
-0.026865497328124995,0.2920096210329963,4.7871170629921265,2.734375,1
0.017170568984375,0.31191867082193797,4.9719980708661415,2.734375,1
0.02251430371875,0.30474152942167687,5.038442232283465,1.5625,1
-0.023056369171875004,0.26486712891740427,4.251547279133858,1.953125,1
-0.013840154492187503,0.2539516202106172,3.823580283464567,1.953125,1
-0.0030690750390625,0.2394715687165544,3.7498109724409447,1.5625,1
0.0202567680859375,0.41570931344912576,6.2534460472440925,1.953125,3
0.031126695585937506,0.4107675355792951,6.052658622047243,1.953125,3
-0.0177087304296875,0.3858319140730372,5.222855374015748,1.5625,3
0.0012250495312499977,0.3804514369070499,5.476247362992124,1.953125,3
0.019691238632812504,0.3724571131574522,5.684521071653544,1.5625,3
0.0067126216406249994,0.3855251621719477,5.911187448818897,1.5625,3
-0.028501282578125002,0.39922458647986775,5.863832433070866,1.953125,3
-0.0003291634374999993,0.4021155228659649,5.586146511811024,1.953125,3
0.027356759382812495,0.40969540048643377,5.472715086614174,1.953125,3
0.033279479617968746,0.39220560133774374,5.043627484251969,1.953125,3
-0.012093046483593752,0.3726602950191648,5.047647314173228,1.5625,3
-0.026782236984375,0.38646816817611784,5.871268944094488,1.5625,3
0.022937070484374995,0.3810373331770613,5.9962795157480295,1.953125,3
0.026773306132812494,0.37424511760729695,5.424478547244094,1.5625,3
-0.037042043025781256,0.3618869771753157,5.293073107322835,1.953125,3
-0.016689851775781257,0.37542309594737877,5.680783658503939,1.953125,3
-0.023754043773437497,0.41301753616399434,5.078826905511813,1.953125,3
0.012449285953124997,0.424247693212896,5.302062913385828,1.953125,3
0.03980963928125,0.41675179787445304,5.862307192913383,1.5625,3
-0.027431726320312495,0.38431837369083416,5.504672535433071,1.953125,3
-0.021302770578124998,0.35855123397022604,5.438613889763778,1.5625,3
0.009875638679687502,0.34863301346709114,5.736979244094489,1.5625,3
0.0135136862265625,0.3665020542970276,5.601133338582678,1.953125,3
-0.005361895164062501,0.381589318079528,5.029815779527558,1.953125,3
0.0027507669476562486,0.3165585358668343,4.796543857480314,1.953125,2
-0.018430526685156243,0.3326054103345114,4.805763001850394,1.5625,2
-0.018591322015624998,0.2998608759157565,4.193530244094488,1.5625,2
-0.016767301125000002,0.2891953751589883,4.394798129921259,1.5625,2
0.001128809757812499,0.3255312532563848,4.965440283464567,1.5625,2
0.024312251328125,0.33940651231504365,5.067116299212596,1.5625,2
0.005636672242187502,0.30903174302637576,4.804953572047244,1.5625,2
-0.011318125460937502,0.2897160148826198,4.273684460629923,1.5625,2
-0.023900174359374998,0.30725432831493904,4.825198118110236,1.953125,2
0.007343535343749999,0.3173616051785628,5.158758645669292,1.953125,2
0.005032513234375004,0.29717452105598163,4.74387131968504,1.5625,2
-0.004378452859375001,0.3052144368264001,4.525798649606299,1.5625,2
-0.012378843593750001,0.31559013570222827,4.480054278740157,1.5625,2
-0.0032410828671874965,0.3150927806749011,4.517608598425197,1.5625,2
0.006190321343750006,0.3177981629440225,4.842530116535433,1.5625,2
0.022578732398437495,0.31474144593404096,4.708670460629921,1.5625,2
-0.0296422723515625,0.31249315253414367,4.500254918110236,1.953125,2
-0.037423454890625,0.3112906692735324,4.594194677165352,1.953125,2
-0.011090315312500005,0.31986466170570205,4.763024748031497,1.5625,2
0.02134934142265625,0.3310978251418448,5.123099588976378,1.5625,2
0.014877113305468748,0.3153707020075327,4.797001821259842,1.5625,2
-0.0066554411484374965,0.2901867206467967,4.544807555118109,1.5625,2
-0.0089815328828125,0.2859246900855151,4.345684610236222,1.5625,2
-0.005168521718749999,0.27482678677201566,4.008068492125985,1.5625,2
-0.0012454297771093748,0.011145692134985301,0.2596821129370079,5.46875,5
0.000562103049296875,0.005577979472710776,0.12416592093700786,5.078125,5
0.00054553123171875,0.0027982728366345907,0.06901054457480313,0.390625,5
3.162610457812501e-05,0.002990306792646162,0.0681942407984252,5.078125,5
-8.042779612499997e-05,0.0027212959522303023,0.06206230229055117,3.90625,5
-0.00042291411007812504,0.0022518652672426785,0.0593077807007874,5.078125,5
0.0001856204220312499,0.017063728043198764,0.2757310833700787,3.515625,5
0.0006534993085937498,0.018906266145165686,0.3261359547244094,3.515625,5
-0.0004598581026562498,0.008729451574546259,0.12095188892913387,2.734375,5
-0.0011812118775000001,0.011358405757095198,0.20794489847244094,2.734375,5
-0.0008317086553125002,0.026163131082828764,0.4325154217480315,3.125,5
0.0005584628719453126,0.009381078298393328,0.1640398611740157,3.90625,5
0.00087994651878125,0.002936296932980822,0.06885982814251966,1.171875,5
0.0004992711176171875,0.0024477851690168193,0.06823818204724409,5.078125,5
-6.35568646484375e-05,0.002079845114533489,0.06307459997244094,5.078125,5
4.1756806289062464e-05,0.0019325175172926609,0.05631016873622046,3.515625,5
4.050981007812501e-05,0.0044727001991866485,0.07601185691338583,1.171875,5
0.0006348775000390625,0.005534484358540872,0.09016905806889765,1.171875,5
0.0005312719490234376,0.008744431694451616,0.17850417592125983,4.296875,5
-0.001636289688125,0.008793391310439495,0.18911884918503935,2.34375,5
0.00021734842562499986,0.0051308164299502315,0.10619368551181102,0.390625,5
0.00135237099546875,0.0033071215412055727,0.08059795925984252,0.390625,5
-0.0004265122399218749,0.0023023647963490764,0.05964351044094487,2.734375,5
0.00027115658646875,0.0021493199181037786,0.06128600248976377,5.46875,5
0.0002778268157656251,0.0020756908258931692,0.06187204215039369,4.296875,5
-0.00033430241719531245,0.0021629783341097484,0.05940928589055118,2.34375,5
-0.0005529656606328124,0.0021232372672149048,0.062026312307874004,2.34375,5
-0.0101993653953125,0.014078909748179373,0.08649083377952756,0.390625,4
0.001150022743515625,0.003267875469210152,0.0689545727007874,0.390625,4
7.775987203124996e-05,0.002767331817898006,0.05669365758267717,0.390625,4
-0.01724313684984375,0.027327131676134923,0.13906850967716536,0.390625,4
-0.07554294906742187,0.053029036782874656,0.2967241268425197,0.390625,4
-0.057833701898437506,0.0669643474697868,0.3591559125984252,0.390625,4
0.0064684147015624995,0.020040950107103352,0.23665320826771657,0.390625,4
0.0047739272069531255,0.008654349414275102,0.10048273220472441,0.390625,4
0.0003342178470625001,0.0030983122105519684,0.07460459314960631,0.390625,4
0.0007877304734375001,0.002487828789216158,0.06937884494173228,0.390625,4
0.00067248530321875,0.0021803529533684814,0.05485468053228346,0.390625,4
0.00123316742340625,0.0017583363336490842,0.047326191377952756,0.390625,4
0.0011154765035156253,0.0019472060534967766,0.059649028543307094,3.90625,4
0.0010086145514140625,0.0020690996992545163,0.07224201322834645,0.78125,4
-0.0033665092400781246,0.011975567061859684,0.2079117968897638,0.390625,4
0.002751983221796875,0.00850682846928098,0.1538670527559055,0.390625,4
0.00108339539125,0.00843235158748575,0.16438241708661416,3.90625,4
-0.002553625268828125,0.0079543755101538,0.16358853999212594,3.90625,4
-0.0015475603056250003,0.00466257838142235,0.09618921592125983,3.515625,4
0.00025087064140625,0.0031123381825871057,0.08013021333070866,3.515625,4
-0.00031007011242187494,0.0031908144693560906,0.08063761622047246,4.296875,4
0.00070784483109375,0.002768089599008289,0.06040439748031496,0.390625,4
0.0007317420921874999,0.0021463470024062465,0.046878418503937,0.390625,4
-0.00020137001140624997,0.0021686356543938715,0.059127843622047246,0.390625,4
-0.00026164247031249996,0.002857129606444174,0.0580612320472441,0.390625,4
-0.00021844444953125002,0.002863274808475555,0.05385735901574803,0.390625,4
0.00043445349031250003,0.0024717508471431815,0.059019420165354344,3.125,4
0.0003291739485156251,0.002379876579995411,0.06618243410236221,3.515625,4
0.00024116303023437503,0.0018507788509184234,0.0586669651496063,0.390625,4
0.00012939235133593749,0.0015044652504172366,0.04573015369291338,4.296875,4
0.00011845854813281252,0.001754063396861466,0.04697169572440946,4.296875,4
-0.00011295466492187501,0.0021068106743563596,0.052722530503937014,3.125,4
0.002317424313046875,0.01994499690773319,0.21695241771653537,0.390625,6
-0.006203066802343751,0.012866392699724855,0.2393390059055118,2.34375,6
-0.005500041873437499,0.012575545184326718,0.218022525984252,2.734375,6
-0.0016310677839062497,0.006787045348929782,0.10824567464566928,0.390625,6
0.00046510077093750007,0.002783925033267448,0.07703221763779526,3.515625,6
0.00017272141625,0.004618223495054031,0.09078632154330708,3.515625,6
0.0012164070082812501,0.005495737346019234,0.10709446571653544,2.734375,6
0.0010340200404687502,0.004317218343842586,0.09113011266141734,2.734375,6
-0.0007509471353125,0.0031497041111235766,0.07488903817322835,2.734375,6
0.0006368403039062499,0.003442147073597712,0.07275404763779528,0.390625,6
3.220585781250001e-05,0.004114516302450057,0.07450002881889761,0.390625,6
-0.0006347568371875001,0.0036464093908513797,0.072530574503937,0.390625,6
0.0005194331696093751,0.0027686549747133393,0.07424141568503935,0.390625,6
-0.006257711071328125,0.013280773684132524,0.1606090714370079,0.390625,6
-0.01280965003828125,0.015536642505518547,0.22989537031496055,0.390625,6
-0.0005936058812499995,0.01677554249710634,0.15507142858267714,0.390625,6
0.0089353631540625,0.00712522520731468,0.10109549645669291,0.390625,6
0.01251168148125,0.02671293607576165,0.5782021753543305,3.125,6
0.0085337812921875,0.02123019721026197,0.311877230472441,0.390625,6
0.00488567755390625,0.014837781678396151,0.13973581496062992,0.390625,6
0.00327650457890625,0.010702499506744944,0.16824142338582676,0.390625,6
0.001709506759375,0.008108929142444972,0.15689812999999997,0.390625,6
0.0012887233289062498,0.007454357522125358,0.13871376267716537,3.125,6
-0.00018316305906249998,0.006766900622380672,0.12838337731496066,2.734375,6
0.00218688253265625,0.006768069431509956,0.12110820467716536,3.125,6
0.003335280320148437,0.006328188190866258,0.11078509822834644,3.515625,6
0.0007705368287421876,0.003434721208367189,0.06279841299212599,0.390625,6
-0.00030323084875,0.0023183135605001964,0.059501951299212597,0.390625,6
0.00020506052234375003,0.0037383662505139836,0.09453177181102362,3.125,6
-0.00391657333625,0.011124086535024072,0.162651667007874,0.390625,6
0.00012291427203124975,0.013017218561220937,0.16006577188976379,0.390625,6
0.00521642786828125,0.004989539543512248,0.10566089456692912,0.390625,6
0.001465397684015625,0.003438544410626599,0.08454731461417322,0.390625,6
-0.0003647731345,0.002354760922572557,0.06970472656692914,5.46875,6
5.277246304687503e-05,0.0024158031980156315,0.06331891356692915,0.390625,6
0.0007496506174218749,0.0026909073070636095,0.06822703050393701,2.734375,6
0.00030791573296875,0.0027762260695520955,0.06905395711811023,0.390625,6
-0.0012619874316406252,0.0036832039629362576,0.09520973966929133,0.390625,6
-0.012148780437500003,0.20243093222738345,2.984703434645669,1.5625,1
-0.015447315452343752,0.2177297019284717,3.2192614205511805,1.5625,1
-0.006526153968359378,0.19202280184916404,3.007309371732283,1.5625,1
-0.0014524525386718752,0.18169697525130535,2.9754574409448815,1.5625,1
0.00481770835234375,0.1819185832908839,3.1252825984251973,1.5625,1
0.0026858814921874967,0.19284247458352904,3.206499405511811,1.5625,1
0.0128403120390625,0.21344463932254792,3.235264119685039,1.5625,1
0.013650323742187501,0.21051308535595434,3.375318009448819,1.5625,1
0.001395844476562499,0.19877038494867333,3.213342346456694,1.5625,1
-0.004735271585937499,0.1993951944361831,3.162031166141733,1.5625,1
-0.006390504946875,0.20008220876112784,3.0256752903937003,1.5625,1
-0.0063529771578125,0.19906989974679531,3.019750269212598,1.5625,1
-0.004036898023437501,0.1990392183612629,2.9941321283464575,1.5625,1
-0.0013829444695312512,0.2012145149876274,3.142375557559055,1.5625,1
-0.0019863052742187495,0.18941695488831475,3.0526857268503926,1.5625,1
3.7635202343754004e-05,0.18327295909846136,2.8767101237007875,1.5625,1
-0.006229352304687498,0.1704226192468109,2.765062617716535,1.5625,1
2.7070218750001318e-05,0.17775183033793152,2.8127945212598426,1.5625,1
0.007412076453125,0.18660330888053273,2.8487684133858266,1.5625,1
0.0027294287710937486,0.18505273699798241,2.8643042110236228,1.5625,1
-0.005556541353906251,0.18180366319062113,2.823651397637795,1.5625,1
-0.005997126436718751,0.19022140144377309,3.2201630728346453,1.5625,1
-0.007996400069531251,0.1921475319744141,3.445079295669291,1.5625,1
-0.0070876702031249985,0.19312940541121976,3.242614811023622,1.5625,1
-0.0007447985234374996,0.1875854034485427,2.862826625196851,1.5625,1
-0.0005498479609375006,0.20507873215796282,3.145271241732283,1.5625,1
-0.006860795499999997,0.21112161968025298,3.271351512598425,1.5625,1
-0.005899232148437499,0.19785267483140456,3.163847839370079,1.5625,1
0.0008373657031250014,0.1963396548419784,3.4336956677165356,1.5625,1
-0.0008133972890625035,0.19236372159331908,3.2564885921259843,1.5625,1
0.008220698640624998,0.20502429824055082,3.2063064425196854,1.5625,1
0.017218017031249998,0.2210906665913314,3.3899524960629925,1.5625,1
0.0027798250234375007,0.20997147053088255,3.3386076102362208,1.5625,1
0.006004241453124998,0.3167671289121708,4.011017296850393,1.5625,3
-0.015269656562500004,0.29133469256023264,3.5470951220472444,1.171875,3
0.020894593906249998,0.26518696966723837,3.2934208582677167,1.171875,3
-0.01627707336328125,0.267938486565659,3.693753600787401,1.171875,3
-0.013884711425781252,0.2602634350577938,3.569032337007874,1.171875,3
0.015352651640625005,0.2616843644843932,3.1099263070866145,1.171875,3
-0.0086437584921875,0.2578661589815236,3.1872165905511816,1.171875,3
0.0200119375703125,0.259960424249969,3.0108921102362207,1.171875,3
-0.005948317665625002,0.2430761054947182,3.1102255984251967,1.171875,3
-0.011701145165624996,0.2598959444412401,3.9266960551181107,1.171875,3
0.026020900640624997,0.3114125430032025,4.419661992125984,1.171875,3
0.00844788464296875,0.26117425871046984,3.5330712133858264,1.171875,3
0.0036735767890624985,0.2912067927021916,3.7373490811023626,1.171875,3
-0.0098606235078125,0.25743659263707636,3.081504307086614,1.171875,3
0.025411236304687498,0.2550393320479417,3.37795102992126,1.171875,3
0.0001234021953124975,0.25189253011046486,3.3995844346456696,1.171875,3
-0.009694119898437496,0.2601851943104709,3.1665589598425203,1.171875,3
-0.0030992879687499995,0.265274821077324,3.3979899842519683,1.171875,3
-0.000828572031249997,0.26145098840427095,3.303587677165354,1.171875,3
-0.013251608234375,0.2559155037210122,3.4710894173228337,1.171875,3
-0.0009873897812499996,0.273572931625391,3.774996678740157,1.171875,3
0.023178925328125002,0.3075083755589254,3.917100170866143,1.171875,3
-0.004080667726562499,0.2857478291073766,3.6386777039370077,2.34375,3
-0.016243457210937503,0.19646619075920208,2.0705949263779533,1.171875,2
-0.014152538117187499,0.20060210476807402,1.9186275141732285,1.171875,2
0.01752105891171875,0.18864418784929152,1.9244451094488189,1.171875,2
-0.009571126432031249,0.16084554656928515,1.981426944094488,1.171875,2
-0.009811003872656253,0.1705993958139476,1.9784887086614174,1.171875,2
0.01856068386953125,0.1921532188809253,2.1871057007874017,1.171875,2
-0.009463820585156251,0.17383467434577585,2.0534601157480314,1.171875,2
-0.0024583063429687514,0.1687850715885233,2.0241394039370078,1.171875,2
0.0062647746015625,0.18989075810431097,2.0632780267716533,1.171875,2
0.017653842097656247,0.19584026718390013,2.02313845,1.171875,2
-0.0033575829023437514,0.1846676595027434,2.002719628740157,1.171875,2
-0.0115769917734375,0.1918722123200863,1.9884449921259841,1.171875,2
-0.0041025658984375005,0.21077782270930148,2.37570842519685,1.171875,2
-0.0083089719078125,0.20410754955936108,2.2391834425196846,1.171875,2
0.010576456045312498,0.19104886154707637,2.259892442519685,1.171875,2
-0.015807521071093747,0.1901915170720189,2.3008213976377956,1.171875,2
-0.005068408126562503,0.1954650587827597,2.2932234291338585,1.171875,2
0.007516887788281251,0.19251253377437197,2.154400980314961,1.171875,2
0.002468162937499997,0.1814233451329398,2.0268130960629924,1.171875,2
-0.0032063207890624997,0.1674772992905107,2.204970296850393,1.171875,2
-0.0216261543828125,0.18069439999262052,2.2134031007874007,1.171875,2
0.023083523039062498,0.21230914762493505,2.3001651637795275,1.171875,2
0.005220323930468751,0.20768611941957615,2.2890072929133862,1.171875,2
-0.020580348116406254,0.17021106513840467,2.0253257133858265,1.171875,2
0.001211691703125001,0.2625415357723102,3.1960793425196843,1.5625,3
-0.022820342867187503,0.2774562828218972,3.457971177165354,1.5625,3
0.0005421385781250003,0.2773777577105067,3.5780407322834646,1.5625,3
0.0014598306640625017,0.2220598949884752,2.854007031496063,1.171875,3
-0.009471918390625002,0.22363035466824768,2.650290744094488,1.171875,3
0.019610052117187502,0.24709951867233637,2.9363282637795267,1.171875,3
0.011831081343749997,0.24267696406727043,3.038149281889764,1.171875,3
0.008286493023437501,0.30902331024039675,3.8285254748031496,1.171875,3
-0.01622810859375,0.31136173358148134,4.0656504566929135,1.5625,3
-0.03478458718749999,0.28109013920085635,3.812156740157481,1.171875,3
0.011156633046875,0.3044492414929032,4.1884846141732295,2.734375,3
-0.02331746077421875,0.18785689425320862,1.849854578740157,1.171875,2
0.01647386117734375,0.18715587808543985,1.922662612598425,1.171875,2
0.005333402678124996,0.17712886006321465,1.757095826377953,1.171875,2
-0.0317742377078125,0.14938665480396812,1.486654125984252,1.171875,2
0.016732169065625,0.16126426330574267,1.6874347086614174,1.5625,2
0.008485898375000002,0.17136588835802655,1.831214684251968,1.171875,2
-0.019706307539062502,0.19235808918521946,2.031910408661417,1.171875,2
0.0018981833359375012,0.20428983315017077,2.064183866141732,1.171875,2
-0.0012824361171875002,0.1980826453510141,2.116020110236221,1.171875,2
0.010985920968749997,0.19363545887792752,2.2576414338582675,1.171875,2
0.004819705593749999,0.18681770447658022,2.1394790716535437,1.171875,2
0.0011099152769531249,0.01080865183218496,0.2069034347244094,3.515625,5
-0.0007710138618593756,0.0357440243522862,0.3793713029133858,2.34375,5
0.0001832265511875009,0.03599238582274839,0.3727655507716536,2.34375,5
-2.353225054687512e-05,0.008806453603360267,0.11896984439370079,2.734375,5
0.0001419669259375,0.003019383959662353,0.07618162678740156,2.734375,5
-0.000480903371796875,0.003113314477539314,0.07369487769291337,0.78125,5
-0.0010750997208593747,0.0052785179189490505,0.12959048354330707,4.296875,5
-0.0015089545755468752,0.007814603220632784,0.18756182307086613,0.78125,5
0.0003884229890625,0.008400903826773089,0.18643949330708665,0.390625,5
0.0018082222562500001,0.005509993238255373,0.1175331974015748,1.953125,5
0.00019856904992187499,0.0024566832368669183,0.053679335236220475,2.34375,5
-0.00020245188421875,0.0038004364788808294,0.08115433590551183,5.859375,5
-0.0002957020263281249,0.004159853858996621,0.0953303137007874,6.25,5
-0.00015108326296875,0.004027259208202879,0.09257027059055119,5.078125,5
0.00031641578578125,0.00395846161164839,0.08526336248818898,1.953125,5
-0.001049742876953125,0.008370523147926572,0.14469233905511814,2.734375,5
-0.001559418451171875,0.006574420032397224,0.1370827455511811,2.34375,5
-0.00128350826796875,0.020174076955070726,0.3268907874015748,3.515625,5
0.0001357908218749998,0.019353485577036426,0.25925893614173234,3.515625,5
0.00014168719570312502,0.0031969045763234646,0.06445044677165354,1.953125,5
0.0011361432078125,0.015177322731195025,0.2669573637795276,7.03125,5
0.000763068686328125,0.028722392880546923,0.7787707062992126,7.421875,5
-0.0014892985627343754,0.02762038023922143,0.6880735753543308,4.296875,5
5.9222770859374945e-05,0.014766976216606805,0.26912956519685044,1.5625,5
0.0006862943982031249,0.007227577876131028,0.1575788559094488,2.34375,5
0.00014542655757812504,0.0030856698832441016,0.07385630525984252,1.5625,5
0.0003310915351562501,0.0036773574299125158,0.09097828834645667,1.5625,5
-0.00062837037109375,0.004445258781762668,0.12895186472440948,3.125,5
-0.0015104808999765623,0.004502727148879111,0.144036785015748,2.734375,5
-0.0006498892827734374,0.0036768478236877786,0.11195121937007874,5.078125,5
-0.0005649219413125,0.008306532152996236,0.18110111719133862,2.34375,5
2.060573382812493e-05,0.014804855590414657,0.3744204286614172,5.46875,5
0.00984284260421875,0.01201192531628169,0.09379217094488189,0.390625,4
0.0040716602632812505,0.0051139516908490015,0.07547198771653543,1.953125,4
0.0029653743853125,0.003660939970418094,0.07177826587401574,1.953125,4
0.0019282381186796875,0.00288043588762393,0.06091500181889765,2.34375,4
0.0016600857913359375,0.003981723272392027,0.07971102260629923,2.34375,4
0.0018783971059375,0.0036873829575628423,0.0821361622519685,2.34375,4
0.002003208039609375,0.0026328081565995735,0.0635082694488189,0.78125,4
0.001585034563046875,0.0026396288615764003,0.06257206787401574,0.390625,4
0.00052204901728125,0.0019630498100452606,0.05905749461574802,1.171875,4
0.0008021517474375,0.0022890095183401254,0.06445572871023622,0.78125,4
0.0010175461896093749,0.0045389416838785765,0.08840067236220472,2.34375,4
0.000868570779765625,0.006800522544442763,0.10540014830708663,2.34375,4
0.0021174656767187503,0.013139097827686394,0.1337427781889764,0.390625,4
-0.001484421186484375,0.003915083387870392,0.08865526598425195,3.515625,4
-0.00044317612467187513,0.0036725550400462798,0.1032539648031496,3.90625,4
-0.0003912380983984374,0.0031321585189578696,0.08198529487401575,1.953125,4
0.00025306581455468755,0.003093277511126599,0.0601695151023622,2.34375,4
0.0003505737141406249,0.0028803840156515544,0.06951767641732284,1.953125,4
0.00018463694054687501,0.002781363637343084,0.08281342854330709,1.171875,4
0.00012372308257812496,0.002975077723441079,0.08366558393700786,3.125,4
-0.000593541406015625,0.004154434252525788,0.0889909317322835,0.390625,4
0.00040494184265625,0.004693785802951106,0.09220022031496064,0.390625,4
0.0003245662478125001,0.005420769581124647,0.1048046727952756,0.78125,4
-0.00071708030453125,0.005304137808141779,0.11018620708661415,3.515625,4
-9.130402945312479e-05,0.006911332878437663,0.14718038275590553,4.6875,4
-0.0004355842685156251,0.00709257288088897,0.16103382070866135,3.90625,4
-0.0009259850535781251,0.0039681436975960325,0.10468318394881887,3.90625,4
-0.00044913418092187504,0.003125171620724313,0.08835517270078738,1.953125,4
0.0002128523546875,0.002655360832197178,0.08064784125984252,7.03125,4
-0.000649974240546875,0.0027278023665170087,0.0678400087401575,0.390625,4
0.0041342157578124995,0.04864954718766578,0.7894161803149607,0.390625,6
-0.0074671284265625006,0.034242380756937224,0.5055254407086615,2.34375,6
0.0019094410608593748,0.004270110856024843,0.10298442942519684,3.125,6
0.001295241671796875,0.0038140489982372724,0.09591165651181101,2.734375,6
-0.0015679002859375001,0.003635751104532907,0.07033264251968506,0.390625,6
-0.0022774123729687504,0.00269002348425458,0.05668780429133859,0.390625,6
0.00028728413642968744,0.002768065172314263,0.06590814170314961,0.390625,6
0.0010453111555703124,0.0024518854612560997,0.06913496626220474,2.34375,6
0.0009132998586718752,0.002771595476819516,0.07458621256692911,2.734375,6
0.0004735840890625,0.0032648696847900676,0.0794016198425197,2.734375,6
0.00096231231875,0.005253236624765588,0.1288008874015748,3.125,6
0.001055359212203125,0.0064582468516080375,0.16803527535433072,2.734375,6
-0.0001859303907656251,0.016893994149837808,0.24568760606299214,1.5625,6
-0.0018487551701796873,0.016766632436442597,0.23366712397637798,1.171875,6
-0.0024436746161953125,0.00715520712010269,0.15537359309448814,0.390625,6
-0.000645556007578125,0.009258627812071648,0.20521303829133855,5.078125,6
0.0017187876201562502,0.007280489612833106,0.14169946282677162,0.390625,6
0.014307691779609376,0.02950602870032253,0.38133874960629927,0.78125,6
0.007125890313203126,0.023893476827606303,0.2336702641732283,0.390625,6
-0.00902484260171875,0.006717118775747229,0.08710650405511813,0.390625,6
0.0039919656014062496,0.01719401879508116,0.1887003414173228,0.390625,6
0.008770321991484375,0.015450711979118079,0.21069080519685038,0.390625,6
0.0002574164180468749,0.008105172968472941,0.1292502661417323,2.734375,6
-0.0002554927335937498,0.012536139638221753,0.21707289929133858,3.125,6
-0.0001906908375000001,0.01156711945854182,0.180759138503937,2.734375,6
-0.0009553349390625,0.0034472992084518877,0.06350483456692912,0.78125,6
0.00037522695851562504,0.004614003886924107,0.06628626267716535,0.390625,6
0.0023935054646875,0.005199965161062201,0.06749448299212599,0.390625,6
0.002326146961640625,0.004415954279888164,0.05089696685039371,0.78125,6
0.00099609404203125,0.0036324613628636437,0.05029922098425198,0.390625,6
0.0010706592940625,0.003350257732391439,0.061396334055118115,0.78125,6
-0.00019881262296874997,0.0030255865322478914,0.06491657096850395,0.390625,6
0.008005389132812499,0.24742926095387205,4.142627314173228,1.5625,1
0.02327024928125,0.25418426384315745,4.161897672440944,1.5625,1
0.007538599960937498,0.2393289808420647,3.839936749999999,1.5625,1
-0.007219300187500001,0.2271525733201063,3.510036865354331,1.5625,1
-0.013158689343749998,0.20763926316048267,3.1149690275590554,1.5625,1
-0.0017072566093749983,0.22647690893973774,3.1527363582677164,1.5625,1
-0.003135320492187498,0.22990430334031062,3.3141697653543307,1.5625,1
-0.006765865625000001,0.21270161634711562,3.2500195629921254,1.5625,1
-0.002883891101562501,0.20573606726430999,3.2886476480314966,1.5625,1
0.004912872789062496,0.2136349523257047,3.591773322834645,1.5625,1
0.01175597330234375,0.22517846060687144,3.534396763779528,1.5625,1
0.006537995271093748,0.22419802790909313,3.3034987622047245,1.5625,1
0.008387557726562498,0.22595900321947088,3.5587255834645672,1.5625,1
0.013960929109374999,0.2207595447287495,3.5696038291338583,1.5625,1
0.0006101433046875014,0.20589541448101578,3.3906622283464567,1.5625,1
-0.008256418093749999,0.2082693036636785,3.5019256141732282,1.5625,1
0.0009013947096093756,0.19029413737069464,3.120375266141732,1.5625,1
-0.012800895812500003,0.21184016707120665,3.1222793070866137,1.5625,1
-0.0187281513671875,0.2398814704016647,3.406590051968504,1.5625,1
0.0018544478593750038,0.26341133802296934,4.3058470125984245,1.5625,1
0.024740492242187502,0.27321853242400557,4.707449086614174,1.5625,1
0.009407246960937492,0.27087053509075915,4.826994430708661,1.5625,1
-0.0115157515359375,0.2494372185319026,4.36348914409449,1.5625,1
-0.0118384018328125,0.2431205580871989,4.125955323622048,1.5625,1
-0.0097180991953125,0.2336074541097031,3.759829430708661,1.5625,1
-0.00012018828125000269,0.2333306276482845,3.6610000055118115,1.953125,1
0.013777605640625001,0.240152706623183,3.6119105118110237,1.5625,1
0.018787377359375003,0.23142562671943204,3.2743861181102365,1.5625,1
0.0013075755546875017,0.2358388989068733,3.492306401574803,1.5625,1
-0.014174437570312497,0.24227564083289832,3.7187607007874015,1.5625,1
-0.014366386898437502,0.2350369150385364,3.6270263614173235,1.5625,1
-0.0014833298382812485,0.2065002755896169,3.5102507102362206,1.5625,1
-0.013954326610937502,0.28511943835315307,4.523527502519684,1.5625,3
0.006677084904687505,0.31903449782106597,4.468274124566929,1.5625,3
0.017661110734375,0.31071599486066664,4.521147834645671,1.5625,3
0.020281532531249997,0.3067934006146813,4.772160184251968,1.5625,3
0.005601697320312499,0.31172721341248544,4.401533671259842,1.5625,3
-0.005456293117187502,0.3091749136361627,3.8884933047244097,1.5625,3
-0.029818017828125,0.31091471219094213,3.9111506496063,1.171875,3
-0.026641807367187503,0.30798755854221094,4.537299546456693,1.5625,3
0.0014675628515625032,0.3095209723798932,4.537827777165354,1.5625,3
-0.0006103550234375001,0.372224264696496,5.373993258267715,1.5625,3
0.008058858890624992,0.40455640024850176,5.2588891559055115,1.5625,3
0.007037403312499996,0.3938799155088159,5.331631496062991,1.5625,3
0.019600474812499998,0.35065577224432426,5.099414110236219,2.734375,3
0.021279015328124998,0.34505196274161637,4.309203078740158,1.5625,3
-0.0006545567968750023,0.3704700986414961,4.576301307086615,1.5625,3
-0.0144325409375,0.37636672066828913,4.760455149606299,1.5625,3
0.0006139292578125049,0.3520667691612873,4.721920370078741,1.5625,3
0.011356915070312498,0.34857894521246513,4.72365431496063,1.5625,3
-0.005900750624999999,0.4473262627193381,6.038266606299212,1.5625,3
-0.004926320859375001,0.43408199616460413,5.795958015748032,1.5625,3
0.024593524843749996,0.3892794650379446,5.423584590551181,1.5625,3
0.0311128414765625,0.3739051902189636,5.156316425196851,2.734375,3
0.0008962491328124997,0.3456968456842822,4.4514705118110225,1.5625,3
-0.06241327359375,0.3086713472790686,4.912442141732284,1.5625,3
-0.034050138984375,0.3436914266084565,5.33023861417323,1.5625,3
0.043960353609374996,0.3695363243769958,4.913755968503936,1.5625,3
0.034404215640625,0.34889746867356936,4.90980531496063,1.171875,3
0.009611624671875,0.3670835114510353,5.01973025984252,1.5625,3
-0.039088169796875,0.2545518721345538,2.9493622125984253,1.5625,2
-0.012593187281249996,0.26737080501867716,3.008817539370079,1.5625,2
0.005340457515625,0.2632775652834956,3.1542268897637795,1.5625,2
0.01615664834375,0.2516258909831706,3.2935389200787397,1.171875,2
0.013186409539062496,0.2516907625820673,3.1976432952755904,1.5625,2
-0.017044762765625002,0.24470949932491334,2.8742948047244097,1.5625,2
-0.017311556937500003,0.23250163426825812,2.8368981236220474,1.5625,2
0.015885485537500004,0.23303763080888157,2.8225244488188976,1.5625,2
0.023101242146875,0.2286669073344281,2.9442438188976374,1.5625,2
0.005883869695312495,0.23229998195096188,3.0184418370078734,1.5625,2
-0.018274816232031248,0.21298043745259923,2.356245125748031,1.171875,2
-0.01273302310625,0.20020175381229596,2.263570523897638,1.5625,2
0.026832480396093747,0.22107085448390507,2.783065724409448,1.171875,2
-0.003564586515625001,0.2179338901785992,2.7290699055118113,1.171875,2
-0.030811464085937493,0.23432384998558042,2.8168074059055117,1.171875,2
0.00017282307031250051,0.25094289717820584,2.9758082362204723,1.5625,2
0.013844793226562502,0.2369030180920703,3.094825067716536,1.5625,2
0.01011258461640625,0.23292558959733983,3.0007310708661414,1.171875,2
-0.011188731008593748,0.2233818491632649,2.605363367716536,1.171875,2
0.017762643578125,0.21102980353257952,2.6972276480314954,1.171875,2
-0.0002965741562500025,0.25035148658091777,3.0796949062992125,1.171875,2
0.003432150687499999,0.2504807963220045,3.175704193700787,1.5625,2
-0.011616749445312501,0.26777635303656755,3.7125269133858265,1.5625,2
-0.014366927577343754,0.24583270137684116,3.2062922716535422,1.5625,2
-0.008162709952343751,0.2541855019492661,3.347317232283465,1.5625,2
0.0045522372421875,0.26181097794649916,3.602249385826772,1.5625,2
-0.000767249976562509,0.24889097358789322,3.449804905511811,1.5625,2
-0.0008631491093750027,0.25442194005684277,3.725176827559055,1.5625,2
0.0024891254062500024,0.2541237939295912,3.351312593700787,1.5625,2
0.0152350775625,0.23789984612763954,3.27902034488189,1.5625,2
